#
# A fatal error has been detected by the Java Runtime Environment:
#
#  EXCEPTION_ACCESS_VIOLATION (0xc0000005) at pc=0x00007fffbeb51c01, pid=15712, tid=19928
#
# JRE version: OpenJDK Runtime Environment JBR-21.0.4+13-509.17-jcef (21.0.4+13) (build 21.0.4+13-b509.17)
# Java VM: OpenJDK 64-Bit Server VM JBR-21.0.4+13-509.17-jcef (21.0.4+13-b509.17, mixed mode, tiered, compressed oops, compressed class ptrs, g1 gc, windows-amd64)
# Problematic frame:
# C  [awt.dll+0xe1c01]
#
# No core dump will be written. Minidumps are not enabled by default on client versions of Windows
#
# If you would like to submit a bug report, please visit:
#   https://youtrack.jetbrains.com/issues/JBR
# The crash happened outside the Java Virtual Machine in native code.
# See problematic frame for where to report the bug.
#

---------------  S U M M A R Y ------------

Command Line: abort vfprintf -XX:ErrorFile=C:\Users\VadimPC\java_error_in_rider_%p.log -XX:HeapDumpPath=C:\Users\VadimPC\java_error_in_rider.hprof -Xms128m -Xmx2048m -XX:+HeapDumpOnOutOfMemoryError -XX:-OmitStackTraceInFastThrow -XX:+IgnoreUnrecognizedVMOptions -ea -Dsun.io.useCanonCaches=false -Dsun.java2d.metal=true -Djbr.catch.SIGABRT=true -Djdk.http.auth.tunneling.disabledSchemes="" -Djdk.attach.allowAttachSelf=true -Djdk.module.illegalAccess.silent=true -Dkotlinx.coroutines.debug=off -XX:CICompilerCount=2 -XX:ReservedCodeCacheSize=512m -XX:+UnlockDiagnosticVMOptions -XX:TieredOldPercentage=100000 -javaagent:c:\jetbra\ja-netfilter.jar=jetbrains --add-opens=java.base/jdk.internal.org.objectweb.asm=ALL-UNNAMED --add-opens=java.base/jdk.internal.org.objectweb.asm.tree=ALL-UNNAMED -Xms128m -Xmx3981m -XX:ReservedCodeCacheSize=512m -XX:+IgnoreUnrecognizedVMOptions -XX:+UseG1GC -XX:SoftRefLRUPolicyMSPerMB=50 -XX:CICompilerCount=2 -XX:+HeapDumpOnOutOfMemoryError -XX:-OmitStackTraceInFastThrow -ea -Dsun.io.useCanonCaches=false -Djdk.http.auth.tunneling.disabledSchemes="" -Djdk.attach.allowAttachSelf=true -Djdk.module.illegalAccess.silent=true -Dkotlinx.coroutines.debug=off -XX:ErrorFile=$USER_HOME/java_error_in_idea_%p.log -XX:HeapDumpPath=$USER_HOME/java_error_in_idea.hprof --add-opens=java.base/jdk.internal.org.objectweb.asm=ALL-UNNAMED --add-opens=java.base/jdk.internal.org.objectweb.asm.tree=ALL-UNNAMED -javaagent:D:\Program Files\Rider\jetbra\jetbra\ja-netfilter.jar=jetbrains -Djb.vmOptionsFile=D:\Program Files\Rider\jetbra\jetbra\vmoptions\rider.vmoptions -Djava.system.class.loader=com.intellij.util.lang.PathClassLoader -Didea.vendor.name=JetBrains -Didea.paths.selector=Rider2024.2 -Djna.boot.library.path=C:\Program Files\JetBrains\JetBrains Rider 2024.2.6/lib/jna/amd64 -Dpty4j.preferred.native.folder=C:\Program Files\JetBrains\JetBrains Rider 2024.2.6/lib/pty4j -Djna.nosys=true -Djna.noclasspath=true -Dintellij.platform.runtime.repository.path=C:\Program Files\JetBrains\JetBrains Rider 2024.2.6/modules/module-descriptors.jar -Didea.platform.prefix=Rider -Dide.native.launcher=true -Didea.class.before.app=com.jetbrains.rider.protocol.EarlyBackendStarter -Didea.show.customize.ide.wizard=true -DFilePageCache.THROW_ERROR_ON_DUPLICATE_STORAGE_REGISTRATION=false -Dsplash=true -Daether.connector.resumeDownloads=false --add-opens=java.base/java.io=ALL-UNNAMED --add-opens=java.base/java.lang=ALL-UNNAMED --add-opens=java.base/java.lang.ref=ALL-UNNAMED --add-opens=java.base/java.lang.reflect=ALL-UNNAMED --add-opens=java.base/java.net=ALL-UNNAMED --add-opens=java.base/java.nio=ALL-UNNAMED --add-opens=java.base/java.nio.charset=ALL-UNNAMED --add-opens=java.base/java.text=ALL-UNNAMED --add-opens=java.base/java.time=ALL-UNNAMED --add-opens=java.base/java.util=ALL-UNNAMED --add-opens=java.base/java.util.concurrent=ALL-UNNAMED --add-opens=java.base/java.util.concurrent.atomic=ALL-UNNAMED --add-opens=java.base/java.util.concurrent.locks=ALL-UNNAMED --add-opens=java.base/jdk.internal.vm=ALL-UNNAMED --add-opens=java.base/sun.net.dns=ALL-UNNAMED --add-opens=java.base/sun.nio.ch=ALL-UNNAMED --add-opens=java.base/sun.nio.fs=ALL-UNNAMED --add-opens=java.base/sun.security.ssl=ALL-UNNAMED --add-opens=java.base/sun.security.util=ALL-UNNAMED --add-opens=java.desktop/com.sun.java.swing=ALL-UNNAMED --add-opens=java.desktop/java.awt=ALL-UNNAMED --add-opens=java.desktop/java.awt.dnd.peer=ALL-UNNAMED --add-opens=java.desktop/java.awt.event=ALL-UNNAMED --add-opens=java.desktop/java.awt.font=ALL-UNNAMED --add-opens=java.desktop/java.awt.image=ALL-UNNAMED --add-opens=java.desktop/java.awt.peer=ALL-UNNAMED --add-opens=java.desktop/javax.swing=ALL-UNNAMED --add-opens=java.desktop/javax.swing.plaf.basic=ALL-UNNAMED --add-opens=java.desktop/javax.swing.text=ALL-UNNAMED --add-opens=java.desktop/javax.swing.text.html=ALL-UNNAMED --add-opens=java.desktop/sun.awt=ALL-UNNAMED --add-opens=java.desktop/sun.awt.datatransfer=ALL-UNNAMED --add-opens=java.desktop/sun.awt.image=ALL-UNNAMED --add-opens=java.desktop/sun.awt.windows=ALL-UNNAMED --add-opens=java.desktop/sun.font=ALL-UNNAMED --add-opens=java.desktop/sun.java2d=ALL-UNNAMED --add-opens=java.desktop/sun.swing=ALL-UNNAMED --add-opens=java.management/sun.management=ALL-UNNAMED --add-opens=jdk.attach/sun.tools.attach=ALL-UNNAMED --add-opens=jdk.compiler/com.sun.tools.javac.api=ALL-UNNAMED --add-opens=jdk.internal.jvmstat/sun.jvmstat.monitor=ALL-UNNAMED --add-opens=jdk.jdi/com.sun.tools.jdi=ALL-UNNAMED -Dide.native.launcher=true -Djcef.sandbox.ptr=000001BDE3296E90 -Djcef.sandbox.cefVersion=122.1.9+gd14e051+chromium-122.0.6261.94 com.intellij.idea.Main D:\Repository\Restoran3.0\Restoran3.0.sln --line -1 --column -1 D:\Repository\Restoran3.0\Assets\Scripts\ItemContent\ItemContainer.cs

Host: AMD Ryzen 7 7700 8-Core Processor              , 16 cores, 31G,  Windows 11 , 64 bit Build 22621 (10.0.22621.5124)
Time: Fri May 16 14:22:02 2025 RTZ 3 (s 11 , 64 bit Build 22621 (10.0.22621.5124) elapsed time: 11705.296689 seconds (0d 3h 15m 5s)

---------------  T H R E A D  ---------------

Current thread (0x000001bdbffe66e0):  JavaThread "AWT-Windows" daemon [_thread_in_native, id=19928, stack(0x0000001d94200000,0x0000001d94300000) (1024K)]

Stack: [0x0000001d94200000,0x0000001d94300000],  sp=0x0000001d942fe6e0,  free space=1017k
Native frames: (J=compiled Java code, j=interpreted, Vv=VM code, C=native code)
C  [awt.dll+0xe1c01]

Java frames: (J=compiled Java code, j=interpreted, Vv=VM code)
j  sun.awt.windows.WToolkit.eventLoop()V+0 java.desktop
j  sun.awt.windows.WToolkit.run()V+50 java.desktop
j  java.lang.Thread.runWith(Ljava/lang/Object;Ljava/lang/Runnable;)V+5 java.base@21.0.4
j  java.lang.Thread.run()V+19 java.base@21.0.4
v  ~StubRoutines::call_stub 0x000001bd8fd310e7

siginfo: EXCEPTION_ACCESS_VIOLATION (0xc0000005), reading address 0x0000000000000008


Registers:
RAX=0x0000000000000000, RBX=0x000001bdf12f7eb0, RCX=0x0000000000000000, RDX=0x0000000000000000
RSP=0x0000001d942fe6e0, RBP=0x0000001d942fe7e9, RSI=0xffffffffef011a03, RDI=0x0000000000000000
R8 =0x0000000000000001, R9 =0x0000000000000000, R10=0x0000000000000000, R11=0x0000000000000246
R12=0x0000000000000000, R13=0x0000000000000310, R14=0x0000000000000000, R15=0x0000000000000000
RIP=0x00007fffbeb51c01, EFLAGS=0x0000000000010246


Register to memory mapping:

RAX=0x0 is null
RBX=0x000001bdf12f7eb0 points into unknown readable memory: 0x000001be85b83e50 | 50 3e b8 85 be 01 00 00
RCX=0x0 is null
RDX=0x0 is null
RSP=0x0000001d942fe6e0 is pointing into the stack for thread: 0x000001bdbffe66e0
RBP=0x0000001d942fe7e9 is pointing into the stack for thread: 0x000001bdbffe66e0
RSI=0xffffffffef011a03 is an unknown value
RDI=0x0 is null
R8 =0x0000000000000001 is an unknown value
R9 =0x0 is null
R10=0x0 is null
R11=0x0000000000000246 is an unknown value
R12=0x0 is null
R13=0x0000000000000310 is an unknown value
R14=0x0 is null
R15=0x0 is null

Top of Stack: (sp=0x0000001d942fe6e0)
0x0000001d942fe6e0:   00007fffbebb7838 ffffffffef011a03
0x0000001d942fe6f0:   00005949a6994974 00007fffbeb09be0
0x0000001d942fe700:   0000000000000000 00007fffbeb0954c
0x0000001d942fe710:   ffffffffef011a03 000001be4c2a2970
0x0000001d942fe720:   000001bdf12f7eb0 000001be4c2a2970
0x0000001d942fe730:   000001be4c2a2970 00007fffbeb095f6
0x0000001d942fe740:   00007fffbea70000 0000000000000000
0x0000001d942fe750:   000000000000c2ae 0000000000000000
0x0000001d942fe760:   000001be4c2a2970 00007fffbeb06746
0x0000001d942fe770:   0000000000000000 0000000000000000
0x0000001d942fe780:   0000001d942fe850 0000001d942fe854
0x0000001d942fe790:   0000000000000001 000001be32ea6f10
0x0000001d942fe7a0:   00007fffbeb09be0 0000000000000000
0x0000001d942fe7b0:   0000000000000000 000000000000002f
0x0000001d942fe7c0:   0000000000000000 0000001d942fe850
0x0000001d942fe7d0:   0000001d942fe854 0000001d942fe858
0x0000001d942fe7e0:   000001bdbffe6a98 000001be4c2a2a10
0x0000001d942fe7f0:   0000000000000000 0000000000000000
0x0000001d942fe800:   00005949a6994be4 00007ff84988d69a
0x0000001d942fe810:   0000000000000000 000001be4c2a2970
0x0000001d942fe820:   0000000000000000 0000000000000310
0x0000001d942fe830:   0000000000000000 0000000000000000
0x0000001d942fe840:   000001be4c2a2970 00007fffbeb573db
0x0000001d942fe850:   00005191cc291abb 0000000000000000
0x0000001d942fe860:   0000000000000022 0000000000050aca
0x0000001d942fe870:   0000000000000000 0000000000000000
0x0000001d942fe880:   0000000000000000 00007ff85dfe9106
0x0000001d942fe890:   0000000000050aca 0000000000000000
0x0000001d942fe8a0:   000000000000c2ae 00007ff85e778af3
0x0000001d942fe8b0:   ffffffffffffffeb 00007ff85dfeb609
0x0000001d942fe8c0:   000001be4c2a2b90 00005949a69944c4
0x0000001d942fe8d0:   0000000080000022 0000000000000000 

Instructions: (pc=0x00007fffbeb51c01)
0x00007fffbeb51b01:   83 ec 28 66 0f 6e c2 0f 5b c0 f3 0f 59 41 48 0f
0x00007fffbeb51b11:   5a c8 f2 0f 10 05 e5 9b 03 00 f2 0f 5c 0d 15 81
0x00007fffbeb51b21:   01 00 66 0f 2f c1 76 0a b8 00 00 00 80 48 83 c4
0x00007fffbeb51b31:   28 c3 66 0f 2f 0d d5 cf 02 00 76 0a b8 ff ff ff
0x00007fffbeb51b41:   7f 48 83 c4 28 c3 0f 28 c1 e8 35 43 01 00 f2 0f
0x00007fffbeb51b51:   2c c0 48 83 c4 28 c3 cc cc cc cc cc cc cc cc 48
0x00007fffbeb51b61:   83 ec 28 66 0f 6e c2 0f 5b c0 f3 0f 59 41 4c 0f
0x00007fffbeb51b71:   5a c8 f2 0f 10 05 85 9b 03 00 f2 0f 5c 0d b5 80
0x00007fffbeb51b81:   01 00 66 0f 2f c1 76 0a b8 00 00 00 80 48 83 c4
0x00007fffbeb51b91:   28 c3 66 0f 2f 0d 75 cf 02 00 76 0a b8 ff ff ff
0x00007fffbeb51ba1:   7f 48 83 c4 28 c3 0f 28 c1 e8 d5 42 01 00 f2 0f
0x00007fffbeb51bb1:   2c c0 48 83 c4 28 c3 cc cc cc cc cc cc cc cc 48
0x00007fffbeb51bc1:   8b 49 08 48 85 c9 0f 85 23 7c fe ff 33 c0 c3 48
0x00007fffbeb51bd1:   89 5c 24 08 48 89 74 24 10 57 48 83 ec 20 8b fa
0x00007fffbeb51be1:   48 8b f1 e8 77 66 f4 ff 48 8b d8 48 89 44 24 40
0x00007fffbeb51bf1:   41 b8 01 00 00 00 8b d7 48 8b c8 e8 df 65 f4 ff
0x00007fffbeb51c01:   48 8b 48 08 48 85 c9 74 0d 48 8b d6 e8 de 7b fe
0x00007fffbeb51c11:   ff 48 8b f8 eb 02 33 ff 48 8b cb e8 ff 67 f4 ff
0x00007fffbeb51c21:   90 48 8b c7 48 8b 5c 24 30 48 8b 74 24 38 48 83
0x00007fffbeb51c31:   c4 20 5f c3 cc cc cc cc cc cc cc cc cc cc cc 48
0x00007fffbeb51c41:   8b 01 89 10 c3 cc cc cc cc cc cc cc cc cc cc 40
0x00007fffbeb51c51:   57 48 83 ec 40 48 83 79 38 00 48 8b f9 0f 84 96
0x00007fffbeb51c61:   01 00 00 48 8b 0d 4d 26 07 00 ba 02 00 01 00 48
0x00007fffbeb51c71:   89 5c 24 58 48 89 74 24 68 e8 29 2a 01 00 4c 8b
0x00007fffbeb51c81:   05 92 2b 07 00 48 8b c8 48 8b 57 38 48 8b d8 4c
0x00007fffbeb51c91:   8b 08 41 ff 91 f8 02 00 00 48 8b f0 48 85 c0 0f
0x00007fffbeb51ca1:   84 4a 01 00 00 4c 8b 0b 48 8b d0 4c 8b 05 55 2b
0x00007fffbeb51cb1:   07 00 48 8b cb 41 ff 91 00 01 00 00 84 c0 0f 84
0x00007fffbeb51cc1:   2b 01 00 00 48 8b 7f 08 48 8b d6 48 8b 03 48 8b
0x00007fffbeb51cd1:   cb 4c 8b 05 47 2b 07 00 48 81 c7 00 04 00 00 48
0x00007fffbeb51ce1:   89 6c 24 60 4c 89 64 24 38 ff 90 f8 02 00 00 4c
0x00007fffbeb51cf1:   8b 0b 48 8b d6 4c 8b 05 2b 2b 07 00 48 8b cb 4c 


Stack slot to memory mapping:

stack at sp + 0 slots: 0x00007fffbebb7838 awt.dll
stack at sp + 1 slots: 0xffffffffef011a03 is an unknown value
stack at sp + 2 slots: 0x00005949a6994974 is an unknown value
stack at sp + 3 slots: 0x00007fffbeb09be0 awt.dll
stack at sp + 4 slots: 0x0 is null
stack at sp + 5 slots: 0x00007fffbeb0954c awt.dll
stack at sp + 6 slots: 0xffffffffef011a03 is an unknown value
stack at sp + 7 slots: 0x000001be4c2a2970 points into unknown readable memory: 0x00007fffbeb87240 | 40 72 b8 be ff 7f 00 00


---------------  P R O C E S S  ---------------

Threads class SMR info:
_java_thread_list=0x000001be84c35260, length=71, elements={
0x000001bde32b4f30, 0x000001bdf21fe7b0, 0x000001bdf225a8f0, 0x000001bdf2286950,
0x000001bdf2265b90, 0x000001bdf226b750, 0x000001bdf226c2e0, 0x000001bdf22706a0,
0x000001bdf2271140, 0x000001bdf137dea0, 0x000001bdbfb57d00, 0x000001bdbfceb4a0,
0x000001bdbffe8e40, 0x000001bdbffe7a90, 0x000001bdbffe66e0, 0x000001bdbffe3f80,
0x000001bdbffe4ca0, 0x000001bdbffe8120, 0x000001bdc05f75e0, 0x000001bdc05f8300,
0x000001bdbffe6050, 0x000001bdc2b49510, 0x000001bdc2b432a0, 0x000001bdc2b42580,
0x000001bdc2b48e80, 0x000001bdc3222450, 0x000001bdc3221730, 0x000001bdc2133b30,
0x000001bdc2134ee0, 0x000001be20c78ec0, 0x000001be22d4c790, 0x000001be2304d060,
0x000001be23056de0, 0x000001be23057b00, 0x000001bdc1f56e60, 0x000001be4b92fd80,
0x000001be4c543b10, 0x000001be4b935960, 0x000001be4ff02010, 0x000001be4ff00c60,
0x000001be4ef62d80, 0x000001be626f25d0, 0x000001be646493a0, 0x000001be66d68680,
0x000001be7193a0c0, 0x000001be71948670, 0x000001be7568ce60, 0x000001be7568ef30,
0x000001be756a02d0, 0x000001be85256920, 0x000001be84b74620, 0x000001be8619f460,
0x000001be84b74cb0, 0x000001be852778e0, 0x000001be85256fb0, 0x000001be85255c00,
0x000001be20ea82e0, 0x000001be84047580, 0x000001be85a86150, 0x000001be824a9d90,
0x000001be824aaab0, 0x000001be83e39030, 0x000001be85a86e70, 0x000001be82b3ed00,
0x000001be85a87500, 0x000001be851db9a0, 0x000001be85a87b90, 0x000001be851dc030,
0x000001be851dc6c0, 0x000001be84370130, 0x000001be8436e060
}

Java Threads: ( => current thread )
  0x000001bde32b4f30 JavaThread "main"                              [_thread_blocked, id=25148, stack(0x0000001d91800000,0x0000001d91a00000) (2048K)]
  0x000001bdf21fe7b0 JavaThread "Reference Handler"          daemon [_thread_blocked, id=23604, stack(0x0000001d92100000,0x0000001d92200000) (1024K)]
  0x000001bdf225a8f0 JavaThread "Finalizer"                  daemon [_thread_blocked, id=23916, stack(0x0000001d92200000,0x0000001d92300000) (1024K)]
  0x000001bdf2286950 JavaThread "Signal Dispatcher"          daemon [_thread_blocked, id=21628, stack(0x0000001d92300000,0x0000001d92400000) (1024K)]
  0x000001bdf2265b90 JavaThread "Attach Listener"            daemon [_thread_blocked, id=15888, stack(0x0000001d92400000,0x0000001d92500000) (1024K)]
  0x000001bdf226b750 JavaThread "Service Thread"             daemon [_thread_blocked, id=19612, stack(0x0000001d92500000,0x0000001d92600000) (1024K)]
  0x000001bdf226c2e0 JavaThread "Monitor Deflation Thread"   daemon [_thread_blocked, id=24284, stack(0x0000001d92600000,0x0000001d92700000) (1024K)]
  0x000001bdf22706a0 JavaThread "C2 CompilerThread0"         daemon [_thread_blocked, id=26524, stack(0x0000001d92700000,0x0000001d92800000) (1024K)]
  0x000001bdf2271140 JavaThread "C1 CompilerThread0"         daemon [_thread_blocked, id=16568, stack(0x0000001d92800000,0x0000001d92900000) (1024K)]
  0x000001bdf137dea0 JavaThread "Common-Cleaner"             daemon [_thread_blocked, id=23756, stack(0x0000001d92900000,0x0000001d92a00000) (1024K)]
  0x000001bdbfb57d00 JavaThread "Notification Thread"        daemon [_thread_blocked, id=21776, stack(0x0000001d92f00000,0x0000001d93000000) (1024K)]
  0x000001bdbfceb4a0 JavaThread "DefaultDispatcher-worker-12" daemon [_thread_blocked, id=21952, stack(0x0000001d93b00000,0x0000001d93c00000) (1024K)]
  0x000001bdbffe8e40 JavaThread "Java2D Disposer"            daemon [_thread_blocked, id=22704, stack(0x0000001d94000000,0x0000001d94100000) (1024K)]
  0x000001bdbffe7a90 JavaThread "AWT-Shutdown"                      [_thread_blocked, id=25216, stack(0x0000001d94100000,0x0000001d94200000) (1024K)]
=>0x000001bdbffe66e0 JavaThread "AWT-Windows"                daemon [_thread_in_native, id=19928, stack(0x0000001d94200000,0x0000001d94300000) (1024K)]
  0x000001bdbffe3f80 JavaThread "AWT-EventQueue-0"                  [_thread_in_native, id=21968, stack(0x0000001d94a00000,0x0000001d94b00000) (1024K)]
  0x000001bdbffe4ca0 JavaThread "External Command Listener"  daemon [_thread_in_native, id=5416, stack(0x0000001d94b00000,0x0000001d94c00000) (1024K)]
  0x000001bdbffe8120 JavaThread "kotlinx.coroutines.DefaultExecutor" daemon [_thread_blocked, id=25044, stack(0x0000001d94c00000,0x0000001d94d00000) (1024K)]
  0x000001bdc05f75e0 JavaThread "EarlyStartServerWire/Sender" daemon [_thread_blocked, id=20456, stack(0x0000001d94e00000,0x0000001d94f00000) (1024K)]
  0x000001bdc05f8300 JavaThread "EarlyStartServerWire"       daemon [_thread_in_native, id=3144, stack(0x0000001d94f00000,0x0000001d95000000) (1024K)]
  0x000001bdbffe6050 JavaThread "SerializersBackgroundRegistrar" daemon [_thread_blocked, id=17020, stack(0x0000001d95000000,0x0000001d95100000) (1024K)]
  0x000001bdc2b49510 JavaThread "Program"                           [_thread_in_native, id=18272, stack(0x0000001d95500000,0x0000001d95600000) (1024K)]
  0x000001bdc2b432a0 JavaThread "BaseDataReader: output stream of Program"        [_thread_in_native, id=8020, stack(0x0000001d95600000,0x0000001d95700000) (1024K)]
  0x000001bdc2b42580 JavaThread "BaseDataReader: error stream of Program"        [_thread_in_native, id=23656, stack(0x0000001d95700000,0x0000001d95800000) (1024K)]
  0x000001bdc2b48e80 JavaThread "PeriodicMetricReader"       daemon [_thread_blocked, id=25444, stack(0x0000001d95800000,0x0000001d95900000) (1024K)]
  0x000001bdc3222450 JavaThread "Coroutines Debugger Cleaner" daemon [_thread_blocked, id=24264, stack(0x0000001d95e00000,0x0000001d95f00000) (1024K)]
  0x000001bdc3221730 JavaThread "JVMResponsivenessMonitor"   daemon [_thread_blocked, id=25380, stack(0x0000001d95f00000,0x0000001d96000000) (1024K)]
  0x000001bdc2133b30 JavaThread "pool-4-thread-1"                   [_thread_blocked, id=26112, stack(0x0000001d96000000,0x0000001d96100000) (1024K)]
  0x000001bdc2134ee0 JavaThread "BackgroundScheduler"        daemon [_thread_blocked, id=18328, stack(0x0000001d96100000,0x0000001d96200000) (1024K)]
  0x000001be20c78ec0 JavaThread "Periodic tasks thread"      daemon [_thread_blocked, id=380, stack(0x0000001d96200000,0x0000001d96300000) (1024K)]
  0x000001be22d4c790 JavaThread "JNA Cleaner"                daemon [_thread_blocked, id=8336, stack(0x0000001d96400000,0x0000001d96500000) (1024K)]
  0x000001be2304d060 JavaThread "Netty Builtin Server 1"     daemon [_thread_in_native, id=22468, stack(0x0000001d96500000,0x0000001d96600000) (1024K)]
  0x000001be23056de0 JavaThread "fsnotifier.exe"                    [_thread_in_native, id=25580, stack(0x0000001d96800000,0x0000001d96900000) (1024K)]
  0x000001be23057b00 JavaThread "BaseDataReader: output stream of fsnotifier.exe"        [_thread_in_native, id=21736, stack(0x0000001d96900000,0x0000001d96a00000) (1024K)]
  0x000001bdc1f56e60 JavaThread "BaseDataReader: error stream of fsnotifier.exe"        [_thread_in_native, id=26176, stack(0x0000001d96a00000,0x0000001d96b00000) (1024K)]
  0x000001be4b92fd80 JavaThread "copilot-language-server.exe"        [_thread_in_native, id=26300, stack(0x0000001d96b00000,0x0000001d96c00000) (1024K)]
  0x000001be4c543b10 JavaThread "TimerQueue"                 daemon [_thread_blocked, id=22424, stack(0x0000001d96c00000,0x0000001d96d00000) (1024K)]
  0x000001be4b935960 JavaThread "Jndi-Dns-address-change-listener" daemon [_thread_in_native, id=22752, stack(0x0000001d96f00000,0x0000001d97000000) (1024K)]
  0x000001be4ff02010 JavaThread "BaseDataReader: output stream of copilot-language-server.exe"        [_thread_in_native, id=18460, stack(0x0000001d98000000,0x0000001d98100000) (1024K)]
  0x000001be4ff00c60 JavaThread "GitHub Copilot agent"       daemon [_thread_blocked, id=19588, stack(0x0000001d98100000,0x0000001d98200000) (1024K)]
  0x000001be4ef62d80 JavaThread "BaseDataReader: error stream of copilot-language-server.exe"        [_thread_in_native, id=26116, stack(0x0000001d98200000,0x0000001d98300000) (1024K)]
  0x000001be626f25d0 JavaThread "rd throttler"               daemon [_thread_blocked, id=24104, stack(0x0000001d98900000,0x0000001d98a00000) (1024K)]
  0x000001be646493a0 JavaThread "WorkspaceModelUpdater"      daemon [_thread_blocked, id=26272, stack(0x0000001d98a00000,0x0000001d98b00000) (1024K)]
  0x000001be66d68680 JavaThread "Windows Shell integration"  daemon [_thread_blocked, id=4940, stack(0x0000001d98e00000,0x0000001d98f00000) (1024K)]
  0x000001be7193a0c0 JavaThread "DefaultDispatcher-worker-1" daemon [_thread_blocked, id=27164, stack(0x0000001d9d200000,0x0000001d9d300000) (1024K)]
  0x000001be71948670 JavaThread "DefaultDispatcher-worker-15" daemon [_thread_blocked, id=27308, stack(0x0000001d9e400000,0x0000001d9e500000) (1024K)]
  0x000001be7568ce60 JavaThread "ProtocolInstanceWatcher"           [_thread_blocked, id=27668, stack(0x0000001d9ec00000,0x0000001d9ed00000) (1024K)]
  0x000001be7568ef30 JavaThread "FileSystemWatchService"     daemon [_thread_in_native, id=27672, stack(0x0000001d9ed00000,0x0000001d9ee00000) (1024K)]
  0x000001be756a02d0 JavaThread "TodoBrowserHostScheduler"   daemon [_thread_blocked, id=29124, stack(0x0000001d91500000,0x0000001d91600000) (1024K)]
  0x000001be85256920 JavaThread "DefaultDispatcher-worker-3" daemon [_thread_blocked, id=44304, stack(0x0000001d98500000,0x0000001d98600000) (1024K)]
  0x000001be84b74620 JavaThread "DefaultDispatcher-worker-14" daemon [_thread_blocked, id=50540, stack(0x0000001d97900000,0x0000001d97a00000) (1024K)]
  0x000001be8619f460 JavaThread "DefaultDispatcher-worker-13" daemon [_thread_blocked, id=50508, stack(0x0000001d97d00000,0x0000001d97e00000) (1024K)]
  0x000001be84b74cb0 JavaThread "DefaultDispatcher-worker-5" daemon [_thread_blocked, id=50568, stack(0x0000001d97e00000,0x0000001d97f00000) (1024K)]
  0x000001be852778e0 JavaThread "DefaultDispatcher-worker-17" daemon [_thread_blocked, id=53060, stack(0x0000001d93200000,0x0000001d93300000) (1024K)]
  0x000001be85256fb0 JavaThread "DefaultDispatcher-worker-9" daemon [_thread_blocked, id=46308, stack(0x0000001d97c00000,0x0000001d97d00000) (1024K)]
  0x000001be85255c00 JavaThread "DefaultDispatcher-worker-20" daemon [_thread_blocked, id=49388, stack(0x0000001d98800000,0x0000001d98900000) (1024K)]
  0x000001be20ea82e0 JavaThread "DefaultDispatcher-worker-18" daemon [_thread_blocked, id=51616, stack(0x0000001d93a00000,0x0000001d93b00000) (1024K)]
  0x000001be84047580 JavaThread "DefaultDispatcher-worker-19" daemon [_thread_blocked, id=11516, stack(0x0000001d95900000,0x0000001d95a00000) (1024K)]
  0x000001be85a86150 JavaThread "DefaultDispatcher-worker-6" daemon [_thread_blocked, id=51944, stack(0x0000001d95d00000,0x0000001d95e00000) (1024K)]
  0x000001be824a9d90 JavaThread "DefaultDispatcher-worker-16" daemon [_thread_blocked, id=57300, stack(0x0000001d91700000,0x0000001d91800000) (1024K)]
  0x000001be824aaab0 JavaThread "DefaultDispatcher-worker-10" daemon [_thread_blocked, id=54536, stack(0x0000001d93500000,0x0000001d93600000) (1024K)]
  0x000001be83e39030 JavaThread "DefaultDispatcher-worker-4" daemon [_thread_blocked, id=49544, stack(0x0000001d93600000,0x0000001d93700000) (1024K)]
  0x000001be85a86e70 JavaThread "ApplicationImpl pooled thread 197"        [_thread_blocked, id=60816, stack(0x0000001d93300000,0x0000001d93400000) (1024K)]
  0x000001be82b3ed00 JavaThread "ApplicationImpl pooled thread 198"        [_thread_blocked, id=59776, stack(0x0000001d93000000,0x0000001d93100000) (1024K)]
  0x000001be85a87500 JavaThread "DefaultDispatcher-worker-21" daemon [_thread_blocked, id=60144, stack(0x0000001d93400000,0x0000001d93500000) (1024K)]
  0x000001be851db9a0 JavaThread "DefaultDispatcher-worker-7" daemon [_thread_blocked, id=60700, stack(0x0000001d93700000,0x0000001d93800000) (1024K)]
  0x000001be85a87b90 JavaThread "DefaultDispatcher-worker-2" daemon [_thread_blocked, id=60948, stack(0x0000001d93800000,0x0000001d93900000) (1024K)]
  0x000001be851dc030 JavaThread "DefaultDispatcher-worker-11" daemon [_thread_blocked, id=60352, stack(0x0000001d93900000,0x0000001d93a00000) (1024K)]
  0x000001be851dc6c0 JavaThread "DefaultDispatcher-worker-8" daemon [_thread_blocked, id=60796, stack(0x0000001d93c00000,0x0000001d93d00000) (1024K)]
  0x000001be84370130 JavaThread "ApplicationImpl pooled thread 200"        [_thread_blocked, id=59216, stack(0x0000001d93100000,0x0000001d93200000) (1024K)]
  0x000001be8436e060 JavaThread "ApplicationImpl pooled thread 201"        [_thread_blocked, id=62716, stack(0x0000001d93d00000,0x0000001d93e00000) (1024K)]
Total: 71

Other Threads:
  0x000001bdf2218b50 VMThread "VM Thread"                           [id=9408, stack(0x0000001d92000000,0x0000001d92100000) (1024K)]
  0x000001bdf137d3a0 WatcherThread "VM Periodic Task Thread"        [id=26092, stack(0x0000001d91f00000,0x0000001d92000000) (1024K)]
  0x000001bde5800180 WorkerThread "GC Thread#0"                     [id=22224, stack(0x0000001d91a00000,0x0000001d91b00000) (1024K)]
  0x000001bdf28c5ee0 WorkerThread "GC Thread#1"                     [id=3148, stack(0x0000001d92a00000,0x0000001d92b00000) (1024K)]
  0x000001bdf28d9180 WorkerThread "GC Thread#2"                     [id=26280, stack(0x0000001d92b00000,0x0000001d92c00000) (1024K)]
  0x000001bdf25987a0 WorkerThread "GC Thread#3"                     [id=26196, stack(0x0000001d92c00000,0x0000001d92d00000) (1024K)]
  0x000001bdf2598b40 WorkerThread "GC Thread#4"                     [id=23164, stack(0x0000001d92d00000,0x0000001d92e00000) (1024K)]
  0x000001bdf2598ee0 WorkerThread "GC Thread#5"                     [id=25472, stack(0x0000001d92e00000,0x0000001d92f00000) (1024K)]
  0x000001bdbffad540 WorkerThread "GC Thread#6"                     [id=21676, stack(0x0000001d94300000,0x0000001d94400000) (1024K)]
  0x000001bdbffad8e0 WorkerThread "GC Thread#7"                     [id=7080, stack(0x0000001d94400000,0x0000001d94500000) (1024K)]
  0x000001bdbffaca60 WorkerThread "GC Thread#8"                     [id=19232, stack(0x0000001d94500000,0x0000001d94600000) (1024K)]
  0x000001bdc060d830 WorkerThread "GC Thread#9"                     [id=24316, stack(0x0000001d94600000,0x0000001d94700000) (1024K)]
  0x000001bdc060dbd0 WorkerThread "GC Thread#10"                    [id=856, stack(0x0000001d94700000,0x0000001d94800000) (1024K)]
  0x000001bdc1a92c80 WorkerThread "GC Thread#11"                    [id=23148, stack(0x0000001d95100000,0x0000001d95200000) (1024K)]
  0x000001bdc1a90f80 WorkerThread "GC Thread#12"                    [id=23928, stack(0x0000001d95200000,0x0000001d95300000) (1024K)]
  0x000001bde580df10 ConcurrentGCThread "G1 Main Marker"            [id=22128, stack(0x0000001d91b00000,0x0000001d91c00000) (1024K)]
  0x000001bde335e050 WorkerThread "G1 Conc#0"                       [id=20932, stack(0x0000001d91c00000,0x0000001d91d00000) (1024K)]
  0x000001bdc060d0f0 WorkerThread "G1 Conc#1"                       [id=17332, stack(0x0000001d94800000,0x0000001d94900000) (1024K)]
  0x000001bdc060df70 WorkerThread "G1 Conc#2"                       [id=24320, stack(0x0000001d94900000,0x0000001d94a00000) (1024K)]
  0x000001bdf124f8c0 ConcurrentGCThread "G1 Refine#0"               [id=21592, stack(0x0000001d91d00000,0x0000001d91e00000) (1024K)]
  0x000001bdf12500e0 ConcurrentGCThread "G1 Service"                [id=14928, stack(0x0000001d91e00000,0x0000001d91f00000) (1024K)]
Total: 21

Threads with active compile tasks:
Total: 0

VM state: not at safepoint (normal execution)

VM Mutex/Monitor currently owned by a thread: None

Heap address: 0x0000000707200000, size: 3982 MB, Compressed Oops mode: Zero based, Oop shift amount: 3

CDS archive(s) not mapped
Compressed class space mapped at: 0x0000000800000000-0x0000000840000000, reserved size: 1073741824
Narrow klass base: 0x0000000800000000, Narrow klass shift: 0, Narrow klass range: 0x40000000

GC Precious Log:
 CardTable entry size: 512
 Card Set container configuration: InlinePtr #cards 4 size 8 Array Of Cards #cards 16 size 48 Howl #buckets 8 coarsen threshold 3686 Howl Bitmap #cards 512 size 80 coarsen threshold 460 Card regions per heap region 1 cards per card region 4096
 CPUs: 16 total, 16 available
 Memory: 31849M
 Large Page Support: Disabled
 NUMA Support: Disabled
 Compressed Oops: Enabled (Zero based)
 Heap Region Size: 2M
 Heap Min Capacity: 128M
 Heap Initial Capacity: 128M
 Heap Max Capacity: 3982M
 Pre-touch: Disabled
 Parallel Workers: 13
 Concurrent Workers: 3
 Concurrent Refinement Workers: 13
 Periodic GC: Disabled

Heap:
 garbage-first heap   total 1099776K, used 417191K [0x0000000707200000, 0x0000000800000000)
  region size 2048K, 16 young (32768K), 6 survivors (12288K)
 Metaspace       used 398624K, committed 404160K, reserved 1441792K
  class space    used 45902K, committed 48640K, reserved 1048576K

Heap Regions: E=young(eden), S=young(survivor), O=old, HS=humongous(starts), HC=humongous(continues), CS=collection set, F=free, TAMS=top-at-mark-start, PB=parsable bottom
|   0|0x0000000707200000, 0x0000000707400000, 0x0000000707400000|100%|HS|  |TAMS 0x0000000707200000| PB 0x0000000707200000| Complete 
|   1|0x0000000707400000, 0x0000000707600000, 0x0000000707600000|100%|HS|  |TAMS 0x0000000707400000| PB 0x0000000707400000| Complete 
|   2|0x0000000707600000, 0x0000000707800000, 0x0000000707800000|100%| O|  |TAMS 0x0000000707600000| PB 0x0000000707600000| Untracked 
|   3|0x0000000707800000, 0x0000000707a00000, 0x0000000707a00000|100%| O|  |TAMS 0x0000000707800000| PB 0x0000000707800000| Untracked 
|   4|0x0000000707a00000, 0x0000000707c00000, 0x0000000707c00000|100%| O|  |TAMS 0x0000000707a00000| PB 0x0000000707a00000| Untracked 
|   5|0x0000000707c00000, 0x0000000707e00000, 0x0000000707e00000|100%| O|  |TAMS 0x0000000707c00000| PB 0x0000000707c00000| Untracked 
|   6|0x0000000707e00000, 0x0000000708000000, 0x0000000708000000|100%| O|  |TAMS 0x0000000707e00000| PB 0x0000000707e00000| Untracked 
|   7|0x0000000708000000, 0x0000000708200000, 0x0000000708200000|100%| O|  |TAMS 0x0000000708000000| PB 0x0000000708000000| Untracked 
|   8|0x0000000708200000, 0x0000000708400000, 0x0000000708400000|100%| O|  |TAMS 0x0000000708200000| PB 0x0000000708200000| Untracked 
|   9|0x0000000708400000, 0x0000000708600000, 0x0000000708600000|100%| O|  |TAMS 0x0000000708400000| PB 0x0000000708400000| Untracked 
|  10|0x0000000708600000, 0x0000000708800000, 0x0000000708800000|100%| O|  |TAMS 0x0000000708600000| PB 0x0000000708600000| Untracked 
|  11|0x0000000708800000, 0x0000000708a00000, 0x0000000708a00000|100%| O|  |TAMS 0x0000000708800000| PB 0x0000000708800000| Untracked 
|  12|0x0000000708a00000, 0x0000000708c00000, 0x0000000708c00000|100%| O|  |TAMS 0x0000000708a00000| PB 0x0000000708a00000| Untracked 
|  13|0x0000000708c00000, 0x0000000708e00000, 0x0000000708e00000|100%| O|  |TAMS 0x0000000708c00000| PB 0x0000000708c00000| Untracked 
|  14|0x0000000708e00000, 0x0000000709000000, 0x0000000709000000|100%| O|  |TAMS 0x0000000708e00000| PB 0x0000000708e00000| Untracked 
|  15|0x0000000709000000, 0x0000000709200000, 0x0000000709200000|100%| O|  |TAMS 0x0000000709000000| PB 0x0000000709000000| Untracked 
|  16|0x0000000709200000, 0x0000000709400000, 0x0000000709400000|100%| O|  |TAMS 0x0000000709200000| PB 0x0000000709200000| Untracked 
|  17|0x0000000709400000, 0x0000000709600000, 0x0000000709600000|100%| O|  |TAMS 0x0000000709400000| PB 0x0000000709400000| Untracked 
|  18|0x0000000709600000, 0x0000000709800000, 0x0000000709800000|100%| O|  |TAMS 0x0000000709600000| PB 0x0000000709600000| Untracked 
|  19|0x0000000709800000, 0x0000000709a00000, 0x0000000709a00000|100%| O|  |TAMS 0x0000000709800000| PB 0x0000000709800000| Untracked 
|  20|0x0000000709a00000, 0x0000000709c00000, 0x0000000709c00000|100%| O|  |TAMS 0x0000000709a00000| PB 0x0000000709a00000| Untracked 
|  21|0x0000000709c00000, 0x0000000709e00000, 0x0000000709e00000|100%| O|  |TAMS 0x0000000709c00000| PB 0x0000000709c00000| Untracked 
|  22|0x0000000709e00000, 0x000000070a000000, 0x000000070a000000|100%| O|  |TAMS 0x0000000709e00000| PB 0x0000000709e00000| Untracked 
|  23|0x000000070a000000, 0x000000070a200000, 0x000000070a200000|100%| O|  |TAMS 0x000000070a000000| PB 0x000000070a000000| Untracked 
|  24|0x000000070a200000, 0x000000070a400000, 0x000000070a400000|100%| O|  |TAMS 0x000000070a200000| PB 0x000000070a200000| Untracked 
|  25|0x000000070a400000, 0x000000070a600000, 0x000000070a600000|100%| O|  |TAMS 0x000000070a400000| PB 0x000000070a400000| Untracked 
|  26|0x000000070a600000, 0x000000070a800000, 0x000000070a800000|100%| O|  |TAMS 0x000000070a600000| PB 0x000000070a600000| Untracked 
|  27|0x000000070a800000, 0x000000070a800000, 0x000000070aa00000|  0%| F|  |TAMS 0x000000070a800000| PB 0x000000070a800000| Untracked 
|  28|0x000000070aa00000, 0x000000070aa00000, 0x000000070ac00000|  0%| F|  |TAMS 0x000000070aa00000| PB 0x000000070aa00000| Untracked 
|  29|0x000000070ac00000, 0x000000070ae00000, 0x000000070ae00000|100%| O|  |TAMS 0x000000070ac00000| PB 0x000000070ac00000| Untracked 
|  30|0x000000070ae00000, 0x000000070b000000, 0x000000070b000000|100%| O|  |TAMS 0x000000070ae00000| PB 0x000000070ae00000| Untracked 
|  31|0x000000070b000000, 0x000000070b200000, 0x000000070b200000|100%| O|  |TAMS 0x000000070b000000| PB 0x000000070b000000| Untracked 
|  32|0x000000070b200000, 0x000000070b400000, 0x000000070b400000|100%|HS|  |TAMS 0x000000070b200000| PB 0x000000070b200000| Complete 
|  33|0x000000070b400000, 0x000000070b600000, 0x000000070b600000|100%|HC|  |TAMS 0x000000070b400000| PB 0x000000070b400000| Complete 
|  34|0x000000070b600000, 0x000000070b800000, 0x000000070b800000|100%|HC|  |TAMS 0x000000070b600000| PB 0x000000070b600000| Complete 
|  35|0x000000070b800000, 0x000000070ba00000, 0x000000070ba00000|100%|HC|  |TAMS 0x000000070b800000| PB 0x000000070b800000| Complete 
|  36|0x000000070ba00000, 0x000000070bc00000, 0x000000070bc00000|100%|HC|  |TAMS 0x000000070ba00000| PB 0x000000070ba00000| Complete 
|  37|0x000000070bc00000, 0x000000070be00000, 0x000000070be00000|100%| O|  |TAMS 0x000000070bc00000| PB 0x000000070bc00000| Untracked 
|  38|0x000000070be00000, 0x000000070c000000, 0x000000070c000000|100%| O|  |TAMS 0x000000070be00000| PB 0x000000070be00000| Untracked 
|  39|0x000000070c000000, 0x000000070c200000, 0x000000070c200000|100%| O|  |TAMS 0x000000070c000000| PB 0x000000070c000000| Untracked 
|  40|0x000000070c200000, 0x000000070c400000, 0x000000070c400000|100%| O|  |TAMS 0x000000070c200000| PB 0x000000070c200000| Untracked 
|  41|0x000000070c400000, 0x000000070c600000, 0x000000070c600000|100%| O|  |TAMS 0x000000070c400000| PB 0x000000070c400000| Untracked 
|  42|0x000000070c600000, 0x000000070c800000, 0x000000070c800000|100%|HS|  |TAMS 0x000000070c600000| PB 0x000000070c600000| Complete 
|  43|0x000000070c800000, 0x000000070ca00000, 0x000000070ca00000|100%|HS|  |TAMS 0x000000070c800000| PB 0x000000070c800000| Complete 
|  44|0x000000070ca00000, 0x000000070cc00000, 0x000000070cc00000|100%|HC|  |TAMS 0x000000070ca00000| PB 0x000000070ca00000| Complete 
|  45|0x000000070cc00000, 0x000000070ce00000, 0x000000070ce00000|100%|HS|  |TAMS 0x000000070cc00000| PB 0x000000070cc00000| Complete 
|  46|0x000000070ce00000, 0x000000070d000000, 0x000000070d000000|100%|HC|  |TAMS 0x000000070ce00000| PB 0x000000070ce00000| Complete 
|  47|0x000000070d000000, 0x000000070d200000, 0x000000070d200000|100%| O|  |TAMS 0x000000070d000000| PB 0x000000070d000000| Untracked 
|  48|0x000000070d200000, 0x000000070d400000, 0x000000070d400000|100%| O|  |TAMS 0x000000070d200000| PB 0x000000070d200000| Untracked 
|  49|0x000000070d400000, 0x000000070d600000, 0x000000070d600000|100%| O|  |TAMS 0x000000070d400000| PB 0x000000070d400000| Untracked 
|  50|0x000000070d600000, 0x000000070d800000, 0x000000070d800000|100%|HS|  |TAMS 0x000000070d600000| PB 0x000000070d600000| Complete 
|  51|0x000000070d800000, 0x000000070da00000, 0x000000070da00000|100%| O|  |TAMS 0x000000070d800000| PB 0x000000070d800000| Untracked 
|  52|0x000000070da00000, 0x000000070dc00000, 0x000000070dc00000|100%| O|  |TAMS 0x000000070da00000| PB 0x000000070da00000| Untracked 
|  53|0x000000070dc00000, 0x000000070de00000, 0x000000070de00000|100%| O|  |TAMS 0x000000070dc00000| PB 0x000000070dc00000| Untracked 
|  54|0x000000070de00000, 0x000000070de00000, 0x000000070e000000|  0%| F|  |TAMS 0x000000070de00000| PB 0x000000070de00000| Untracked 
|  55|0x000000070e000000, 0x000000070e200000, 0x000000070e200000|100%| O|  |TAMS 0x000000070e000000| PB 0x000000070e000000| Untracked 
|  56|0x000000070e200000, 0x000000070e400000, 0x000000070e400000|100%| O|  |TAMS 0x000000070e200000| PB 0x000000070e200000| Untracked 
|  57|0x000000070e400000, 0x000000070e600000, 0x000000070e600000|100%| O|  |TAMS 0x000000070e400000| PB 0x000000070e400000| Untracked 
|  58|0x000000070e600000, 0x000000070e800000, 0x000000070e800000|100%| O|  |TAMS 0x000000070e600000| PB 0x000000070e600000| Untracked 
|  59|0x000000070e800000, 0x000000070ea00000, 0x000000070ea00000|100%|HS|  |TAMS 0x000000070e800000| PB 0x000000070e800000| Complete 
|  60|0x000000070ea00000, 0x000000070ec00000, 0x000000070ec00000|100%| O|  |TAMS 0x000000070ea00000| PB 0x000000070ea00000| Untracked 
|  61|0x000000070ec00000, 0x000000070ee00000, 0x000000070ee00000|100%| O|  |TAMS 0x000000070ec00000| PB 0x000000070ec00000| Untracked 
|  62|0x000000070ee00000, 0x000000070f000000, 0x000000070f000000|100%| O|  |TAMS 0x000000070ee00000| PB 0x000000070ee00000| Untracked 
|  63|0x000000070f000000, 0x000000070f200000, 0x000000070f200000|100%| O|  |TAMS 0x000000070f000000| PB 0x000000070f000000| Untracked 
|  64|0x000000070f200000, 0x000000070f400000, 0x000000070f400000|100%| O|  |TAMS 0x000000070f200000| PB 0x000000070f200000| Untracked 
|  65|0x000000070f400000, 0x000000070f600000, 0x000000070f600000|100%|HS|  |TAMS 0x000000070f400000| PB 0x000000070f400000| Complete 
|  66|0x000000070f600000, 0x000000070f800000, 0x000000070f800000|100%| O|  |TAMS 0x000000070f600000| PB 0x000000070f600000| Untracked 
|  67|0x000000070f800000, 0x000000070fa00000, 0x000000070fa00000|100%| O|  |TAMS 0x000000070f800000| PB 0x000000070f800000| Untracked 
|  68|0x000000070fa00000, 0x000000070fc00000, 0x000000070fc00000|100%| O|  |TAMS 0x000000070fa00000| PB 0x000000070fa00000| Untracked 
|  69|0x000000070fc00000, 0x000000070fe00000, 0x000000070fe00000|100%|HS|  |TAMS 0x000000070fc00000| PB 0x000000070fc00000| Complete 
|  70|0x000000070fe00000, 0x0000000710000000, 0x0000000710000000|100%|HC|  |TAMS 0x000000070fe00000| PB 0x000000070fe00000| Complete 
|  71|0x0000000710000000, 0x0000000710200000, 0x0000000710200000|100%|HC|  |TAMS 0x0000000710000000| PB 0x0000000710000000| Complete 
|  72|0x0000000710200000, 0x0000000710400000, 0x0000000710400000|100%|HC|  |TAMS 0x0000000710200000| PB 0x0000000710200000| Complete 
|  73|0x0000000710400000, 0x0000000710600000, 0x0000000710600000|100%| O|  |TAMS 0x0000000710400000| PB 0x0000000710400000| Untracked 
|  74|0x0000000710600000, 0x0000000710800000, 0x0000000710800000|100%| O|  |TAMS 0x0000000710600000| PB 0x0000000710600000| Untracked 
|  75|0x0000000710800000, 0x0000000710a00000, 0x0000000710a00000|100%| O|  |TAMS 0x0000000710800000| PB 0x0000000710800000| Untracked 
|  76|0x0000000710a00000, 0x0000000710c00000, 0x0000000710c00000|100%| O|  |TAMS 0x0000000710a00000| PB 0x0000000710a00000| Untracked 
|  77|0x0000000710c00000, 0x0000000710e00000, 0x0000000710e00000|100%| O|  |TAMS 0x0000000710c00000| PB 0x0000000710c00000| Untracked 
|  78|0x0000000710e00000, 0x0000000711000000, 0x0000000711000000|100%|HS|  |TAMS 0x0000000710e00000| PB 0x0000000710e00000| Complete 
|  79|0x0000000711000000, 0x0000000711200000, 0x0000000711200000|100%| O|  |TAMS 0x0000000711000000| PB 0x0000000711000000| Untracked 
|  80|0x0000000711200000, 0x0000000711400000, 0x0000000711400000|100%| O|  |TAMS 0x0000000711200000| PB 0x0000000711200000| Untracked 
|  81|0x0000000711400000, 0x0000000711600000, 0x0000000711600000|100%| O|  |TAMS 0x0000000711400000| PB 0x0000000711400000| Untracked 
|  82|0x0000000711600000, 0x0000000711800000, 0x0000000711800000|100%| O|  |TAMS 0x0000000711600000| PB 0x0000000711600000| Untracked 
|  83|0x0000000711800000, 0x0000000711a00000, 0x0000000711a00000|100%|HS|  |TAMS 0x0000000711800000| PB 0x0000000711800000| Complete 
|  84|0x0000000711a00000, 0x0000000711c00000, 0x0000000711c00000|100%|HC|  |TAMS 0x0000000711a00000| PB 0x0000000711a00000| Complete 
|  85|0x0000000711c00000, 0x0000000711e00000, 0x0000000711e00000|100%|HC|  |TAMS 0x0000000711c00000| PB 0x0000000711c00000| Complete 
|  86|0x0000000711e00000, 0x0000000712000000, 0x0000000712000000|100%|HC|  |TAMS 0x0000000711e00000| PB 0x0000000711e00000| Complete 
|  87|0x0000000712000000, 0x0000000712200000, 0x0000000712200000|100%| O|  |TAMS 0x0000000712000000| PB 0x0000000712000000| Untracked 
|  88|0x0000000712200000, 0x0000000712400000, 0x0000000712400000|100%| O|  |TAMS 0x0000000712200000| PB 0x0000000712200000| Untracked 
|  89|0x0000000712400000, 0x0000000712600000, 0x0000000712600000|100%| O|  |TAMS 0x0000000712400000| PB 0x0000000712400000| Untracked 
|  90|0x0000000712600000, 0x0000000712800000, 0x0000000712800000|100%| O|  |TAMS 0x0000000712600000| PB 0x0000000712600000| Untracked 
|  91|0x0000000712800000, 0x0000000712a00000, 0x0000000712a00000|100%| O|  |TAMS 0x0000000712800000| PB 0x0000000712800000| Untracked 
|  92|0x0000000712a00000, 0x0000000712c00000, 0x0000000712c00000|100%| O|  |TAMS 0x0000000712a00000| PB 0x0000000712a00000| Untracked 
|  93|0x0000000712c00000, 0x0000000712e00000, 0x0000000712e00000|100%| O|  |TAMS 0x0000000712c00000| PB 0x0000000712c00000| Untracked 
|  94|0x0000000712e00000, 0x0000000713000000, 0x0000000713000000|100%| O|  |TAMS 0x0000000712e00000| PB 0x0000000712e00000| Untracked 
|  95|0x0000000713000000, 0x0000000713200000, 0x0000000713200000|100%| O|  |TAMS 0x0000000713000000| PB 0x0000000713000000| Untracked 
|  96|0x0000000713200000, 0x0000000713400000, 0x0000000713400000|100%| O|  |TAMS 0x0000000713200000| PB 0x0000000713200000| Untracked 
|  97|0x0000000713400000, 0x0000000713600000, 0x0000000713600000|100%| O|  |TAMS 0x0000000713400000| PB 0x0000000713400000| Untracked 
|  98|0x0000000713600000, 0x0000000713800000, 0x0000000713800000|100%| O|  |TAMS 0x0000000713600000| PB 0x0000000713600000| Untracked 
|  99|0x0000000713800000, 0x0000000713a00000, 0x0000000713a00000|100%| O|  |TAMS 0x0000000713800000| PB 0x0000000713800000| Untracked 
| 100|0x0000000713a00000, 0x0000000713c00000, 0x0000000713c00000|100%| O|  |TAMS 0x0000000713a00000| PB 0x0000000713a00000| Untracked 
| 101|0x0000000713c00000, 0x0000000713e00000, 0x0000000713e00000|100%| O|  |TAMS 0x0000000713c00000| PB 0x0000000713c00000| Untracked 
| 102|0x0000000713e00000, 0x0000000714000000, 0x0000000714000000|100%| O|  |TAMS 0x0000000713e00000| PB 0x0000000713e00000| Untracked 
| 103|0x0000000714000000, 0x0000000714200000, 0x0000000714200000|100%| O|  |TAMS 0x0000000714000000| PB 0x0000000714000000| Untracked 
| 104|0x0000000714200000, 0x0000000714400000, 0x0000000714400000|100%| O|  |TAMS 0x0000000714200000| PB 0x0000000714200000| Untracked 
| 105|0x0000000714400000, 0x0000000714600000, 0x0000000714600000|100%| O|  |TAMS 0x0000000714400000| PB 0x0000000714400000| Untracked 
| 106|0x0000000714600000, 0x0000000714800000, 0x0000000714800000|100%| O|  |TAMS 0x0000000714600000| PB 0x0000000714600000| Untracked 
| 107|0x0000000714800000, 0x0000000714a00000, 0x0000000714a00000|100%| O|  |TAMS 0x0000000714800000| PB 0x0000000714800000| Untracked 
| 108|0x0000000714a00000, 0x0000000714c00000, 0x0000000714c00000|100%| O|  |TAMS 0x0000000714a00000| PB 0x0000000714a00000| Untracked 
| 109|0x0000000714c00000, 0x0000000714e00000, 0x0000000714e00000|100%| O|  |TAMS 0x0000000714c00000| PB 0x0000000714c00000| Untracked 
| 110|0x0000000714e00000, 0x0000000715000000, 0x0000000715000000|100%| O|  |TAMS 0x0000000714e00000| PB 0x0000000714e00000| Untracked 
| 111|0x0000000715000000, 0x0000000715200000, 0x0000000715200000|100%| O|  |TAMS 0x0000000715000000| PB 0x0000000715000000| Untracked 
| 112|0x0000000715200000, 0x0000000715400000, 0x0000000715400000|100%| O|  |TAMS 0x0000000715200000| PB 0x0000000715200000| Untracked 
| 113|0x0000000715400000, 0x0000000715600000, 0x0000000715600000|100%| O|  |TAMS 0x0000000715400000| PB 0x0000000715400000| Untracked 
| 114|0x0000000715600000, 0x0000000715800000, 0x0000000715800000|100%| O|  |TAMS 0x0000000715600000| PB 0x0000000715600000| Untracked 
| 115|0x0000000715800000, 0x0000000715a00000, 0x0000000715a00000|100%| O|  |TAMS 0x0000000715800000| PB 0x0000000715800000| Untracked 
| 116|0x0000000715a00000, 0x0000000715c00000, 0x0000000715c00000|100%| O|  |TAMS 0x0000000715a00000| PB 0x0000000715a00000| Untracked 
| 117|0x0000000715c00000, 0x0000000715e00000, 0x0000000715e00000|100%| O|  |TAMS 0x0000000715c00000| PB 0x0000000715c00000| Untracked 
| 118|0x0000000715e00000, 0x0000000716000000, 0x0000000716000000|100%| O|  |TAMS 0x0000000715e00000| PB 0x0000000715e00000| Untracked 
| 119|0x0000000716000000, 0x0000000716200000, 0x0000000716200000|100%| O|  |TAMS 0x0000000716000000| PB 0x0000000716000000| Untracked 
| 120|0x0000000716200000, 0x0000000716400000, 0x0000000716400000|100%| O|  |TAMS 0x0000000716200000| PB 0x0000000716200000| Untracked 
| 121|0x0000000716400000, 0x0000000716600000, 0x0000000716600000|100%|HS|  |TAMS 0x0000000716400000| PB 0x0000000716400000| Complete 
| 122|0x0000000716600000, 0x0000000716800000, 0x0000000716800000|100%| O|  |TAMS 0x0000000716600000| PB 0x0000000716600000| Untracked 
| 123|0x0000000716800000, 0x0000000716a00000, 0x0000000716a00000|100%| O|  |TAMS 0x0000000716800000| PB 0x0000000716800000| Untracked 
| 124|0x0000000716a00000, 0x0000000716c00000, 0x0000000716c00000|100%| O|  |TAMS 0x0000000716a00000| PB 0x0000000716a00000| Untracked 
| 125|0x0000000716c00000, 0x0000000716e00000, 0x0000000716e00000|100%| O|  |TAMS 0x0000000716c00000| PB 0x0000000716c00000| Untracked 
| 126|0x0000000716e00000, 0x0000000716fae948, 0x0000000717000000| 84%| O|  |TAMS 0x0000000716e00000| PB 0x0000000716e00000| Untracked 
| 127|0x0000000717000000, 0x0000000717000000, 0x0000000717200000|  0%| F|  |TAMS 0x0000000717000000| PB 0x0000000717000000| Untracked 
| 128|0x0000000717200000, 0x0000000717400000, 0x0000000717400000|100%| O|  |TAMS 0x0000000717200000| PB 0x0000000717200000| Untracked 
| 129|0x0000000717400000, 0x0000000717600000, 0x0000000717600000|100%| O|  |TAMS 0x0000000717400000| PB 0x0000000717400000| Untracked 
| 130|0x0000000717600000, 0x0000000717800000, 0x0000000717800000|100%| O|  |TAMS 0x0000000717600000| PB 0x0000000717600000| Untracked 
| 131|0x0000000717800000, 0x0000000717800000, 0x0000000717a00000|  0%| F|  |TAMS 0x0000000717800000| PB 0x0000000717800000| Untracked 
| 132|0x0000000717a00000, 0x0000000717a00000, 0x0000000717c00000|  0%| F|  |TAMS 0x0000000717a00000| PB 0x0000000717a00000| Untracked 
| 133|0x0000000717c00000, 0x0000000717e00000, 0x0000000717e00000|100%| O|  |TAMS 0x0000000717c00000| PB 0x0000000717c00000| Untracked 
| 134|0x0000000717e00000, 0x0000000718000000, 0x0000000718000000|100%| O|  |TAMS 0x0000000717e00000| PB 0x0000000717e00000| Untracked 
| 135|0x0000000718000000, 0x0000000718200000, 0x0000000718200000|100%| O|  |TAMS 0x0000000718000000| PB 0x0000000718000000| Untracked 
| 136|0x0000000718200000, 0x0000000718400000, 0x0000000718400000|100%| O|  |TAMS 0x0000000718200000| PB 0x0000000718200000| Untracked 
| 137|0x0000000718400000, 0x0000000718600000, 0x0000000718600000|100%| O|  |TAMS 0x0000000718400000| PB 0x0000000718400000| Untracked 
| 138|0x0000000718600000, 0x0000000718800000, 0x0000000718800000|100%| O|  |TAMS 0x0000000718600000| PB 0x0000000718600000| Untracked 
| 139|0x0000000718800000, 0x0000000718a00000, 0x0000000718a00000|100%| O|  |TAMS 0x0000000718800000| PB 0x0000000718800000| Untracked 
| 140|0x0000000718a00000, 0x0000000718c00000, 0x0000000718c00000|100%| O|  |TAMS 0x0000000718a00000| PB 0x0000000718a00000| Untracked 
| 141|0x0000000718c00000, 0x0000000718e00000, 0x0000000718e00000|100%| O|  |TAMS 0x0000000718c00000| PB 0x0000000718c00000| Untracked 
| 142|0x0000000718e00000, 0x0000000719000000, 0x0000000719000000|100%| O|  |TAMS 0x0000000718e00000| PB 0x0000000718e00000| Untracked 
| 143|0x0000000719000000, 0x0000000719200000, 0x0000000719200000|100%| O|  |TAMS 0x0000000719000000| PB 0x0000000719000000| Untracked 
| 144|0x0000000719200000, 0x0000000719400000, 0x0000000719400000|100%| O|  |TAMS 0x0000000719200000| PB 0x0000000719200000| Untracked 
| 145|0x0000000719400000, 0x0000000719600000, 0x0000000719600000|100%| O|  |TAMS 0x0000000719400000| PB 0x0000000719400000| Untracked 
| 146|0x0000000719600000, 0x0000000719800000, 0x0000000719800000|100%| O|  |TAMS 0x0000000719600000| PB 0x0000000719600000| Untracked 
| 147|0x0000000719800000, 0x0000000719a00000, 0x0000000719a00000|100%| O|  |TAMS 0x0000000719800000| PB 0x0000000719800000| Untracked 
| 148|0x0000000719a00000, 0x0000000719c00000, 0x0000000719c00000|100%| O|  |TAMS 0x0000000719a00000| PB 0x0000000719a00000| Untracked 
| 149|0x0000000719c00000, 0x0000000719e00000, 0x0000000719e00000|100%| O|  |TAMS 0x0000000719c00000| PB 0x0000000719c00000| Untracked 
| 150|0x0000000719e00000, 0x000000071a000000, 0x000000071a000000|100%| O|  |TAMS 0x0000000719e00000| PB 0x0000000719e00000| Untracked 
| 151|0x000000071a000000, 0x000000071a200000, 0x000000071a200000|100%| O|  |TAMS 0x000000071a000000| PB 0x000000071a000000| Untracked 
| 152|0x000000071a200000, 0x000000071a400000, 0x000000071a400000|100%| O|  |TAMS 0x000000071a200000| PB 0x000000071a200000| Untracked 
| 153|0x000000071a400000, 0x000000071a600000, 0x000000071a600000|100%| O|  |TAMS 0x000000071a400000| PB 0x000000071a400000| Untracked 
| 154|0x000000071a600000, 0x000000071a800000, 0x000000071a800000|100%| O|  |TAMS 0x000000071a600000| PB 0x000000071a600000| Untracked 
| 155|0x000000071a800000, 0x000000071aa00000, 0x000000071aa00000|100%| O|  |TAMS 0x000000071a800000| PB 0x000000071a800000| Untracked 
| 156|0x000000071aa00000, 0x000000071ac00000, 0x000000071ac00000|100%| O|  |TAMS 0x000000071aa00000| PB 0x000000071aa00000| Untracked 
| 157|0x000000071ac00000, 0x000000071ae00000, 0x000000071ae00000|100%| O|  |TAMS 0x000000071ac00000| PB 0x000000071ac00000| Untracked 
| 158|0x000000071ae00000, 0x000000071b000000, 0x000000071b000000|100%| O|  |TAMS 0x000000071ae00000| PB 0x000000071ae00000| Untracked 
| 159|0x000000071b000000, 0x000000071b200000, 0x000000071b200000|100%| O|  |TAMS 0x000000071b000000| PB 0x000000071b000000| Untracked 
| 160|0x000000071b200000, 0x000000071b400000, 0x000000071b400000|100%| O|  |TAMS 0x000000071b200000| PB 0x000000071b200000| Untracked 
| 161|0x000000071b400000, 0x000000071b600000, 0x000000071b600000|100%| O|  |TAMS 0x000000071b400000| PB 0x000000071b400000| Untracked 
| 162|0x000000071b600000, 0x000000071b800000, 0x000000071b800000|100%| O|  |TAMS 0x000000071b600000| PB 0x000000071b600000| Untracked 
| 163|0x000000071b800000, 0x000000071ba00000, 0x000000071ba00000|100%| O|  |TAMS 0x000000071b800000| PB 0x000000071b800000| Untracked 
| 164|0x000000071ba00000, 0x000000071bc00000, 0x000000071bc00000|100%| O|  |TAMS 0x000000071ba00000| PB 0x000000071ba00000| Untracked 
| 165|0x000000071bc00000, 0x000000071be00000, 0x000000071be00000|100%| O|  |TAMS 0x000000071bc00000| PB 0x000000071bc00000| Untracked 
| 166|0x000000071be00000, 0x000000071c000000, 0x000000071c000000|100%| O|  |TAMS 0x000000071be00000| PB 0x000000071be00000| Untracked 
| 167|0x000000071c000000, 0x000000071c200000, 0x000000071c200000|100%| O|  |TAMS 0x000000071c000000| PB 0x000000071c000000| Untracked 
| 168|0x000000071c200000, 0x000000071c400000, 0x000000071c400000|100%| O|  |TAMS 0x000000071c200000| PB 0x000000071c200000| Untracked 
| 169|0x000000071c400000, 0x000000071c600000, 0x000000071c600000|100%| O|  |TAMS 0x000000071c400000| PB 0x000000071c400000| Untracked 
| 170|0x000000071c600000, 0x000000071c800000, 0x000000071c800000|100%| O|  |TAMS 0x000000071c600000| PB 0x000000071c600000| Untracked 
| 171|0x000000071c800000, 0x000000071ca00000, 0x000000071ca00000|100%| O|  |TAMS 0x000000071c800000| PB 0x000000071c800000| Untracked 
| 172|0x000000071ca00000, 0x000000071cc00000, 0x000000071cc00000|100%| O|  |TAMS 0x000000071ca00000| PB 0x000000071ca00000| Untracked 
| 173|0x000000071cc00000, 0x000000071ce00000, 0x000000071ce00000|100%| O|  |TAMS 0x000000071cc00000| PB 0x000000071cc00000| Untracked 
| 174|0x000000071ce00000, 0x000000071d000000, 0x000000071d000000|100%| O|  |TAMS 0x000000071ce00000| PB 0x000000071ce00000| Untracked 
| 175|0x000000071d000000, 0x000000071d200000, 0x000000071d200000|100%| O|  |TAMS 0x000000071d000000| PB 0x000000071d000000| Untracked 
| 176|0x000000071d200000, 0x000000071d400000, 0x000000071d400000|100%| O|  |TAMS 0x000000071d200000| PB 0x000000071d200000| Untracked 
| 177|0x000000071d400000, 0x000000071d600000, 0x000000071d600000|100%| O|  |TAMS 0x000000071d400000| PB 0x000000071d400000| Untracked 
| 178|0x000000071d600000, 0x000000071d800000, 0x000000071d800000|100%| O|  |TAMS 0x000000071d600000| PB 0x000000071d600000| Untracked 
| 179|0x000000071d800000, 0x000000071da00000, 0x000000071da00000|100%| O|  |TAMS 0x000000071d800000| PB 0x000000071d800000| Untracked 
| 180|0x000000071da00000, 0x000000071dc00000, 0x000000071dc00000|100%| O|  |TAMS 0x000000071da00000| PB 0x000000071da00000| Untracked 
| 181|0x000000071dc00000, 0x000000071de00000, 0x000000071de00000|100%| O|  |TAMS 0x000000071dc00000| PB 0x000000071dc00000| Untracked 
| 182|0x000000071de00000, 0x000000071e000000, 0x000000071e000000|100%| O|  |TAMS 0x000000071de00000| PB 0x000000071de00000| Untracked 
| 183|0x000000071e000000, 0x000000071e200000, 0x000000071e200000|100%| O|  |TAMS 0x000000071e000000| PB 0x000000071e000000| Untracked 
| 184|0x000000071e200000, 0x000000071e400000, 0x000000071e400000|100%| O|  |TAMS 0x000000071e200000| PB 0x000000071e200000| Untracked 
| 185|0x000000071e400000, 0x000000071e600000, 0x000000071e600000|100%| O|  |TAMS 0x000000071e400000| PB 0x000000071e400000| Untracked 
| 186|0x000000071e600000, 0x000000071e800000, 0x000000071e800000|100%| O|  |TAMS 0x000000071e600000| PB 0x000000071e600000| Untracked 
| 187|0x000000071e800000, 0x000000071ea00000, 0x000000071ea00000|100%| O|  |TAMS 0x000000071e800000| PB 0x000000071e800000| Untracked 
| 188|0x000000071ea00000, 0x000000071ec00000, 0x000000071ec00000|100%| O|  |TAMS 0x000000071ea00000| PB 0x000000071ea00000| Untracked 
| 189|0x000000071ec00000, 0x000000071ee00000, 0x000000071ee00000|100%| O|  |TAMS 0x000000071ec00000| PB 0x000000071ec00000| Untracked 
| 190|0x000000071ee00000, 0x000000071f000000, 0x000000071f000000|100%| O|  |TAMS 0x000000071ee00000| PB 0x000000071ee00000| Untracked 
| 191|0x000000071f000000, 0x000000071f200000, 0x000000071f200000|100%| O|  |TAMS 0x000000071f000000| PB 0x000000071f000000| Untracked 
| 192|0x000000071f200000, 0x000000071f200000, 0x000000071f400000|  0%| F|  |TAMS 0x000000071f200000| PB 0x000000071f200000| Untracked 
| 193|0x000000071f400000, 0x000000071f400000, 0x000000071f600000|  0%| F|  |TAMS 0x000000071f400000| PB 0x000000071f400000| Untracked 
| 194|0x000000071f600000, 0x000000071f800000, 0x000000071f800000|100%| O|  |TAMS 0x000000071f600000| PB 0x000000071f600000| Untracked 
| 195|0x000000071f800000, 0x000000071f800000, 0x000000071fa00000|  0%| F|  |TAMS 0x000000071f800000| PB 0x000000071f800000| Untracked 
| 196|0x000000071fa00000, 0x000000071fa00000, 0x000000071fc00000|  0%| F|  |TAMS 0x000000071fa00000| PB 0x000000071fa00000| Untracked 
| 197|0x000000071fc00000, 0x000000071fe00000, 0x000000071fe00000|100%| O|  |TAMS 0x000000071fc00000| PB 0x000000071fc00000| Untracked 
| 198|0x000000071fe00000, 0x000000071fe00000, 0x0000000720000000|  0%| F|  |TAMS 0x000000071fe00000| PB 0x000000071fe00000| Untracked 
| 199|0x0000000720000000, 0x0000000720000000, 0x0000000720200000|  0%| F|  |TAMS 0x0000000720000000| PB 0x0000000720000000| Untracked 
| 200|0x0000000720200000, 0x0000000720200000, 0x0000000720400000|  0%| F|  |TAMS 0x0000000720200000| PB 0x0000000720200000| Untracked 
| 201|0x0000000720400000, 0x0000000720400000, 0x0000000720600000|  0%| F|  |TAMS 0x0000000720400000| PB 0x0000000720400000| Untracked 
| 202|0x0000000720600000, 0x0000000720600000, 0x0000000720800000|  0%| F|  |TAMS 0x0000000720600000| PB 0x0000000720600000| Untracked 
| 203|0x0000000720800000, 0x0000000720800000, 0x0000000720a00000|  0%| F|  |TAMS 0x0000000720800000| PB 0x0000000720800000| Untracked 
| 204|0x0000000720a00000, 0x0000000720a00000, 0x0000000720c00000|  0%| F|  |TAMS 0x0000000720a00000| PB 0x0000000720a00000| Untracked 
| 205|0x0000000720c00000, 0x0000000720c00000, 0x0000000720e00000|  0%| F|  |TAMS 0x0000000720c00000| PB 0x0000000720c00000| Untracked 
| 206|0x0000000720e00000, 0x0000000720e00000, 0x0000000721000000|  0%| F|  |TAMS 0x0000000720e00000| PB 0x0000000720e00000| Untracked 
| 207|0x0000000721000000, 0x0000000721000000, 0x0000000721200000|  0%| F|  |TAMS 0x0000000721000000| PB 0x0000000721000000| Untracked 
| 208|0x0000000721200000, 0x0000000721200000, 0x0000000721400000|  0%| F|  |TAMS 0x0000000721200000| PB 0x0000000721200000| Untracked 
| 209|0x0000000721400000, 0x0000000721400000, 0x0000000721600000|  0%| F|  |TAMS 0x0000000721400000| PB 0x0000000721400000| Untracked 
| 210|0x0000000721600000, 0x0000000721600000, 0x0000000721800000|  0%| F|  |TAMS 0x0000000721600000| PB 0x0000000721600000| Untracked 
| 211|0x0000000721800000, 0x0000000721800000, 0x0000000721a00000|  0%| F|  |TAMS 0x0000000721800000| PB 0x0000000721800000| Untracked 
| 212|0x0000000721a00000, 0x0000000721a00000, 0x0000000721c00000|  0%| F|  |TAMS 0x0000000721a00000| PB 0x0000000721a00000| Untracked 
| 213|0x0000000721c00000, 0x0000000721c00000, 0x0000000721e00000|  0%| F|  |TAMS 0x0000000721c00000| PB 0x0000000721c00000| Untracked 
| 214|0x0000000721e00000, 0x0000000721e00000, 0x0000000722000000|  0%| F|  |TAMS 0x0000000721e00000| PB 0x0000000721e00000| Untracked 
| 215|0x0000000722000000, 0x0000000722000000, 0x0000000722200000|  0%| F|  |TAMS 0x0000000722000000| PB 0x0000000722000000| Untracked 
| 216|0x0000000722200000, 0x0000000722400000, 0x0000000722400000|100%| O|  |TAMS 0x0000000722200000| PB 0x0000000722200000| Untracked 
| 217|0x0000000722400000, 0x0000000722400000, 0x0000000722600000|  0%| F|  |TAMS 0x0000000722400000| PB 0x0000000722400000| Untracked 
| 218|0x0000000722600000, 0x0000000722600000, 0x0000000722800000|  0%| F|  |TAMS 0x0000000722600000| PB 0x0000000722600000| Untracked 
| 219|0x0000000722800000, 0x0000000722800000, 0x0000000722a00000|  0%| F|  |TAMS 0x0000000722800000| PB 0x0000000722800000| Untracked 
| 220|0x0000000722a00000, 0x0000000722a00000, 0x0000000722c00000|  0%| F|  |TAMS 0x0000000722a00000| PB 0x0000000722a00000| Untracked 
| 221|0x0000000722c00000, 0x0000000722c00000, 0x0000000722e00000|  0%| F|  |TAMS 0x0000000722c00000| PB 0x0000000722c00000| Untracked 
| 222|0x0000000722e00000, 0x0000000722e00000, 0x0000000723000000|  0%| F|  |TAMS 0x0000000722e00000| PB 0x0000000722e00000| Untracked 
| 223|0x0000000723000000, 0x00000007231bb340, 0x0000000723200000| 86%| S|CS|TAMS 0x0000000723000000| PB 0x0000000723000000| Complete 
| 224|0x0000000723200000, 0x0000000723400000, 0x0000000723400000|100%| S|CS|TAMS 0x0000000723200000| PB 0x0000000723200000| Complete 
| 225|0x0000000723400000, 0x0000000723400000, 0x0000000723600000|  0%| F|  |TAMS 0x0000000723400000| PB 0x0000000723400000| Untracked 
| 226|0x0000000723600000, 0x0000000723600000, 0x0000000723800000|  0%| F|  |TAMS 0x0000000723600000| PB 0x0000000723600000| Untracked 
| 227|0x0000000723800000, 0x0000000723a00000, 0x0000000723a00000|100%| S|CS|TAMS 0x0000000723800000| PB 0x0000000723800000| Complete 
| 228|0x0000000723a00000, 0x0000000723c00000, 0x0000000723c00000|100%| S|CS|TAMS 0x0000000723a00000| PB 0x0000000723a00000| Complete 
| 229|0x0000000723c00000, 0x0000000723e00000, 0x0000000723e00000|100%| S|CS|TAMS 0x0000000723c00000| PB 0x0000000723c00000| Complete 
| 230|0x0000000723e00000, 0x0000000724000000, 0x0000000724000000|100%| S|CS|TAMS 0x0000000723e00000| PB 0x0000000723e00000| Complete 
| 231|0x0000000724000000, 0x0000000724000000, 0x0000000724200000|  0%| F|  |TAMS 0x0000000724000000| PB 0x0000000724000000| Untracked 
| 232|0x0000000724200000, 0x0000000724200000, 0x0000000724400000|  0%| F|  |TAMS 0x0000000724200000| PB 0x0000000724200000| Untracked 
| 233|0x0000000724400000, 0x0000000724400000, 0x0000000724600000|  0%| F|  |TAMS 0x0000000724400000| PB 0x0000000724400000| Untracked 
| 234|0x0000000724600000, 0x0000000724600000, 0x0000000724800000|  0%| F|  |TAMS 0x0000000724600000| PB 0x0000000724600000| Untracked 
| 235|0x0000000724800000, 0x0000000724800000, 0x0000000724a00000|  0%| F|  |TAMS 0x0000000724800000| PB 0x0000000724800000| Untracked 
| 236|0x0000000724a00000, 0x0000000724a00000, 0x0000000724c00000|  0%| F|  |TAMS 0x0000000724a00000| PB 0x0000000724a00000| Untracked 
| 237|0x0000000724c00000, 0x0000000724c00000, 0x0000000724e00000|  0%| F|  |TAMS 0x0000000724c00000| PB 0x0000000724c00000| Untracked 
| 238|0x0000000724e00000, 0x0000000724e00000, 0x0000000725000000|  0%| F|  |TAMS 0x0000000724e00000| PB 0x0000000724e00000| Untracked 
| 239|0x0000000725000000, 0x0000000725000000, 0x0000000725200000|  0%| F|  |TAMS 0x0000000725000000| PB 0x0000000725000000| Untracked 
| 240|0x0000000725200000, 0x0000000725200000, 0x0000000725400000|  0%| F|  |TAMS 0x0000000725200000| PB 0x0000000725200000| Untracked 
| 241|0x0000000725400000, 0x0000000725400000, 0x0000000725600000|  0%| F|  |TAMS 0x0000000725400000| PB 0x0000000725400000| Untracked 
| 242|0x0000000725600000, 0x0000000725600000, 0x0000000725800000|  0%| F|  |TAMS 0x0000000725600000| PB 0x0000000725600000| Untracked 
| 243|0x0000000725800000, 0x0000000725800000, 0x0000000725a00000|  0%| F|  |TAMS 0x0000000725800000| PB 0x0000000725800000| Untracked 
| 244|0x0000000725a00000, 0x0000000725a00000, 0x0000000725c00000|  0%| F|  |TAMS 0x0000000725a00000| PB 0x0000000725a00000| Untracked 
| 245|0x0000000725c00000, 0x0000000725c00000, 0x0000000725e00000|  0%| F|  |TAMS 0x0000000725c00000| PB 0x0000000725c00000| Untracked 
| 246|0x0000000725e00000, 0x0000000725e00000, 0x0000000726000000|  0%| F|  |TAMS 0x0000000725e00000| PB 0x0000000725e00000| Untracked 
| 247|0x0000000726000000, 0x0000000726000000, 0x0000000726200000|  0%| F|  |TAMS 0x0000000726000000| PB 0x0000000726000000| Untracked 
| 248|0x0000000726200000, 0x0000000726200000, 0x0000000726400000|  0%| F|  |TAMS 0x0000000726200000| PB 0x0000000726200000| Untracked 
| 249|0x0000000726400000, 0x0000000726400000, 0x0000000726600000|  0%| F|  |TAMS 0x0000000726400000| PB 0x0000000726400000| Untracked 
| 250|0x0000000726600000, 0x0000000726600000, 0x0000000726800000|  0%| F|  |TAMS 0x0000000726600000| PB 0x0000000726600000| Untracked 
| 251|0x0000000726800000, 0x0000000726800000, 0x0000000726a00000|  0%| F|  |TAMS 0x0000000726800000| PB 0x0000000726800000| Untracked 
| 252|0x0000000726a00000, 0x0000000726a00000, 0x0000000726c00000|  0%| F|  |TAMS 0x0000000726a00000| PB 0x0000000726a00000| Untracked 
| 253|0x0000000726c00000, 0x0000000726c00000, 0x0000000726e00000|  0%| F|  |TAMS 0x0000000726c00000| PB 0x0000000726c00000| Untracked 
| 254|0x0000000726e00000, 0x0000000726e00000, 0x0000000727000000|  0%| F|  |TAMS 0x0000000726e00000| PB 0x0000000726e00000| Untracked 
| 255|0x0000000727000000, 0x0000000727000000, 0x0000000727200000|  0%| F|  |TAMS 0x0000000727000000| PB 0x0000000727000000| Untracked 
| 256|0x0000000727200000, 0x0000000727200000, 0x0000000727400000|  0%| F|  |TAMS 0x0000000727200000| PB 0x0000000727200000| Untracked 
| 257|0x0000000727400000, 0x0000000727400000, 0x0000000727600000|  0%| F|  |TAMS 0x0000000727400000| PB 0x0000000727400000| Untracked 
| 258|0x0000000727600000, 0x0000000727600000, 0x0000000727800000|  0%| F|  |TAMS 0x0000000727600000| PB 0x0000000727600000| Untracked 
| 259|0x0000000727800000, 0x0000000727800000, 0x0000000727a00000|  0%| F|  |TAMS 0x0000000727800000| PB 0x0000000727800000| Untracked 
| 260|0x0000000727a00000, 0x0000000727a00000, 0x0000000727c00000|  0%| F|  |TAMS 0x0000000727a00000| PB 0x0000000727a00000| Untracked 
| 261|0x0000000727c00000, 0x0000000727c00000, 0x0000000727e00000|  0%| F|  |TAMS 0x0000000727c00000| PB 0x0000000727c00000| Untracked 
| 262|0x0000000727e00000, 0x0000000727e00000, 0x0000000728000000|  0%| F|  |TAMS 0x0000000727e00000| PB 0x0000000727e00000| Untracked 
| 263|0x0000000728000000, 0x0000000728000000, 0x0000000728200000|  0%| F|  |TAMS 0x0000000728000000| PB 0x0000000728000000| Untracked 
| 264|0x0000000728200000, 0x0000000728200000, 0x0000000728400000|  0%| F|  |TAMS 0x0000000728200000| PB 0x0000000728200000| Untracked 
| 265|0x0000000728400000, 0x0000000728400000, 0x0000000728600000|  0%| F|  |TAMS 0x0000000728400000| PB 0x0000000728400000| Untracked 
| 266|0x0000000728600000, 0x0000000728600000, 0x0000000728800000|  0%| F|  |TAMS 0x0000000728600000| PB 0x0000000728600000| Untracked 
| 267|0x0000000728800000, 0x0000000728800000, 0x0000000728a00000|  0%| F|  |TAMS 0x0000000728800000| PB 0x0000000728800000| Untracked 
| 268|0x0000000728a00000, 0x0000000728a00000, 0x0000000728c00000|  0%| F|  |TAMS 0x0000000728a00000| PB 0x0000000728a00000| Untracked 
| 269|0x0000000728c00000, 0x0000000728c00000, 0x0000000728e00000|  0%| F|  |TAMS 0x0000000728c00000| PB 0x0000000728c00000| Untracked 
| 270|0x0000000728e00000, 0x0000000728e00000, 0x0000000729000000|  0%| F|  |TAMS 0x0000000728e00000| PB 0x0000000728e00000| Untracked 
| 271|0x0000000729000000, 0x0000000729000000, 0x0000000729200000|  0%| F|  |TAMS 0x0000000729000000| PB 0x0000000729000000| Untracked 
| 272|0x0000000729200000, 0x0000000729200000, 0x0000000729400000|  0%| F|  |TAMS 0x0000000729200000| PB 0x0000000729200000| Untracked 
| 273|0x0000000729400000, 0x0000000729400000, 0x0000000729600000|  0%| F|  |TAMS 0x0000000729400000| PB 0x0000000729400000| Untracked 
| 274|0x0000000729600000, 0x0000000729600000, 0x0000000729800000|  0%| F|  |TAMS 0x0000000729600000| PB 0x0000000729600000| Untracked 
| 275|0x0000000729800000, 0x0000000729800000, 0x0000000729a00000|  0%| F|  |TAMS 0x0000000729800000| PB 0x0000000729800000| Untracked 
| 276|0x0000000729a00000, 0x0000000729a00000, 0x0000000729c00000|  0%| F|  |TAMS 0x0000000729a00000| PB 0x0000000729a00000| Untracked 
| 277|0x0000000729c00000, 0x0000000729c00000, 0x0000000729e00000|  0%| F|  |TAMS 0x0000000729c00000| PB 0x0000000729c00000| Untracked 
| 278|0x0000000729e00000, 0x0000000729e00000, 0x000000072a000000|  0%| F|  |TAMS 0x0000000729e00000| PB 0x0000000729e00000| Untracked 
| 279|0x000000072a000000, 0x000000072a000000, 0x000000072a200000|  0%| F|  |TAMS 0x000000072a000000| PB 0x000000072a000000| Untracked 
| 280|0x000000072a200000, 0x000000072a200000, 0x000000072a400000|  0%| F|  |TAMS 0x000000072a200000| PB 0x000000072a200000| Untracked 
| 281|0x000000072a400000, 0x000000072a400000, 0x000000072a600000|  0%| F|  |TAMS 0x000000072a400000| PB 0x000000072a400000| Untracked 
| 282|0x000000072a600000, 0x000000072a600000, 0x000000072a800000|  0%| F|  |TAMS 0x000000072a600000| PB 0x000000072a600000| Untracked 
| 283|0x000000072a800000, 0x000000072a800000, 0x000000072aa00000|  0%| F|  |TAMS 0x000000072a800000| PB 0x000000072a800000| Untracked 
| 284|0x000000072aa00000, 0x000000072aa00000, 0x000000072ac00000|  0%| F|  |TAMS 0x000000072aa00000| PB 0x000000072aa00000| Untracked 
| 285|0x000000072ac00000, 0x000000072ac00000, 0x000000072ae00000|  0%| F|  |TAMS 0x000000072ac00000| PB 0x000000072ac00000| Untracked 
| 286|0x000000072ae00000, 0x000000072ae00000, 0x000000072b000000|  0%| F|  |TAMS 0x000000072ae00000| PB 0x000000072ae00000| Untracked 
| 287|0x000000072b000000, 0x000000072b000000, 0x000000072b200000|  0%| F|  |TAMS 0x000000072b000000| PB 0x000000072b000000| Untracked 
| 288|0x000000072b200000, 0x000000072b200000, 0x000000072b400000|  0%| F|  |TAMS 0x000000072b200000| PB 0x000000072b200000| Untracked 
| 289|0x000000072b400000, 0x000000072b400000, 0x000000072b600000|  0%| F|  |TAMS 0x000000072b400000| PB 0x000000072b400000| Untracked 
| 290|0x000000072b600000, 0x000000072b600000, 0x000000072b800000|  0%| F|  |TAMS 0x000000072b600000| PB 0x000000072b600000| Untracked 
| 291|0x000000072b800000, 0x000000072b800000, 0x000000072ba00000|  0%| F|  |TAMS 0x000000072b800000| PB 0x000000072b800000| Untracked 
| 292|0x000000072ba00000, 0x000000072ba00000, 0x000000072bc00000|  0%| F|  |TAMS 0x000000072ba00000| PB 0x000000072ba00000| Untracked 
| 293|0x000000072bc00000, 0x000000072bc00000, 0x000000072be00000|  0%| F|  |TAMS 0x000000072bc00000| PB 0x000000072bc00000| Untracked 
| 294|0x000000072be00000, 0x000000072be00000, 0x000000072c000000|  0%| F|  |TAMS 0x000000072be00000| PB 0x000000072be00000| Untracked 
| 295|0x000000072c000000, 0x000000072c000000, 0x000000072c200000|  0%| F|  |TAMS 0x000000072c000000| PB 0x000000072c000000| Untracked 
| 296|0x000000072c200000, 0x000000072c200000, 0x000000072c400000|  0%| F|  |TAMS 0x000000072c200000| PB 0x000000072c200000| Untracked 
| 297|0x000000072c400000, 0x000000072c400000, 0x000000072c600000|  0%| F|  |TAMS 0x000000072c400000| PB 0x000000072c400000| Untracked 
| 298|0x000000072c600000, 0x000000072c600000, 0x000000072c800000|  0%| F|  |TAMS 0x000000072c600000| PB 0x000000072c600000| Untracked 
| 299|0x000000072c800000, 0x000000072c800000, 0x000000072ca00000|  0%| F|  |TAMS 0x000000072c800000| PB 0x000000072c800000| Untracked 
| 300|0x000000072ca00000, 0x000000072ca00000, 0x000000072cc00000|  0%| F|  |TAMS 0x000000072ca00000| PB 0x000000072ca00000| Untracked 
| 301|0x000000072cc00000, 0x000000072cc00000, 0x000000072ce00000|  0%| F|  |TAMS 0x000000072cc00000| PB 0x000000072cc00000| Untracked 
| 302|0x000000072ce00000, 0x000000072ce00000, 0x000000072d000000|  0%| F|  |TAMS 0x000000072ce00000| PB 0x000000072ce00000| Untracked 
| 303|0x000000072d000000, 0x000000072d000000, 0x000000072d200000|  0%| F|  |TAMS 0x000000072d000000| PB 0x000000072d000000| Untracked 
| 304|0x000000072d200000, 0x000000072d200000, 0x000000072d400000|  0%| F|  |TAMS 0x000000072d200000| PB 0x000000072d200000| Untracked 
| 305|0x000000072d400000, 0x000000072d400000, 0x000000072d600000|  0%| F|  |TAMS 0x000000072d400000| PB 0x000000072d400000| Untracked 
| 306|0x000000072d600000, 0x000000072d600000, 0x000000072d800000|  0%| F|  |TAMS 0x000000072d600000| PB 0x000000072d600000| Untracked 
| 307|0x000000072d800000, 0x000000072d800000, 0x000000072da00000|  0%| F|  |TAMS 0x000000072d800000| PB 0x000000072d800000| Untracked 
| 308|0x000000072da00000, 0x000000072da00000, 0x000000072dc00000|  0%| F|  |TAMS 0x000000072da00000| PB 0x000000072da00000| Untracked 
| 309|0x000000072dc00000, 0x000000072dc00000, 0x000000072de00000|  0%| F|  |TAMS 0x000000072dc00000| PB 0x000000072dc00000| Untracked 
| 310|0x000000072de00000, 0x000000072de00000, 0x000000072e000000|  0%| F|  |TAMS 0x000000072de00000| PB 0x000000072de00000| Untracked 
| 311|0x000000072e000000, 0x000000072e000000, 0x000000072e200000|  0%| F|  |TAMS 0x000000072e000000| PB 0x000000072e000000| Untracked 
| 312|0x000000072e200000, 0x000000072e200000, 0x000000072e400000|  0%| F|  |TAMS 0x000000072e200000| PB 0x000000072e200000| Untracked 
| 313|0x000000072e400000, 0x000000072e400000, 0x000000072e600000|  0%| F|  |TAMS 0x000000072e400000| PB 0x000000072e400000| Untracked 
| 314|0x000000072e600000, 0x000000072e600000, 0x000000072e800000|  0%| F|  |TAMS 0x000000072e600000| PB 0x000000072e600000| Untracked 
| 315|0x000000072e800000, 0x000000072e800000, 0x000000072ea00000|  0%| F|  |TAMS 0x000000072e800000| PB 0x000000072e800000| Untracked 
| 316|0x000000072ea00000, 0x000000072ea00000, 0x000000072ec00000|  0%| F|  |TAMS 0x000000072ea00000| PB 0x000000072ea00000| Untracked 
| 317|0x000000072ec00000, 0x000000072ec00000, 0x000000072ee00000|  0%| F|  |TAMS 0x000000072ec00000| PB 0x000000072ec00000| Untracked 
| 318|0x000000072ee00000, 0x000000072ee00000, 0x000000072f000000|  0%| F|  |TAMS 0x000000072ee00000| PB 0x000000072ee00000| Untracked 
| 319|0x000000072f000000, 0x000000072f000000, 0x000000072f200000|  0%| F|  |TAMS 0x000000072f000000| PB 0x000000072f000000| Untracked 
| 320|0x000000072f200000, 0x000000072f200000, 0x000000072f400000|  0%| F|  |TAMS 0x000000072f200000| PB 0x000000072f200000| Untracked 
| 321|0x000000072f400000, 0x000000072f400000, 0x000000072f600000|  0%| F|  |TAMS 0x000000072f400000| PB 0x000000072f400000| Untracked 
| 322|0x000000072f600000, 0x000000072f600000, 0x000000072f800000|  0%| F|  |TAMS 0x000000072f600000| PB 0x000000072f600000| Untracked 
| 323|0x000000072f800000, 0x000000072f800000, 0x000000072fa00000|  0%| F|  |TAMS 0x000000072f800000| PB 0x000000072f800000| Untracked 
| 324|0x000000072fa00000, 0x000000072fa00000, 0x000000072fc00000|  0%| F|  |TAMS 0x000000072fa00000| PB 0x000000072fa00000| Untracked 
| 325|0x000000072fc00000, 0x000000072fc00000, 0x000000072fe00000|  0%| F|  |TAMS 0x000000072fc00000| PB 0x000000072fc00000| Untracked 
| 326|0x000000072fe00000, 0x000000072fe00000, 0x0000000730000000|  0%| F|  |TAMS 0x000000072fe00000| PB 0x000000072fe00000| Untracked 
| 327|0x0000000730000000, 0x0000000730000000, 0x0000000730200000|  0%| F|  |TAMS 0x0000000730000000| PB 0x0000000730000000| Untracked 
| 328|0x0000000730200000, 0x0000000730200000, 0x0000000730400000|  0%| F|  |TAMS 0x0000000730200000| PB 0x0000000730200000| Untracked 
| 329|0x0000000730400000, 0x0000000730400000, 0x0000000730600000|  0%| F|  |TAMS 0x0000000730400000| PB 0x0000000730400000| Untracked 
| 330|0x0000000730600000, 0x0000000730600000, 0x0000000730800000|  0%| F|  |TAMS 0x0000000730600000| PB 0x0000000730600000| Untracked 
| 331|0x0000000730800000, 0x0000000730800000, 0x0000000730a00000|  0%| F|  |TAMS 0x0000000730800000| PB 0x0000000730800000| Untracked 
| 332|0x0000000730a00000, 0x0000000730a00000, 0x0000000730c00000|  0%| F|  |TAMS 0x0000000730a00000| PB 0x0000000730a00000| Untracked 
| 333|0x0000000730c00000, 0x0000000730c00000, 0x0000000730e00000|  0%| F|  |TAMS 0x0000000730c00000| PB 0x0000000730c00000| Untracked 
| 334|0x0000000730e00000, 0x0000000730e00000, 0x0000000731000000|  0%| F|  |TAMS 0x0000000730e00000| PB 0x0000000730e00000| Untracked 
| 335|0x0000000731000000, 0x0000000731000000, 0x0000000731200000|  0%| F|  |TAMS 0x0000000731000000| PB 0x0000000731000000| Untracked 
| 336|0x0000000731200000, 0x0000000731200000, 0x0000000731400000|  0%| F|  |TAMS 0x0000000731200000| PB 0x0000000731200000| Untracked 
| 337|0x0000000731400000, 0x0000000731400000, 0x0000000731600000|  0%| F|  |TAMS 0x0000000731400000| PB 0x0000000731400000| Untracked 
| 338|0x0000000731600000, 0x0000000731600000, 0x0000000731800000|  0%| F|  |TAMS 0x0000000731600000| PB 0x0000000731600000| Untracked 
| 339|0x0000000731800000, 0x0000000731800000, 0x0000000731a00000|  0%| F|  |TAMS 0x0000000731800000| PB 0x0000000731800000| Untracked 
| 340|0x0000000731a00000, 0x0000000731a00000, 0x0000000731c00000|  0%| F|  |TAMS 0x0000000731a00000| PB 0x0000000731a00000| Untracked 
| 341|0x0000000731c00000, 0x0000000731c00000, 0x0000000731e00000|  0%| F|  |TAMS 0x0000000731c00000| PB 0x0000000731c00000| Untracked 
| 342|0x0000000731e00000, 0x0000000731e00000, 0x0000000732000000|  0%| F|  |TAMS 0x0000000731e00000| PB 0x0000000731e00000| Untracked 
| 343|0x0000000732000000, 0x0000000732000000, 0x0000000732200000|  0%| F|  |TAMS 0x0000000732000000| PB 0x0000000732000000| Untracked 
| 344|0x0000000732200000, 0x0000000732200000, 0x0000000732400000|  0%| F|  |TAMS 0x0000000732200000| PB 0x0000000732200000| Untracked 
| 345|0x0000000732400000, 0x0000000732400000, 0x0000000732600000|  0%| F|  |TAMS 0x0000000732400000| PB 0x0000000732400000| Untracked 
| 346|0x0000000732600000, 0x0000000732600000, 0x0000000732800000|  0%| F|  |TAMS 0x0000000732600000| PB 0x0000000732600000| Untracked 
| 347|0x0000000732800000, 0x0000000732800000, 0x0000000732a00000|  0%| F|  |TAMS 0x0000000732800000| PB 0x0000000732800000| Untracked 
| 348|0x0000000732a00000, 0x0000000732a00000, 0x0000000732c00000|  0%| F|  |TAMS 0x0000000732a00000| PB 0x0000000732a00000| Untracked 
| 349|0x0000000732c00000, 0x0000000732c00000, 0x0000000732e00000|  0%| F|  |TAMS 0x0000000732c00000| PB 0x0000000732c00000| Untracked 
| 350|0x0000000732e00000, 0x0000000732e00000, 0x0000000733000000|  0%| F|  |TAMS 0x0000000732e00000| PB 0x0000000732e00000| Untracked 
| 351|0x0000000733000000, 0x0000000733000000, 0x0000000733200000|  0%| F|  |TAMS 0x0000000733000000| PB 0x0000000733000000| Untracked 
| 352|0x0000000733200000, 0x0000000733200000, 0x0000000733400000|  0%| F|  |TAMS 0x0000000733200000| PB 0x0000000733200000| Untracked 
| 353|0x0000000733400000, 0x0000000733400000, 0x0000000733600000|  0%| F|  |TAMS 0x0000000733400000| PB 0x0000000733400000| Untracked 
| 354|0x0000000733600000, 0x0000000733600000, 0x0000000733800000|  0%| F|  |TAMS 0x0000000733600000| PB 0x0000000733600000| Untracked 
| 355|0x0000000733800000, 0x0000000733800000, 0x0000000733a00000|  0%| F|  |TAMS 0x0000000733800000| PB 0x0000000733800000| Untracked 
| 356|0x0000000733a00000, 0x0000000733a00000, 0x0000000733c00000|  0%| F|  |TAMS 0x0000000733a00000| PB 0x0000000733a00000| Untracked 
| 357|0x0000000733c00000, 0x0000000733c00000, 0x0000000733e00000|  0%| F|  |TAMS 0x0000000733c00000| PB 0x0000000733c00000| Untracked 
| 358|0x0000000733e00000, 0x0000000733e00000, 0x0000000734000000|  0%| F|  |TAMS 0x0000000733e00000| PB 0x0000000733e00000| Untracked 
| 359|0x0000000734000000, 0x0000000734000000, 0x0000000734200000|  0%| F|  |TAMS 0x0000000734000000| PB 0x0000000734000000| Untracked 
| 360|0x0000000734200000, 0x0000000734200000, 0x0000000734400000|  0%| F|  |TAMS 0x0000000734200000| PB 0x0000000734200000| Untracked 
| 361|0x0000000734400000, 0x0000000734400000, 0x0000000734600000|  0%| F|  |TAMS 0x0000000734400000| PB 0x0000000734400000| Untracked 
| 362|0x0000000734600000, 0x0000000734600000, 0x0000000734800000|  0%| F|  |TAMS 0x0000000734600000| PB 0x0000000734600000| Untracked 
| 363|0x0000000734800000, 0x0000000734800000, 0x0000000734a00000|  0%| F|  |TAMS 0x0000000734800000| PB 0x0000000734800000| Untracked 
| 364|0x0000000734a00000, 0x0000000734a00000, 0x0000000734c00000|  0%| F|  |TAMS 0x0000000734a00000| PB 0x0000000734a00000| Untracked 
| 365|0x0000000734c00000, 0x0000000734c00000, 0x0000000734e00000|  0%| F|  |TAMS 0x0000000734c00000| PB 0x0000000734c00000| Untracked 
| 366|0x0000000734e00000, 0x0000000734e00000, 0x0000000735000000|  0%| F|  |TAMS 0x0000000734e00000| PB 0x0000000734e00000| Untracked 
| 367|0x0000000735000000, 0x0000000735000000, 0x0000000735200000|  0%| F|  |TAMS 0x0000000735000000| PB 0x0000000735000000| Untracked 
| 368|0x0000000735200000, 0x0000000735200000, 0x0000000735400000|  0%| F|  |TAMS 0x0000000735200000| PB 0x0000000735200000| Untracked 
| 369|0x0000000735400000, 0x0000000735400000, 0x0000000735600000|  0%| F|  |TAMS 0x0000000735400000| PB 0x0000000735400000| Untracked 
| 370|0x0000000735600000, 0x0000000735600000, 0x0000000735800000|  0%| F|  |TAMS 0x0000000735600000| PB 0x0000000735600000| Untracked 
| 371|0x0000000735800000, 0x0000000735800000, 0x0000000735a00000|  0%| F|  |TAMS 0x0000000735800000| PB 0x0000000735800000| Untracked 
| 372|0x0000000735a00000, 0x0000000735a00000, 0x0000000735c00000|  0%| F|  |TAMS 0x0000000735a00000| PB 0x0000000735a00000| Untracked 
| 373|0x0000000735c00000, 0x0000000735c00000, 0x0000000735e00000|  0%| F|  |TAMS 0x0000000735c00000| PB 0x0000000735c00000| Untracked 
| 374|0x0000000735e00000, 0x0000000735e00000, 0x0000000736000000|  0%| F|  |TAMS 0x0000000735e00000| PB 0x0000000735e00000| Untracked 
| 375|0x0000000736000000, 0x0000000736000000, 0x0000000736200000|  0%| F|  |TAMS 0x0000000736000000| PB 0x0000000736000000| Untracked 
| 376|0x0000000736200000, 0x0000000736200000, 0x0000000736400000|  0%| F|  |TAMS 0x0000000736200000| PB 0x0000000736200000| Untracked 
| 377|0x0000000736400000, 0x0000000736400000, 0x0000000736600000|  0%| F|  |TAMS 0x0000000736400000| PB 0x0000000736400000| Untracked 
| 378|0x0000000736600000, 0x0000000736600000, 0x0000000736800000|  0%| F|  |TAMS 0x0000000736600000| PB 0x0000000736600000| Untracked 
| 379|0x0000000736800000, 0x0000000736800000, 0x0000000736a00000|  0%| F|  |TAMS 0x0000000736800000| PB 0x0000000736800000| Untracked 
| 380|0x0000000736a00000, 0x0000000736a00000, 0x0000000736c00000|  0%| F|  |TAMS 0x0000000736a00000| PB 0x0000000736a00000| Untracked 
| 381|0x0000000736c00000, 0x0000000736c00000, 0x0000000736e00000|  0%| F|  |TAMS 0x0000000736c00000| PB 0x0000000736c00000| Untracked 
| 382|0x0000000736e00000, 0x0000000736e00000, 0x0000000737000000|  0%| F|  |TAMS 0x0000000736e00000| PB 0x0000000736e00000| Untracked 
| 383|0x0000000737000000, 0x0000000737000000, 0x0000000737200000|  0%| F|  |TAMS 0x0000000737000000| PB 0x0000000737000000| Untracked 
| 384|0x0000000737200000, 0x0000000737200000, 0x0000000737400000|  0%| F|  |TAMS 0x0000000737200000| PB 0x0000000737200000| Untracked 
| 385|0x0000000737400000, 0x0000000737400000, 0x0000000737600000|  0%| F|  |TAMS 0x0000000737400000| PB 0x0000000737400000| Untracked 
| 386|0x0000000737600000, 0x0000000737600000, 0x0000000737800000|  0%| F|  |TAMS 0x0000000737600000| PB 0x0000000737600000| Untracked 
| 387|0x0000000737800000, 0x0000000737800000, 0x0000000737a00000|  0%| F|  |TAMS 0x0000000737800000| PB 0x0000000737800000| Untracked 
| 388|0x0000000737a00000, 0x0000000737a00000, 0x0000000737c00000|  0%| F|  |TAMS 0x0000000737a00000| PB 0x0000000737a00000| Untracked 
| 389|0x0000000737c00000, 0x0000000737c00000, 0x0000000737e00000|  0%| F|  |TAMS 0x0000000737c00000| PB 0x0000000737c00000| Untracked 
| 390|0x0000000737e00000, 0x0000000737e00000, 0x0000000738000000|  0%| F|  |TAMS 0x0000000737e00000| PB 0x0000000737e00000| Untracked 
| 391|0x0000000738000000, 0x0000000738000000, 0x0000000738200000|  0%| F|  |TAMS 0x0000000738000000| PB 0x0000000738000000| Untracked 
| 392|0x0000000738200000, 0x0000000738200000, 0x0000000738400000|  0%| F|  |TAMS 0x0000000738200000| PB 0x0000000738200000| Untracked 
| 393|0x0000000738400000, 0x0000000738400000, 0x0000000738600000|  0%| F|  |TAMS 0x0000000738400000| PB 0x0000000738400000| Untracked 
| 394|0x0000000738600000, 0x0000000738600000, 0x0000000738800000|  0%| F|  |TAMS 0x0000000738600000| PB 0x0000000738600000| Untracked 
| 395|0x0000000738800000, 0x0000000738800000, 0x0000000738a00000|  0%| F|  |TAMS 0x0000000738800000| PB 0x0000000738800000| Untracked 
| 396|0x0000000738a00000, 0x0000000738a00000, 0x0000000738c00000|  0%| F|  |TAMS 0x0000000738a00000| PB 0x0000000738a00000| Untracked 
| 397|0x0000000738c00000, 0x0000000738c00000, 0x0000000738e00000|  0%| F|  |TAMS 0x0000000738c00000| PB 0x0000000738c00000| Untracked 
| 398|0x0000000738e00000, 0x0000000738e00000, 0x0000000739000000|  0%| F|  |TAMS 0x0000000738e00000| PB 0x0000000738e00000| Untracked 
| 399|0x0000000739000000, 0x0000000739000000, 0x0000000739200000|  0%| F|  |TAMS 0x0000000739000000| PB 0x0000000739000000| Untracked 
| 400|0x0000000739200000, 0x0000000739200000, 0x0000000739400000|  0%| F|  |TAMS 0x0000000739200000| PB 0x0000000739200000| Untracked 
| 401|0x0000000739400000, 0x0000000739400000, 0x0000000739600000|  0%| F|  |TAMS 0x0000000739400000| PB 0x0000000739400000| Untracked 
| 402|0x0000000739600000, 0x0000000739600000, 0x0000000739800000|  0%| F|  |TAMS 0x0000000739600000| PB 0x0000000739600000| Untracked 
| 403|0x0000000739800000, 0x0000000739800000, 0x0000000739a00000|  0%| F|  |TAMS 0x0000000739800000| PB 0x0000000739800000| Untracked 
| 404|0x0000000739a00000, 0x0000000739a00000, 0x0000000739c00000|  0%| F|  |TAMS 0x0000000739a00000| PB 0x0000000739a00000| Untracked 
| 405|0x0000000739c00000, 0x0000000739c00000, 0x0000000739e00000|  0%| F|  |TAMS 0x0000000739c00000| PB 0x0000000739c00000| Untracked 
| 406|0x0000000739e00000, 0x0000000739e00000, 0x000000073a000000|  0%| F|  |TAMS 0x0000000739e00000| PB 0x0000000739e00000| Untracked 
| 407|0x000000073a000000, 0x000000073a000000, 0x000000073a200000|  0%| F|  |TAMS 0x000000073a000000| PB 0x000000073a000000| Untracked 
| 408|0x000000073a200000, 0x000000073a200000, 0x000000073a400000|  0%| F|  |TAMS 0x000000073a200000| PB 0x000000073a200000| Untracked 
| 409|0x000000073a400000, 0x000000073a400000, 0x000000073a600000|  0%| F|  |TAMS 0x000000073a400000| PB 0x000000073a400000| Untracked 
| 410|0x000000073a600000, 0x000000073a600000, 0x000000073a800000|  0%| F|  |TAMS 0x000000073a600000| PB 0x000000073a600000| Untracked 
| 411|0x000000073a800000, 0x000000073a800000, 0x000000073aa00000|  0%| F|  |TAMS 0x000000073a800000| PB 0x000000073a800000| Untracked 
| 412|0x000000073aa00000, 0x000000073aa00000, 0x000000073ac00000|  0%| F|  |TAMS 0x000000073aa00000| PB 0x000000073aa00000| Untracked 
| 413|0x000000073ac00000, 0x000000073ac00000, 0x000000073ae00000|  0%| F|  |TAMS 0x000000073ac00000| PB 0x000000073ac00000| Untracked 
| 414|0x000000073ae00000, 0x000000073ae00000, 0x000000073b000000|  0%| F|  |TAMS 0x000000073ae00000| PB 0x000000073ae00000| Untracked 
| 415|0x000000073b000000, 0x000000073b000000, 0x000000073b200000|  0%| F|  |TAMS 0x000000073b000000| PB 0x000000073b000000| Untracked 
| 416|0x000000073b200000, 0x000000073b200000, 0x000000073b400000|  0%| F|  |TAMS 0x000000073b200000| PB 0x000000073b200000| Untracked 
| 417|0x000000073b400000, 0x000000073b400000, 0x000000073b600000|  0%| F|  |TAMS 0x000000073b400000| PB 0x000000073b400000| Untracked 
| 418|0x000000073b600000, 0x000000073b600000, 0x000000073b800000|  0%| F|  |TAMS 0x000000073b600000| PB 0x000000073b600000| Untracked 
| 419|0x000000073b800000, 0x000000073b800000, 0x000000073ba00000|  0%| F|  |TAMS 0x000000073b800000| PB 0x000000073b800000| Untracked 
| 420|0x000000073ba00000, 0x000000073ba00000, 0x000000073bc00000|  0%| F|  |TAMS 0x000000073ba00000| PB 0x000000073ba00000| Untracked 
| 421|0x000000073bc00000, 0x000000073bc00000, 0x000000073be00000|  0%| F|  |TAMS 0x000000073bc00000| PB 0x000000073bc00000| Untracked 
| 422|0x000000073be00000, 0x000000073be00000, 0x000000073c000000|  0%| F|  |TAMS 0x000000073be00000| PB 0x000000073be00000| Untracked 
| 423|0x000000073c000000, 0x000000073c000000, 0x000000073c200000|  0%| F|  |TAMS 0x000000073c000000| PB 0x000000073c000000| Untracked 
| 424|0x000000073c200000, 0x000000073c200000, 0x000000073c400000|  0%| F|  |TAMS 0x000000073c200000| PB 0x000000073c200000| Untracked 
| 425|0x000000073c400000, 0x000000073c400000, 0x000000073c600000|  0%| F|  |TAMS 0x000000073c400000| PB 0x000000073c400000| Untracked 
| 426|0x000000073c600000, 0x000000073c600000, 0x000000073c800000|  0%| F|  |TAMS 0x000000073c600000| PB 0x000000073c600000| Untracked 
| 427|0x000000073c800000, 0x000000073c800000, 0x000000073ca00000|  0%| F|  |TAMS 0x000000073c800000| PB 0x000000073c800000| Untracked 
| 428|0x000000073ca00000, 0x000000073ca00000, 0x000000073cc00000|  0%| F|  |TAMS 0x000000073ca00000| PB 0x000000073ca00000| Untracked 
| 429|0x000000073cc00000, 0x000000073cc00000, 0x000000073ce00000|  0%| F|  |TAMS 0x000000073cc00000| PB 0x000000073cc00000| Untracked 
| 430|0x000000073ce00000, 0x000000073ce00000, 0x000000073d000000|  0%| F|  |TAMS 0x000000073ce00000| PB 0x000000073ce00000| Untracked 
| 431|0x000000073d000000, 0x000000073d000000, 0x000000073d200000|  0%| F|  |TAMS 0x000000073d000000| PB 0x000000073d000000| Untracked 
| 432|0x000000073d200000, 0x000000073d200000, 0x000000073d400000|  0%| F|  |TAMS 0x000000073d200000| PB 0x000000073d200000| Untracked 
| 433|0x000000073d400000, 0x000000073d400000, 0x000000073d600000|  0%| F|  |TAMS 0x000000073d400000| PB 0x000000073d400000| Untracked 
| 434|0x000000073d600000, 0x000000073d600000, 0x000000073d800000|  0%| F|  |TAMS 0x000000073d600000| PB 0x000000073d600000| Untracked 
| 435|0x000000073d800000, 0x000000073d800000, 0x000000073da00000|  0%| F|  |TAMS 0x000000073d800000| PB 0x000000073d800000| Untracked 
| 436|0x000000073da00000, 0x000000073da00000, 0x000000073dc00000|  0%| F|  |TAMS 0x000000073da00000| PB 0x000000073da00000| Untracked 
| 437|0x000000073dc00000, 0x000000073dc00000, 0x000000073de00000|  0%| F|  |TAMS 0x000000073dc00000| PB 0x000000073dc00000| Untracked 
| 438|0x000000073de00000, 0x000000073de00000, 0x000000073e000000|  0%| F|  |TAMS 0x000000073de00000| PB 0x000000073de00000| Untracked 
| 439|0x000000073e000000, 0x000000073e000000, 0x000000073e200000|  0%| F|  |TAMS 0x000000073e000000| PB 0x000000073e000000| Untracked 
| 440|0x000000073e200000, 0x000000073e200000, 0x000000073e400000|  0%| F|  |TAMS 0x000000073e200000| PB 0x000000073e200000| Untracked 
| 441|0x000000073e400000, 0x000000073e400000, 0x000000073e600000|  0%| F|  |TAMS 0x000000073e400000| PB 0x000000073e400000| Untracked 
| 442|0x000000073e600000, 0x000000073e600000, 0x000000073e800000|  0%| F|  |TAMS 0x000000073e600000| PB 0x000000073e600000| Untracked 
| 443|0x000000073e800000, 0x000000073e800000, 0x000000073ea00000|  0%| F|  |TAMS 0x000000073e800000| PB 0x000000073e800000| Untracked 
| 444|0x000000073ea00000, 0x000000073ea00000, 0x000000073ec00000|  0%| F|  |TAMS 0x000000073ea00000| PB 0x000000073ea00000| Untracked 
| 445|0x000000073ec00000, 0x000000073ec00000, 0x000000073ee00000|  0%| F|  |TAMS 0x000000073ec00000| PB 0x000000073ec00000| Untracked 
| 446|0x000000073ee00000, 0x000000073ee00000, 0x000000073f000000|  0%| F|  |TAMS 0x000000073ee00000| PB 0x000000073ee00000| Untracked 
| 447|0x000000073f000000, 0x000000073f000000, 0x000000073f200000|  0%| F|  |TAMS 0x000000073f000000| PB 0x000000073f000000| Untracked 
| 448|0x000000073f200000, 0x000000073f200000, 0x000000073f400000|  0%| F|  |TAMS 0x000000073f200000| PB 0x000000073f200000| Untracked 
| 449|0x000000073f400000, 0x000000073f400000, 0x000000073f600000|  0%| F|  |TAMS 0x000000073f400000| PB 0x000000073f400000| Untracked 
| 450|0x000000073f600000, 0x000000073f600000, 0x000000073f800000|  0%| F|  |TAMS 0x000000073f600000| PB 0x000000073f600000| Untracked 
| 451|0x000000073f800000, 0x000000073f800000, 0x000000073fa00000|  0%| F|  |TAMS 0x000000073f800000| PB 0x000000073f800000| Untracked 
| 452|0x000000073fa00000, 0x000000073fa00000, 0x000000073fc00000|  0%| F|  |TAMS 0x000000073fa00000| PB 0x000000073fa00000| Untracked 
| 453|0x000000073fc00000, 0x000000073fc00000, 0x000000073fe00000|  0%| F|  |TAMS 0x000000073fc00000| PB 0x000000073fc00000| Untracked 
| 454|0x000000073fe00000, 0x000000073fe00000, 0x0000000740000000|  0%| F|  |TAMS 0x000000073fe00000| PB 0x000000073fe00000| Untracked 
| 455|0x0000000740000000, 0x0000000740000000, 0x0000000740200000|  0%| F|  |TAMS 0x0000000740000000| PB 0x0000000740000000| Untracked 
| 456|0x0000000740200000, 0x0000000740200000, 0x0000000740400000|  0%| F|  |TAMS 0x0000000740200000| PB 0x0000000740200000| Untracked 
| 457|0x0000000740400000, 0x0000000740400000, 0x0000000740600000|  0%| F|  |TAMS 0x0000000740400000| PB 0x0000000740400000| Untracked 
| 458|0x0000000740600000, 0x0000000740600000, 0x0000000740800000|  0%| F|  |TAMS 0x0000000740600000| PB 0x0000000740600000| Untracked 
| 459|0x0000000740800000, 0x0000000740800000, 0x0000000740a00000|  0%| F|  |TAMS 0x0000000740800000| PB 0x0000000740800000| Untracked 
| 460|0x0000000740a00000, 0x0000000740a00000, 0x0000000740c00000|  0%| F|  |TAMS 0x0000000740a00000| PB 0x0000000740a00000| Untracked 
| 461|0x0000000740c00000, 0x0000000740c00000, 0x0000000740e00000|  0%| F|  |TAMS 0x0000000740c00000| PB 0x0000000740c00000| Untracked 
| 462|0x0000000740e00000, 0x0000000740e00000, 0x0000000741000000|  0%| F|  |TAMS 0x0000000740e00000| PB 0x0000000740e00000| Untracked 
| 463|0x0000000741000000, 0x0000000741000000, 0x0000000741200000|  0%| F|  |TAMS 0x0000000741000000| PB 0x0000000741000000| Untracked 
| 464|0x0000000741200000, 0x0000000741200000, 0x0000000741400000|  0%| F|  |TAMS 0x0000000741200000| PB 0x0000000741200000| Untracked 
| 465|0x0000000741400000, 0x0000000741400000, 0x0000000741600000|  0%| F|  |TAMS 0x0000000741400000| PB 0x0000000741400000| Untracked 
| 466|0x0000000741600000, 0x0000000741600000, 0x0000000741800000|  0%| F|  |TAMS 0x0000000741600000| PB 0x0000000741600000| Untracked 
| 467|0x0000000741800000, 0x0000000741800000, 0x0000000741a00000|  0%| F|  |TAMS 0x0000000741800000| PB 0x0000000741800000| Untracked 
| 468|0x0000000741a00000, 0x0000000741a00000, 0x0000000741c00000|  0%| F|  |TAMS 0x0000000741a00000| PB 0x0000000741a00000| Untracked 
| 469|0x0000000741c00000, 0x0000000741c00000, 0x0000000741e00000|  0%| F|  |TAMS 0x0000000741c00000| PB 0x0000000741c00000| Untracked 
| 470|0x0000000741e00000, 0x0000000741e00000, 0x0000000742000000|  0%| F|  |TAMS 0x0000000741e00000| PB 0x0000000741e00000| Untracked 
| 471|0x0000000742000000, 0x0000000742000000, 0x0000000742200000|  0%| F|  |TAMS 0x0000000742000000| PB 0x0000000742000000| Untracked 
| 472|0x0000000742200000, 0x0000000742200000, 0x0000000742400000|  0%| F|  |TAMS 0x0000000742200000| PB 0x0000000742200000| Untracked 
| 473|0x0000000742400000, 0x0000000742400000, 0x0000000742600000|  0%| F|  |TAMS 0x0000000742400000| PB 0x0000000742400000| Untracked 
| 474|0x0000000742600000, 0x0000000742600000, 0x0000000742800000|  0%| F|  |TAMS 0x0000000742600000| PB 0x0000000742600000| Untracked 
| 475|0x0000000742800000, 0x0000000742800000, 0x0000000742a00000|  0%| F|  |TAMS 0x0000000742800000| PB 0x0000000742800000| Untracked 
| 476|0x0000000742a00000, 0x0000000742a00000, 0x0000000742c00000|  0%| F|  |TAMS 0x0000000742a00000| PB 0x0000000742a00000| Untracked 
| 477|0x0000000742c00000, 0x0000000742c00000, 0x0000000742e00000|  0%| F|  |TAMS 0x0000000742c00000| PB 0x0000000742c00000| Untracked 
| 478|0x0000000742e00000, 0x0000000742e00000, 0x0000000743000000|  0%| F|  |TAMS 0x0000000742e00000| PB 0x0000000742e00000| Untracked 
| 479|0x0000000743000000, 0x0000000743000000, 0x0000000743200000|  0%| F|  |TAMS 0x0000000743000000| PB 0x0000000743000000| Untracked 
| 480|0x0000000743200000, 0x0000000743200000, 0x0000000743400000|  0%| F|  |TAMS 0x0000000743200000| PB 0x0000000743200000| Untracked 
| 481|0x0000000743400000, 0x0000000743400000, 0x0000000743600000|  0%| F|  |TAMS 0x0000000743400000| PB 0x0000000743400000| Untracked 
| 482|0x0000000743600000, 0x0000000743600000, 0x0000000743800000|  0%| F|  |TAMS 0x0000000743600000| PB 0x0000000743600000| Untracked 
| 483|0x0000000743800000, 0x0000000743800000, 0x0000000743a00000|  0%| F|  |TAMS 0x0000000743800000| PB 0x0000000743800000| Untracked 
| 484|0x0000000743a00000, 0x0000000743a00000, 0x0000000743c00000|  0%| F|  |TAMS 0x0000000743a00000| PB 0x0000000743a00000| Untracked 
| 485|0x0000000743c00000, 0x0000000743c00000, 0x0000000743e00000|  0%| F|  |TAMS 0x0000000743c00000| PB 0x0000000743c00000| Untracked 
| 486|0x0000000743e00000, 0x0000000743e00000, 0x0000000744000000|  0%| F|  |TAMS 0x0000000743e00000| PB 0x0000000743e00000| Untracked 
| 487|0x0000000744000000, 0x0000000744000000, 0x0000000744200000|  0%| F|  |TAMS 0x0000000744000000| PB 0x0000000744000000| Untracked 
| 488|0x0000000744200000, 0x0000000744200000, 0x0000000744400000|  0%| F|  |TAMS 0x0000000744200000| PB 0x0000000744200000| Untracked 
| 489|0x0000000744400000, 0x0000000744400000, 0x0000000744600000|  0%| F|  |TAMS 0x0000000744400000| PB 0x0000000744400000| Untracked 
| 490|0x0000000744600000, 0x0000000744600000, 0x0000000744800000|  0%| F|  |TAMS 0x0000000744600000| PB 0x0000000744600000| Untracked 
| 491|0x0000000744800000, 0x0000000744800000, 0x0000000744a00000|  0%| F|  |TAMS 0x0000000744800000| PB 0x0000000744800000| Untracked 
| 492|0x0000000744a00000, 0x0000000744a00000, 0x0000000744c00000|  0%| F|  |TAMS 0x0000000744a00000| PB 0x0000000744a00000| Untracked 
| 493|0x0000000744c00000, 0x0000000744c00000, 0x0000000744e00000|  0%| F|  |TAMS 0x0000000744c00000| PB 0x0000000744c00000| Untracked 
| 494|0x0000000744e00000, 0x0000000744e00000, 0x0000000745000000|  0%| F|  |TAMS 0x0000000744e00000| PB 0x0000000744e00000| Untracked 
| 495|0x0000000745000000, 0x0000000745000000, 0x0000000745200000|  0%| F|  |TAMS 0x0000000745000000| PB 0x0000000745000000| Untracked 
| 496|0x0000000745200000, 0x0000000745200000, 0x0000000745400000|  0%| F|  |TAMS 0x0000000745200000| PB 0x0000000745200000| Untracked 
| 497|0x0000000745400000, 0x0000000745400000, 0x0000000745600000|  0%| F|  |TAMS 0x0000000745400000| PB 0x0000000745400000| Untracked 
| 498|0x0000000745600000, 0x0000000745600000, 0x0000000745800000|  0%| F|  |TAMS 0x0000000745600000| PB 0x0000000745600000| Untracked 
| 499|0x0000000745800000, 0x0000000745800000, 0x0000000745a00000|  0%| F|  |TAMS 0x0000000745800000| PB 0x0000000745800000| Untracked 
| 500|0x0000000745a00000, 0x0000000745a00000, 0x0000000745c00000|  0%| F|  |TAMS 0x0000000745a00000| PB 0x0000000745a00000| Untracked 
| 501|0x0000000745c00000, 0x0000000745c00000, 0x0000000745e00000|  0%| F|  |TAMS 0x0000000745c00000| PB 0x0000000745c00000| Untracked 
| 502|0x0000000745e00000, 0x0000000745e00000, 0x0000000746000000|  0%| F|  |TAMS 0x0000000745e00000| PB 0x0000000745e00000| Untracked 
| 503|0x0000000746000000, 0x0000000746000000, 0x0000000746200000|  0%| F|  |TAMS 0x0000000746000000| PB 0x0000000746000000| Untracked 
| 504|0x0000000746200000, 0x0000000746200000, 0x0000000746400000|  0%| F|  |TAMS 0x0000000746200000| PB 0x0000000746200000| Untracked 
| 505|0x0000000746400000, 0x0000000746400000, 0x0000000746600000|  0%| F|  |TAMS 0x0000000746400000| PB 0x0000000746400000| Untracked 
| 506|0x0000000746600000, 0x0000000746600000, 0x0000000746800000|  0%| F|  |TAMS 0x0000000746600000| PB 0x0000000746600000| Untracked 
| 507|0x0000000746800000, 0x0000000746800000, 0x0000000746a00000|  0%| F|  |TAMS 0x0000000746800000| PB 0x0000000746800000| Untracked 
| 508|0x0000000746a00000, 0x0000000746a00000, 0x0000000746c00000|  0%| F|  |TAMS 0x0000000746a00000| PB 0x0000000746a00000| Untracked 
| 509|0x0000000746c00000, 0x0000000746c00000, 0x0000000746e00000|  0%| F|  |TAMS 0x0000000746c00000| PB 0x0000000746c00000| Untracked 
| 510|0x0000000746e00000, 0x0000000746e00000, 0x0000000747000000|  0%| F|  |TAMS 0x0000000746e00000| PB 0x0000000746e00000| Untracked 
| 511|0x0000000747000000, 0x0000000747000000, 0x0000000747200000|  0%| F|  |TAMS 0x0000000747000000| PB 0x0000000747000000| Untracked 
| 512|0x0000000747200000, 0x0000000747200000, 0x0000000747400000|  0%| F|  |TAMS 0x0000000747200000| PB 0x0000000747200000| Untracked 
| 513|0x0000000747400000, 0x0000000747400000, 0x0000000747600000|  0%| F|  |TAMS 0x0000000747400000| PB 0x0000000747400000| Untracked 
| 514|0x0000000747600000, 0x0000000747600000, 0x0000000747800000|  0%| F|  |TAMS 0x0000000747600000| PB 0x0000000747600000| Untracked 
| 515|0x0000000747800000, 0x0000000747800000, 0x0000000747a00000|  0%| F|  |TAMS 0x0000000747800000| PB 0x0000000747800000| Untracked 
| 516|0x0000000747a00000, 0x0000000747a00000, 0x0000000747c00000|  0%| F|  |TAMS 0x0000000747a00000| PB 0x0000000747a00000| Untracked 
| 517|0x0000000747c00000, 0x0000000747c00000, 0x0000000747e00000|  0%| F|  |TAMS 0x0000000747c00000| PB 0x0000000747c00000| Untracked 
| 518|0x0000000747e00000, 0x0000000747e00000, 0x0000000748000000|  0%| F|  |TAMS 0x0000000747e00000| PB 0x0000000747e00000| Untracked 
| 519|0x0000000748000000, 0x0000000748000000, 0x0000000748200000|  0%| F|  |TAMS 0x0000000748000000| PB 0x0000000748000000| Untracked 
| 520|0x0000000748200000, 0x0000000748200000, 0x0000000748400000|  0%| F|  |TAMS 0x0000000748200000| PB 0x0000000748200000| Untracked 
| 521|0x0000000748400000, 0x0000000748400000, 0x0000000748600000|  0%| F|  |TAMS 0x0000000748400000| PB 0x0000000748400000| Untracked 
| 522|0x0000000748600000, 0x0000000748600000, 0x0000000748800000|  0%| F|  |TAMS 0x0000000748600000| PB 0x0000000748600000| Untracked 
| 523|0x0000000748800000, 0x0000000748800000, 0x0000000748a00000|  0%| F|  |TAMS 0x0000000748800000| PB 0x0000000748800000| Untracked 
| 524|0x0000000748a00000, 0x0000000748a00000, 0x0000000748c00000|  0%| F|  |TAMS 0x0000000748a00000| PB 0x0000000748a00000| Untracked 
| 525|0x0000000748c00000, 0x0000000748c00000, 0x0000000748e00000|  0%| F|  |TAMS 0x0000000748c00000| PB 0x0000000748c00000| Untracked 
| 526|0x0000000748e00000, 0x0000000748e00000, 0x0000000749000000|  0%| F|  |TAMS 0x0000000748e00000| PB 0x0000000748e00000| Untracked 
| 527|0x0000000749000000, 0x0000000749003918, 0x0000000749200000|  0%| E|  |TAMS 0x0000000749000000| PB 0x0000000749000000| Complete 
| 528|0x0000000749200000, 0x0000000749400000, 0x0000000749400000|100%| E|CS|TAMS 0x0000000749200000| PB 0x0000000749200000| Complete 
| 529|0x0000000749400000, 0x0000000749600000, 0x0000000749600000|100%| E|CS|TAMS 0x0000000749400000| PB 0x0000000749400000| Complete 
| 530|0x0000000749600000, 0x0000000749800000, 0x0000000749800000|100%| E|CS|TAMS 0x0000000749600000| PB 0x0000000749600000| Complete 
| 531|0x0000000749800000, 0x0000000749a00000, 0x0000000749a00000|100%| E|CS|TAMS 0x0000000749800000| PB 0x0000000749800000| Complete 
| 532|0x0000000749a00000, 0x0000000749c00000, 0x0000000749c00000|100%| E|CS|TAMS 0x0000000749a00000| PB 0x0000000749a00000| Complete 
| 533|0x0000000749c00000, 0x0000000749e00000, 0x0000000749e00000|100%| E|CS|TAMS 0x0000000749c00000| PB 0x0000000749c00000| Complete 
| 534|0x0000000749e00000, 0x000000074a000000, 0x000000074a000000|100%| E|CS|TAMS 0x0000000749e00000| PB 0x0000000749e00000| Complete 
| 535|0x000000074a000000, 0x000000074a200000, 0x000000074a200000|100%| E|CS|TAMS 0x000000074a000000| PB 0x000000074a000000| Complete 
| 536|0x000000074a200000, 0x000000074a400000, 0x000000074a400000|100%| E|CS|TAMS 0x000000074a200000| PB 0x000000074a200000| Complete 

Card table byte_map: [0x000001bdea9f0000,0x000001bdeb1c0000] _byte_map_base: 0x000001bde71b7000

Marking Bits: (CMBitMap*) 0x000001bde5800790
 Bits: [0x000001bdeb1c0000, 0x000001bdeeff8000)

Polling page: 0x000001bde3380000

Metaspace:

Usage:
  Non-class:    344.45 MB used.
      Class:     44.83 MB used.
       Both:    389.28 MB used.

Virtual space:
  Non-class space:      384.00 MB reserved,     347.19 MB ( 90%) committed,  6 nodes.
      Class space:        1.00 GB reserved,      47.50 MB (  5%) committed,  1 nodes.
             Both:        1.38 GB reserved,     394.69 MB ( 28%) committed. 

Chunk freelists:
   Non-Class:  4.70 MB
       Class:  536.00 KB
        Both:  5.22 MB

MaxMetaspaceSize: unlimited
CompressedClassSpaceSize: 1.00 GB
Initial GC threshold: 21.00 MB
Current GC threshold: 656.69 MB
CDS: off
 - commit_granule_bytes: 65536.
 - commit_granule_words: 8192.
 - virtual_space_node_default_size: 8388608.
 - enlarge_chunks_in_place: 1.
 - use_allocation_guard: 0.


Internal statistics:

num_allocs_failed_limit: 16.
num_arena_births: 26040.
num_arena_deaths: 17464.
num_vsnodes_births: 7.
num_vsnodes_deaths: 0.
num_space_committed: 6565.
num_space_uncommitted: 116.
num_chunks_returned_to_freelist: 24340.
num_chunks_taken_from_freelist: 55350.
num_chunk_merges: 10015.
num_chunk_splits: 31025.
num_chunks_enlarged: 15053.
num_inconsistent_stats: 0.

CodeHeap 'non-profiled nmethods': size=259328Kb used=66975Kb max_used=67058Kb free=192352Kb
 bounds [0x000001bd902c0000, 0x000001bd94520000, 0x000001bda0000000]
CodeHeap 'profiled nmethods': size=259264Kb used=101513Kb max_used=105376Kb free=157750Kb
 bounds [0x000001bd80000000, 0x000001bd86810000, 0x000001bd8fd30000]
CodeHeap 'non-nmethods': size=5696Kb used=4188Kb max_used=4262Kb free=1507Kb
 bounds [0x000001bd8fd30000, 0x000001bd90180000, 0x000001bd902c0000]
 total_blobs=43469 nmethods=41305 adapters=2063
 compilation: enabled
              stopped_count=0, restarted_count=0
 full_count=0

Compilation events (20 events):
Event: 11521.889 Thread 0x000001bdf22706a0 120064       4       java.lang.invoke.LambdaForm$MH/0x0000000802a0c800::invoke (42 bytes)
Event: 11521.889 Thread 0x000001bdf22706a0 nmethod 120064 0x000001bd92d4b090 code [0x000001bd92d4b220, 0x000001bd92d4b2c8]
Event: 11581.835 Thread 0x000001bdf22706a0 120065       4       java.lang.invoke.LambdaForm$MH/0x0000000802e92800::invoke (60 bytes)
Event: 11581.836 Thread 0x000001bdf22706a0 nmethod 120065 0x000001bd93882390 code [0x000001bd93882520, 0x000001bd938825f8]
Event: 11581.836 Thread 0x000001bdf22706a0 120066       4       com.fasterxml.jackson.databind.introspect.AnnotatedMethodCollector::_addMemberMethods (225 bytes)
Event: 11581.877 Thread 0x000001bdf22706a0 nmethod 120066 0x000001bd94513190 code [0x000001bd94513800, 0x000001bd94518270]
Event: 11599.572 Thread 0x000001bdf22706a0 120067       4       java.util.regex.Pattern::peek (26 bytes)
Event: 11599.572 Thread 0x000001bdf22706a0 nmethod 120067 0x000001bd92dfb790 code [0x000001bd92dfb920, 0x000001bd92dfba28]
Event: 11641.830 Thread 0x000001bdf22706a0 120068       4       java.lang.invoke.LambdaForm$MH/0x0000000801db8000::invoke (60 bytes)
Event: 11641.831 Thread 0x000001bdf2271140 120069       3       java.lang.invoke.LambdaForm$MH/0x0000000802d5c800::invoke (60 bytes)
Event: 11641.831 Thread 0x000001bdf2271140 nmethod 120069 0x000001bd816c3610 code [0x000001bd816c3860, 0x000001bd816c4340]
Event: 11641.831 Thread 0x000001bdf2271140 120070       3       java.lang.invoke.LambdaForm$MH/0x0000000802d5cc00::invoke (60 bytes)
Event: 11641.831 Thread 0x000001bdf2271140 nmethod 120070 0x000001bd82e20d90 code [0x000001bd82e20fe0, 0x000001bd82e21ac0]
Event: 11641.832 Thread 0x000001bdf22706a0 nmethod 120068 0x000001bd93b34490 code [0x000001bd93b34620, 0x000001bd93b34778]
Event: 11641.832 Thread 0x000001bdf2271140 120071       3       java.lang.invoke.LambdaForm$MH/0x0000000802d5d000::invoke (42 bytes)
Event: 11641.832 Thread 0x000001bdf22706a0 120072       4       java.lang.invoke.LambdaForm$MH/0x0000000802d1c400::invoke (60 bytes)
Event: 11641.832 Thread 0x000001bdf2271140 nmethod 120071 0x000001bd846f8c10 code [0x000001bd846f8e40, 0x000001bd846f9750]
Event: 11641.832 Thread 0x000001bdf22706a0 nmethod 120072 0x000001bd94433c10 code [0x000001bd94433da0, 0x000001bd94433ef8]
Event: 11701.825 Thread 0x000001bdf22706a0 120073 %     4       sun.management.ThreadImpl::verifyThreadIds @ 7 (27 bytes)
Event: 11701.829 Thread 0x000001bdf22706a0 nmethod 120073% 0x000001bd907a0490 code [0x000001bd907a0620, 0x000001bd907a0910]

GC Heap History (20 events):
Event: 10243.640 GC heap before
{Heap before GC invocations=559 (full 0):
 garbage-first heap   total 1099776K, used 1012011K [0x0000000707200000, 0x0000000800000000)
  region size 2048K, 307 young (628736K), 15 survivors (30720K)
 Metaspace       used 397483K, committed 402752K, reserved 1441792K
  class space    used 45708K, committed 48320K, reserved 1048576K
}
Event: 10243.646 GC heap after
{Heap after GC invocations=560 (full 0):
 garbage-first heap   total 1099776K, used 407572K [0x0000000707200000, 0x0000000800000000)
  region size 2048K, 14 young (28672K), 14 survivors (28672K)
 Metaspace       used 397483K, committed 402752K, reserved 1441792K
  class space    used 45708K, committed 48320K, reserved 1048576K
}
Event: 10244.366 GC heap before
{Heap before GC invocations=560 (full 0):
 garbage-first heap   total 1099776K, used 450580K [0x0000000707200000, 0x0000000800000000)
  region size 2048K, 36 young (73728K), 14 survivors (28672K)
 Metaspace       used 397486K, committed 402752K, reserved 1441792K
  class space    used 45708K, committed 48320K, reserved 1048576K
}
Event: 10244.371 GC heap after
{Heap after GC invocations=561 (full 0):
 garbage-first heap   total 1099776K, used 403414K [0x0000000707200000, 0x0000000800000000)
  region size 2048K, 13 young (26624K), 13 survivors (26624K)
 Metaspace       used 397486K, committed 402752K, reserved 1441792K
  class space    used 45708K, committed 48320K, reserved 1048576K
}
Event: 10252.891 GC heap before
{Heap before GC invocations=562 (full 0):
 garbage-first heap   total 1099776K, used 1021910K [0x0000000707200000, 0x0000000800000000)
  region size 2048K, 312 young (638976K), 13 survivors (26624K)
 Metaspace       used 397522K, committed 402752K, reserved 1441792K
  class space    used 45710K, committed 48320K, reserved 1048576K
}
Event: 10252.896 GC heap after
{Heap after GC invocations=563 (full 0):
 garbage-first heap   total 1099776K, used 411078K [0x0000000707200000, 0x0000000800000000)
  region size 2048K, 13 young (26624K), 13 survivors (26624K)
 Metaspace       used 397522K, committed 402752K, reserved 1441792K
  class space    used 45710K, committed 48320K, reserved 1048576K
}
Event: 10308.549 GC heap before
{Heap before GC invocations=563 (full 0):
 garbage-first heap   total 1099776K, used 1019334K [0x0000000707200000, 0x0000000800000000)
  region size 2048K, 307 young (628736K), 13 survivors (26624K)
 Metaspace       used 397755K, committed 403008K, reserved 1441792K
  class space    used 45712K, committed 48320K, reserved 1048576K
}
Event: 10308.556 GC heap after
{Heap after GC invocations=564 (full 0):
 garbage-first heap   total 1099776K, used 410143K [0x0000000707200000, 0x0000000800000000)
  region size 2048K, 13 young (26624K), 13 survivors (26624K)
 Metaspace       used 397755K, committed 403008K, reserved 1441792K
  class space    used 45712K, committed 48320K, reserved 1048576K
}
Event: 10325.507 GC heap before
{Heap before GC invocations=564 (full 0):
 garbage-first heap   total 1099776K, used 682527K [0x0000000707200000, 0x0000000800000000)
  region size 2048K, 148 young (303104K), 13 survivors (26624K)
 Metaspace       used 397761K, committed 403008K, reserved 1441792K
  class space    used 45712K, committed 48320K, reserved 1048576K
}
Event: 10325.512 GC heap after
{Heap after GC invocations=565 (full 0):
 garbage-first heap   total 1099776K, used 401862K [0x0000000707200000, 0x0000000800000000)
  region size 2048K, 13 young (26624K), 13 survivors (26624K)
 Metaspace       used 397761K, committed 403008K, reserved 1441792K
  class space    used 45712K, committed 48320K, reserved 1048576K
}
Event: 10332.291 GC heap before
{Heap before GC invocations=566 (full 0):
 garbage-first heap   total 1099776K, used 1018310K [0x0000000707200000, 0x0000000800000000)
  region size 2048K, 312 young (638976K), 13 survivors (26624K)
 Metaspace       used 397758K, committed 403008K, reserved 1441792K
  class space    used 45711K, committed 48320K, reserved 1048576K
}
Event: 10332.297 GC heap after
{Heap after GC invocations=567 (full 0):
 garbage-first heap   total 1099776K, used 415434K [0x0000000707200000, 0x0000000800000000)
  region size 2048K, 17 young (34816K), 17 survivors (34816K)
 Metaspace       used 397758K, committed 403008K, reserved 1441792K
  class space    used 45711K, committed 48320K, reserved 1048576K
}
Event: 10639.663 GC heap before
{Heap before GC invocations=567 (full 0):
 garbage-first heap   total 1099776K, used 1013450K [0x0000000707200000, 0x0000000800000000)
  region size 2048K, 305 young (624640K), 17 survivors (34816K)
 Metaspace       used 397815K, committed 403072K, reserved 1441792K
  class space    used 45714K, committed 48320K, reserved 1048576K
}
Event: 10639.669 GC heap after
{Heap after GC invocations=568 (full 0):
 garbage-first heap   total 1099776K, used 401559K [0x0000000707200000, 0x0000000800000000)
  region size 2048K, 13 young (26624K), 13 survivors (26624K)
 Metaspace       used 397815K, committed 403072K, reserved 1441792K
  class space    used 45714K, committed 48320K, reserved 1048576K
}
Event: 10949.565 GC heap before
{Heap before GC invocations=568 (full 0):
 garbage-first heap   total 1099776K, used 1011863K [0x0000000707200000, 0x0000000800000000)
  region size 2048K, 312 young (638976K), 13 survivors (26624K)
 Metaspace       used 397823K, committed 403072K, reserved 1441792K
  class space    used 45714K, committed 48320K, reserved 1048576K
}
Event: 10949.573 GC heap after
{Heap after GC invocations=569 (full 0):
 garbage-first heap   total 1099776K, used 440130K [0x0000000707200000, 0x0000000800000000)
  region size 2048K, 32 young (65536K), 32 survivors (65536K)
 Metaspace       used 397823K, committed 403072K, reserved 1441792K
  class space    used 45714K, committed 48320K, reserved 1048576K
}
Event: 11031.633 GC heap before
{Heap before GC invocations=570 (full 0):
 garbage-first heap   total 1099776K, used 978754K [0x0000000707200000, 0x0000000800000000)
  region size 2048K, 293 young (600064K), 32 survivors (65536K)
 Metaspace       used 398545K, committed 404160K, reserved 1441792K
  class space    used 45895K, committed 48640K, reserved 1048576K
}
Event: 11031.639 GC heap after
{Heap after GC invocations=571 (full 0):
 garbage-first heap   total 1099776K, used 412593K [0x0000000707200000, 0x0000000800000000)
  region size 2048K, 8 young (16384K), 8 survivors (16384K)
 Metaspace       used 398545K, committed 404160K, reserved 1441792K
  class space    used 45895K, committed 48640K, reserved 1048576K
}
Event: 11686.317 GC heap before
{Heap before GC invocations=571 (full 0):
 garbage-first heap   total 1099776K, used 1041329K [0x0000000707200000, 0x0000000800000000)
  region size 2048K, 306 young (626688K), 8 survivors (16384K)
 Metaspace       used 398622K, committed 404160K, reserved 1441792K
  class space    used 45902K, committed 48640K, reserved 1048576K
}
Event: 11686.321 GC heap after
{Heap after GC invocations=572 (full 0):
 garbage-first heap   total 1099776K, used 398759K [0x0000000707200000, 0x0000000800000000)
  region size 2048K, 6 young (12288K), 6 survivors (12288K)
 Metaspace       used 398622K, committed 404160K, reserved 1441792K
  class space    used 45902K, committed 48640K, reserved 1048576K
}

Dll operation events (3 events):
Event: 0.007 Loaded shared library C:\Program Files\JetBrains\JetBrains Rider 2024.2.6\jbr\bin\java.dll
Event: 0.010 Loaded shared library C:\Program Files\JetBrains\JetBrains Rider 2024.2.6\jbr\bin\zip.dll
Event: 0.369 Loaded shared library C:\Program Files\JetBrains\JetBrains Rider 2024.2.6\jbr\bin\verify.dll

Deoptimization events (20 events):
Event: 11320.180 Thread 0x000001bdbffe3f80 Uncommon trap: trap_request=0xffffff45 fr.pc=0x000001bd93b93600 relative=0x0000000000002020
Event: 11320.180 Thread 0x000001bdbffe3f80 Uncommon trap: reason=unstable_if action=reinterpret pc=0x000001bd93b93600 method=javax.swing.RepaintManager.addDirtyRegion0(Ljava/awt/Container;IIII)V @ 108 c2
Event: 11320.180 Thread 0x000001bdbffe3f80 DEOPT PACKING pc=0x000001bd93b93600 sp=0x0000001d94afe4a0
Event: 11320.180 Thread 0x000001bdbffe3f80 DEOPT UNPACKING pc=0x000001bd8fd87da2 sp=0x0000001d94afe100 mode 2
Event: 11380.265 Thread 0x000001be851dc6c0 Uncommon trap: trap_request=0xffffffbe fr.pc=0x000001bd91edd468 relative=0x0000000000000428
Event: 11380.265 Thread 0x000001be851dc6c0 Uncommon trap: reason=profile_predicate action=maybe_recompile pc=0x000001bd91edd468 method=com.sun.crypto.provider.HmacCore.engineInit(Ljava/security/Key;Ljava/security/spec/AlgorithmParameterSpec;)V @ 88 c2
Event: 11380.265 Thread 0x000001be851dc6c0 DEOPT PACKING pc=0x000001bd91edd468 sp=0x0000001d93cfdf80
Event: 11380.265 Thread 0x000001be851dc6c0 DEOPT UNPACKING pc=0x000001bd8fd87da2 sp=0x0000001d93cfdf18 mode 2
Event: 11380.265 Thread 0x000001be851dc6c0 Uncommon trap: trap_request=0xffffffbe fr.pc=0x000001bd91edd468 relative=0x0000000000000428
Event: 11380.265 Thread 0x000001be851dc6c0 Uncommon trap: reason=profile_predicate action=maybe_recompile pc=0x000001bd91edd468 method=com.sun.crypto.provider.HmacCore.engineInit(Ljava/security/Key;Ljava/security/spec/AlgorithmParameterSpec;)V @ 88 c2
Event: 11380.265 Thread 0x000001be851dc6c0 DEOPT PACKING pc=0x000001bd91edd468 sp=0x0000001d93cfdf60
Event: 11380.265 Thread 0x000001be851dc6c0 DEOPT UNPACKING pc=0x000001bd8fd87da2 sp=0x0000001d93cfdef8 mode 2
Event: 11380.265 Thread 0x000001be851dc6c0 Uncommon trap: trap_request=0xffffffbe fr.pc=0x000001bd91edd468 relative=0x0000000000000428
Event: 11380.265 Thread 0x000001be851dc6c0 Uncommon trap: reason=profile_predicate action=maybe_recompile pc=0x000001bd91edd468 method=com.sun.crypto.provider.HmacCore.engineInit(Ljava/security/Key;Ljava/security/spec/AlgorithmParameterSpec;)V @ 88 c2
Event: 11380.265 Thread 0x000001be851dc6c0 DEOPT PACKING pc=0x000001bd91edd468 sp=0x0000001d93cfdeb0
Event: 11380.265 Thread 0x000001be851dc6c0 DEOPT UNPACKING pc=0x000001bd8fd87da2 sp=0x0000001d93cfde48 mode 2
Event: 11450.860 Thread 0x000001bdbfbb5670 Uncommon trap: trap_request=0xffffff45 fr.pc=0x000001bd90ca2b6c relative=0x0000000000000acc
Event: 11450.860 Thread 0x000001bdbfbb5670 Uncommon trap: reason=unstable_if action=reinterpret pc=0x000001bd90ca2b6c method=kotlinx.coroutines.scheduling.CoroutineScheduler$Worker.tryPark()V @ 40 c2
Event: 11450.860 Thread 0x000001bdbfbb5670 DEOPT PACKING pc=0x000001bd90ca2b6c sp=0x0000001d931ff020
Event: 11450.860 Thread 0x000001bdbfbb5670 DEOPT UNPACKING pc=0x000001bd8fd87da2 sp=0x0000001d931fef90 mode 2

Classes loaded (20 events):
Event: 11021.429 Loading class kotlin/Int
Event: 11021.429 Loading class kotlin/Int done
Event: 11021.429 Loading class kotlin/Int
Event: 11021.429 Loading class kotlin/Int done
Event: 11021.429 Loading class kotlin/Number
Event: 11021.429 Loading class kotlin/Number done
Event: 11021.429 Loading class kotlin/Number
Event: 11021.429 Loading class kotlin/Number done
Event: 11021.431 Loading class kotlin/Cloneable
Event: 11021.431 Loading class kotlin/Cloneable done
Event: 11021.431 Loading class kotlin/Cloneable
Event: 11021.431 Loading class kotlin/Cloneable done
Event: 11021.432 Loading class kotlin/collections/List
Event: 11021.432 Loading class kotlin/collections/List done
Event: 11021.432 Loading class kotlin/collections/List
Event: 11021.432 Loading class kotlin/collections/List done
Event: 11021.433 Loading class kotlin/Enum
Event: 11021.433 Loading class kotlin/Enum done
Event: 11021.433 Loading class kotlin/Enum
Event: 11021.433 Loading class kotlin/Enum done

Classes unloaded (20 events):
Event: 10949.712 Thread 0x000001bdf2218b50 Unloading class 0x0000000800c65c00 'java/lang/invoke/LambdaForm$MH+0x0000000800c65c00'
Event: 10949.712 Thread 0x000001bdf2218b50 Unloading class 0x0000000802e04c00 'java/lang/invoke/LambdaForm$MH+0x0000000802e04c00'
Event: 10949.712 Thread 0x000001bdf2218b50 Unloading class 0x0000000802dbd400 'java/lang/invoke/LambdaForm$MH+0x0000000802dbd400'
Event: 10949.712 Thread 0x000001bdf2218b50 Unloading class 0x0000000802ac3000 'java/lang/invoke/LambdaForm$MH+0x0000000802ac3000'
Event: 10949.712 Thread 0x000001bdf2218b50 Unloading class 0x0000000802d24800 'java/lang/invoke/LambdaForm$MH+0x0000000802d24800'
Event: 10949.712 Thread 0x000001bdf2218b50 Unloading class 0x0000000801a44800 'java/lang/invoke/LambdaForm$MH+0x0000000801a44800'
Event: 10949.712 Thread 0x000001bdf2218b50 Unloading class 0x0000000800f18c00 'java/lang/invoke/LambdaForm$MH+0x0000000800f18c00'
Event: 10949.712 Thread 0x000001bdf2218b50 Unloading class 0x0000000802d06800 'java/lang/invoke/LambdaForm$MH+0x0000000802d06800'
Event: 10949.712 Thread 0x000001bdf2218b50 Unloading class 0x0000000802995c00 'java/lang/invoke/LambdaForm$MH+0x0000000802995c00'
Event: 10949.712 Thread 0x000001bdf2218b50 Unloading class 0x000000080297c400 'java/lang/invoke/LambdaForm$MH+0x000000080297c400'
Event: 10949.712 Thread 0x000001bdf2218b50 Unloading class 0x0000000802680400 'java/lang/invoke/LambdaForm$MH+0x0000000802680400'
Event: 10949.712 Thread 0x000001bdf2218b50 Unloading class 0x0000000802d27400 'java/lang/invoke/LambdaForm$MH+0x0000000802d27400'
Event: 10949.712 Thread 0x000001bdf2218b50 Unloading class 0x0000000800acd400 'java/lang/invoke/LambdaForm$MH+0x0000000800acd400'
Event: 10949.712 Thread 0x000001bdf2218b50 Unloading class 0x0000000801f6c000 'java/lang/invoke/LambdaForm$MH+0x0000000801f6c000'
Event: 10949.712 Thread 0x000001bdf2218b50 Unloading class 0x0000000802d1c800 'java/lang/invoke/LambdaForm$MH+0x0000000802d1c800'
Event: 10949.712 Thread 0x000001bdf2218b50 Unloading class 0x0000000802e86800 'java/lang/invoke/LambdaForm$MH+0x0000000802e86800'
Event: 10949.712 Thread 0x000001bdf2218b50 Unloading class 0x0000000802e91800 'java/lang/invoke/LambdaForm$MH+0x0000000802e91800'
Event: 10949.712 Thread 0x000001bdf2218b50 Unloading class 0x00000008007f0c00 'java/lang/invoke/LambdaForm$MH+0x00000008007f0c00'
Event: 10949.712 Thread 0x000001bdf2218b50 Unloading class 0x0000000802e90000 'java/lang/invoke/LambdaForm$MH+0x0000000802e90000'
Event: 10949.712 Thread 0x000001bdf2218b50 Unloading class 0x0000000802e9ac00 'java/lang/invoke/LambdaForm$MH+0x0000000802e9ac00'

Classes redefined (4 events):
Event: 0.287 Thread 0x000001bdf2218b50 redefined class name=java.math.BigInteger, count=1
Event: 0.296 Thread 0x000001bdf2218b50 redefined class name=java.net.InetAddress, count=1
Event: 0.300 Thread 0x000001bdf2218b50 redefined class name=sun.management.VMManagementImpl, count=1
Event: 0.316 Thread 0x000001bdf2218b50 redefined class name=java.lang.Class, count=1

Internal exceptions (20 events):
Event: 11659.630 Thread 0x000001be85a86e70 Exception <a 'sun/nio/fs/WindowsException'{0x0000000724e84570}> (0x0000000724e84570) 
thrown [s\src\hotspot\share\prims\jni.cpp, line 535]
Event: 11659.630 Thread 0x000001be85a86e70 Exception <a 'sun/nio/fs/WindowsException'{0x0000000724e84ea0}> (0x0000000724e84ea0) 
thrown [s\src\hotspot\share\prims\jni.cpp, line 535]
Event: 11659.630 Thread 0x000001be85a86e70 Exception <a 'sun/nio/fs/WindowsException'{0x0000000724e867a0}> (0x0000000724e867a0) 
thrown [s\src\hotspot\share\prims\jni.cpp, line 535]
Event: 11659.630 Thread 0x000001be85a86e70 Exception <a 'sun/nio/fs/WindowsException'{0x0000000724e87060}> (0x0000000724e87060) 
thrown [s\src\hotspot\share\prims\jni.cpp, line 535]
Event: 11659.630 Thread 0x000001be85a86e70 Exception <a 'sun/nio/fs/WindowsException'{0x0000000724e87d30}> (0x0000000724e87d30) 
thrown [s\src\hotspot\share\prims\jni.cpp, line 535]
Event: 11659.630 Thread 0x000001be85a86e70 Exception <a 'sun/nio/fs/WindowsException'{0x0000000724e88628}> (0x0000000724e88628) 
thrown [s\src\hotspot\share\prims\jni.cpp, line 535]
Event: 11659.630 Thread 0x000001be85a86e70 Exception <a 'sun/nio/fs/WindowsException'{0x0000000724e89f08}> (0x0000000724e89f08) 
thrown [s\src\hotspot\share\prims\jni.cpp, line 535]
Event: 11659.630 Thread 0x000001be85a86e70 Exception <a 'sun/nio/fs/WindowsException'{0x0000000724e8a7c8}> (0x0000000724e8a7c8) 
thrown [s\src\hotspot\share\prims\jni.cpp, line 535]
Event: 11659.630 Thread 0x000001be85a86e70 Exception <a 'sun/nio/fs/WindowsException'{0x0000000724e8b4d8}> (0x0000000724e8b4d8) 
thrown [s\src\hotspot\share\prims\jni.cpp, line 535]
Event: 11659.631 Thread 0x000001be85a86e70 Exception <a 'sun/nio/fs/WindowsException'{0x0000000724e8bdd0}> (0x0000000724e8bdd0) 
thrown [s\src\hotspot\share\prims\jni.cpp, line 535]
Event: 11659.631 Thread 0x000001be85a86e70 Exception <a 'sun/nio/fs/WindowsException'{0x0000000724e8d670}> (0x0000000724e8d670) 
thrown [s\src\hotspot\share\prims\jni.cpp, line 535]
Event: 11659.631 Thread 0x000001be85a86e70 Exception <a 'sun/nio/fs/WindowsException'{0x0000000724e8df48}> (0x0000000724e8df48) 
thrown [s\src\hotspot\share\prims\jni.cpp, line 535]
Event: 11659.631 Thread 0x000001be85a86e70 Exception <a 'sun/nio/fs/WindowsException'{0x0000000724e8ec28}> (0x0000000724e8ec28) 
thrown [s\src\hotspot\share\prims\jni.cpp, line 535]
Event: 11659.631 Thread 0x000001be85a86e70 Exception <a 'sun/nio/fs/WindowsException'{0x0000000724e8f538}> (0x0000000724e8f538) 
thrown [s\src\hotspot\share\prims\jni.cpp, line 535]
Event: 11659.631 Thread 0x000001be85a86e70 Exception <a 'sun/nio/fs/WindowsException'{0x0000000724e90de8}> (0x0000000724e90de8) 
thrown [s\src\hotspot\share\prims\jni.cpp, line 535]
Event: 11659.631 Thread 0x000001be85a86e70 Exception <a 'sun/nio/fs/WindowsException'{0x0000000724e916d8}> (0x0000000724e916d8) 
thrown [s\src\hotspot\share\prims\jni.cpp, line 535]
Event: 11659.631 Thread 0x000001be85a86e70 Exception <a 'sun/nio/fs/WindowsException'{0x0000000724e923c0}> (0x0000000724e923c0) 
thrown [s\src\hotspot\share\prims\jni.cpp, line 535]
Event: 11659.631 Thread 0x000001be85a86e70 Exception <a 'sun/nio/fs/WindowsException'{0x0000000724e92cf0}> (0x0000000724e92cf0) 
thrown [s\src\hotspot\share\prims\jni.cpp, line 535]
Event: 11659.631 Thread 0x000001be85a86e70 Exception <a 'sun/nio/fs/WindowsException'{0x0000000724e96350}> (0x0000000724e96350) 
thrown [s\src\hotspot\share\prims\jni.cpp, line 535]
Event: 11701.828 Thread 0x000001bdc2b48e80 Exception <a 'sun/nio/fs/WindowsException'{0x0000000749526088}> (0x0000000749526088) 
thrown [s\src\hotspot\share\prims\jni.cpp, line 535]

ZGC Phase Switch (0 events):
No events

VM Operations (20 events):
Event: 11484.781 Executing VM operation: HandshakeAllThreads (HandshakeForDeflation)
Event: 11484.781 Executing VM operation: HandshakeAllThreads (HandshakeForDeflation) done
Event: 11484.781 Executing VM operation: RendezvousGCThreads
Event: 11484.781 Executing VM operation: RendezvousGCThreads done
Event: 11544.911 Executing VM operation: HandshakeAllThreads (HandshakeForDeflation)
Event: 11544.911 Executing VM operation: HandshakeAllThreads (HandshakeForDeflation) done
Event: 11544.911 Executing VM operation: RendezvousGCThreads
Event: 11544.911 Executing VM operation: RendezvousGCThreads done
Event: 11582.221 Executing VM operation: Cleanup
Event: 11582.221 Executing VM operation: Cleanup done
Event: 11605.018 Executing VM operation: HandshakeAllThreads (HandshakeForDeflation)
Event: 11605.018 Executing VM operation: HandshakeAllThreads (HandshakeForDeflation) done
Event: 11605.018 Executing VM operation: RendezvousGCThreads
Event: 11605.018 Executing VM operation: RendezvousGCThreads done
Event: 11665.194 Executing VM operation: HandshakeAllThreads (HandshakeForDeflation)
Event: 11665.194 Executing VM operation: HandshakeAllThreads (HandshakeForDeflation) done
Event: 11665.194 Executing VM operation: RendezvousGCThreads
Event: 11665.194 Executing VM operation: RendezvousGCThreads done
Event: 11686.317 Executing VM operation: G1CollectForAllocation (G1 Evacuation Pause)
Event: 11686.321 Executing VM operation: G1CollectForAllocation (G1 Evacuation Pause) done

Memory protections (0 events):
No events

Nmethod flushes (20 events):
Event: 10949.734 Thread 0x000001bdf2218b50 flushing  nmethod 0x000001bd85931010
Event: 10949.734 Thread 0x000001bdf2218b50 flushing  nmethod 0x000001bd80547690
Event: 10949.734 Thread 0x000001bdf2218b50 flushing  nmethod 0x000001bd805ab410
Event: 10949.734 Thread 0x000001bdf2218b50 flushing  nmethod 0x000001bd80d58110
Event: 10949.734 Thread 0x000001bdf2218b50 flushing  nmethod 0x000001bd82f35210
Event: 10949.734 Thread 0x000001bdf2218b50 flushing  nmethod 0x000001bd83621290
Event: 10949.734 Thread 0x000001bdf2218b50 flushing  nmethod 0x000001bd83cdf590
Event: 10949.734 Thread 0x000001bdf2218b50 flushing  nmethod 0x000001bd83f87390
Event: 10949.734 Thread 0x000001bdf2218b50 flushing  nmethod 0x000001bd84260490
Event: 10949.734 Thread 0x000001bdf2218b50 flushing  nmethod 0x000001bd8518ed10
Event: 10949.734 Thread 0x000001bdf2218b50 flushing  nmethod 0x000001bd857c6c10
Event: 10949.734 Thread 0x000001bdf2218b50 flushing  nmethod 0x000001bd859bb390
Event: 10949.734 Thread 0x000001bdf2218b50 flushing  nmethod 0x000001bd85e40f90
Event: 10949.734 Thread 0x000001bdf2218b50 flushing  nmethod 0x000001bd94473c90
Event: 10949.734 Thread 0x000001bdf2218b50 flushing  nmethod 0x000001bd81838190
Event: 10949.734 Thread 0x000001bdf2218b50 flushing  nmethod 0x000001bd81d1f590
Event: 10949.734 Thread 0x000001bdf2218b50 flushing  nmethod 0x000001bd81defa90
Event: 10949.734 Thread 0x000001bdf2218b50 flushing  nmethod 0x000001bd8451d910
Event: 10949.734 Thread 0x000001bdf2218b50 flushing  nmethod 0x000001bd84cce610
Event: 10949.734 Thread 0x000001bdf2218b50 flushing  nmethod 0x000001bd85998f90

Events (20 events):
Event: 11349.143 Thread 0x000001be80cab030 Thread exited: 0x000001be80cab030
Event: 11353.155 Thread 0x000001be85a88220 Thread exited: 0x000001be85a88220
Event: 11357.166 Thread 0x000001be80ca8f60 Thread exited: 0x000001be80ca8f60
Event: 11358.746 Thread 0x000001be20c78ec0 Thread added: 0x000001be756ac120
Event: 11380.225 Thread 0x000001be837ca870 Thread exited: 0x000001be837ca870
Event: 11380.304 Thread 0x000001be851dc6c0 Thread added: 0x000001be851db310
Event: 11380.304 Thread 0x000001be851db310 Thread exited: 0x000001be851db310
Event: 11380.343 Thread 0x000001be851dc6c0 Thread added: 0x000001be851dcd50
Event: 11380.344 Thread 0x000001be851dcd50 Thread added: 0x000001be83e375f0
Event: 11380.425 Thread 0x000001be851dc6c0 Thread added: 0x000001be851da5f0
Event: 11380.425 Thread 0x000001be851da5f0 Thread exited: 0x000001be851da5f0
Event: 11385.353 Thread 0x000001be851dcd50 Thread exited: 0x000001be851dcd50
Event: 11395.240 Thread 0x000001be83e38310 Thread exited: 0x000001be83e38310
Event: 11395.240 Thread 0x000001be83e0e3c0 Thread exited: 0x000001be83e0e3c0
Event: 11395.395 Thread 0x000001be83e375f0 Thread exited: 0x000001be83e375f0
Event: 11445.092 Thread 0x000001be756ac120 Thread exited: 0x000001be756ac120
Event: 11450.860 Thread 0x000001bdbfbb5670 Thread exited: 0x000001bdbfbb5670
Event: 11459.929 Thread 0x000001bdc1f5c3b0 Thread exited: 0x000001bdc1f5c3b0
Event: 11664.466 Thread 0x000001be20c78ec0 Thread added: 0x000001be84370130
Event: 11665.480 Thread 0x000001be20c78ec0 Thread added: 0x000001be8436e060


Dynamic libraries:
0x00007ff72cca0000 - 0x00007ff72ce0f000 	C:\Program Files\JetBrains\JetBrains Rider 2024.2.6\bin\rider64.exe
0x00007ff85e750000 - 0x00007ff85e967000 	C:\Windows\SYSTEM32\ntdll.dll
0x00007ff85c820000 - 0x00007ff85c8e4000 	C:\Windows\System32\KERNEL32.DLL
0x00007ff85bc60000 - 0x00007ff85c033000 	C:\Windows\System32\KERNELBASE.dll
0x00007ff85d8a0000 - 0x00007ff85d951000 	C:\Windows\System32\ADVAPI32.dll
0x00007ff85e190000 - 0x00007ff85e237000 	C:\Windows\System32\msvcrt.dll
0x00007ff85d640000 - 0x00007ff85d6e8000 	C:\Windows\System32\sechost.dll
0x00007ff85c3c0000 - 0x00007ff85c3e8000 	C:\Windows\System32\bcrypt.dll
0x00007ff85c3f0000 - 0x00007ff85c504000 	C:\Windows\System32\RPCRT4.dll
0x00007ff85c740000 - 0x00007ff85c817000 	C:\Windows\System32\OLEAUT32.dll
0x00007ff85ba20000 - 0x00007ff85baba000 	C:\Windows\System32\msvcp_win.dll
0x00007ff85c2a0000 - 0x00007ff85c3b1000 	C:\Windows\System32\ucrtbase.dll
0x00007ff85d9f0000 - 0x00007ff85dd82000 	C:\Windows\System32\combase.dll
0x00007ff85cc40000 - 0x00007ff85d4d6000 	C:\Windows\System32\SHELL32.dll
0x00007ff853d40000 - 0x00007ff853f72000 	C:\Windows\SYSTEM32\dbghelp.dll
0x00007ff85dfd0000 - 0x00007ff85e181000 	C:\Windows\System32\USER32.dll
0x00007ff85c1b0000 - 0x00007ff85c1d6000 	C:\Windows\System32\win32u.dll
0x00007ff85d610000 - 0x00007ff85d639000 	C:\Windows\System32\GDI32.dll
0x00007ff85bb40000 - 0x00007ff85bc5b000 	C:\Windows\System32\gdi32full.dll
0x00007ff85b860000 - 0x00007ff85b99f000 	C:\Windows\System32\wintypes.dll
0x00007ff85ad90000 - 0x00007ff85adb8000 	C:\Windows\SYSTEM32\USERENV.dll
0x00007ff8559a0000 - 0x00007ff8559d4000 	C:\Windows\SYSTEM32\WINMM.dll
0x00007ff85af60000 - 0x00007ff85af6c000 	C:\Windows\SYSTEM32\CRYPTBASE.DLL
0x00007ff85d560000 - 0x00007ff85d591000 	C:\Windows\System32\IMM32.DLL
0x00007ff859710000 - 0x00007ff85a02a000 	C:\Windows\SYSTEM32\windows.storage.dll
0x00007ff85ca30000 - 0x00007ff85cb3a000 	C:\Windows\System32\SHCORE.dll
0x00007ff85cbc0000 - 0x00007ff85cc23000 	C:\Windows\System32\shlwapi.dll
0x00007ff85b790000 - 0x00007ff85b7bb000 	C:\Windows\SYSTEM32\profapi.dll
0x00007ff85a930000 - 0x00007ff85a964000 	C:\Windows\SYSTEM32\ntmarta.dll
0x00007fffa1bf0000 - 0x00007fffa29a7000 	C:\Program Files\JetBrains\JetBrains Rider 2024.2.6\jbr\bin\server\jvm.dll
0x00007ff85d4e0000 - 0x00007ff85d551000 	C:\Windows\System32\WS2_32.dll
0x00007ff85b060000 - 0x00007ff85b0ad000 	C:\Windows\SYSTEM32\POWRPROF.dll
0x00007ff857d00000 - 0x00007ff857d1b000 	C:\Program Files\JetBrains\JetBrains Rider 2024.2.6\jbr\bin\VCRUNTIME140.dll
0x00007ff85b2d0000 - 0x00007ff85b2da000 	C:\Windows\SYSTEM32\VERSION.dll
0x00007ff858740000 - 0x00007ff85874c000 	C:\Program Files\JetBrains\JetBrains Rider 2024.2.6\jbr\bin\VCRUNTIME140_1.dll
0x00007ff85b040000 - 0x00007ff85b053000 	C:\Windows\SYSTEM32\UMPDC.dll
0x00007ff857cf0000 - 0x00007ff857cfa000 	C:\Program Files\JetBrains\JetBrains Rider 2024.2.6\jbr\bin\jimage.dll
0x00007ff83b980000 - 0x00007ff83b9b2000 	C:\Windows\SYSTEM32\dbgcore.DLL
0x00007ff85b9a0000 - 0x00007ff85ba1b000 	C:\Windows\System32\bcryptPrimitives.dll
0x00007ff857ce0000 - 0x00007ff857cee000 	C:\Program Files\JetBrains\JetBrains Rider 2024.2.6\jbr\bin\instrument.dll
0x00007ff857cc0000 - 0x00007ff857cd8000 	C:\Program Files\JetBrains\JetBrains Rider 2024.2.6\jbr\bin\jli.dll
0x00007ff857af0000 - 0x00007ff857b0f000 	C:\Program Files\JetBrains\JetBrains Rider 2024.2.6\jbr\bin\java.dll
0x00007ff849870000 - 0x00007ff849923000 	C:\Windows\WinSxS\amd64_microsoft.windows.common-controls_6595b64144ccf1df_5.82.22621.3527_none_b43b7f4b638cc64f\COMCTL32.dll
0x00007ff85a820000 - 0x00007ff85a838000 	C:\Windows\SYSTEM32\kernel.appcore.dll
0x00007ff811380000 - 0x00007ff811398000 	C:\Program Files\JetBrains\JetBrains Rider 2024.2.6\jbr\bin\zip.dll
0x00007ff857cb0000 - 0x00007ff857cc0000 	C:\Program Files\JetBrains\JetBrains Rider 2024.2.6\jbr\bin\net.dll
0x00007ff855d20000 - 0x00007ff855e4c000 	C:\Windows\SYSTEM32\WINHTTP.dll
0x00007ff85aca0000 - 0x00007ff85ad0a000 	C:\Windows\system32\mswsock.dll
0x00007ff811360000 - 0x00007ff811376000 	C:\Program Files\JetBrains\JetBrains Rider 2024.2.6\jbr\bin\nio.dll
0x00007ff811350000 - 0x00007ff811359000 	C:\Program Files\JetBrains\JetBrains Rider 2024.2.6\jbr\bin\management.dll
0x00007ff811340000 - 0x00007ff81134b000 	C:\Program Files\JetBrains\JetBrains Rider 2024.2.6\jbr\bin\management_ext.dll
0x00007ff85ca20000 - 0x00007ff85ca28000 	C:\Windows\System32\PSAPI.DLL
0x00007ff858800000 - 0x00007ff858817000 	C:\Windows\system32\napinsp.dll
0x00007ff855b10000 - 0x00007ff855b2b000 	C:\Windows\system32\pnrpnsp.dll
0x00007ff85a300000 - 0x00007ff85a402000 	C:\Windows\SYSTEM32\DNSAPI.dll
0x00007ff85a290000 - 0x00007ff85a2bd000 	C:\Windows\SYSTEM32\IPHLPAPI.DLL
0x00007ff85cc30000 - 0x00007ff85cc39000 	C:\Windows\System32\NSI.dll
0x00007ff845950000 - 0x00007ff845961000 	C:\Windows\System32\winrnr.dll
0x00007ff833040000 - 0x00007ff833055000 	C:\Windows\system32\wshbth.dll
0x00007ff845920000 - 0x00007ff845947000 	C:\Windows\system32\nlansp_c.dll
0x00007ff850b10000 - 0x00007ff850b1a000 	C:\Windows\System32\rasadhlp.dll
0x00007ff854d10000 - 0x00007ff854d93000 	C:\Windows\System32\fwpuclnt.dll
0x00007ff811330000 - 0x00007ff811340000 	C:\Program Files\JetBrains\JetBrains Rider 2024.2.6\jbr\bin\verify.dll
0x00007fffbea70000 - 0x00007fffbec08000 	C:\Program Files\JetBrains\JetBrains Rider 2024.2.6\jbr\bin\awt.dll
0x00007ff8112e0000 - 0x00007ff811324000 	C:\Program Files\JetBrains\JetBrains Rider 2024.2.6\jbr\bin\nvdaControllerClient64.dll
0x00007ff859280000 - 0x00007ff8592ae000 	C:\Windows\SYSTEM32\dwmapi.dll
0x00007ff811250000 - 0x00007ff8112dd000 	C:\Program Files\JetBrains\JetBrains Rider 2024.2.6\bin\MSVCP140.dll
0x00007ff858970000 - 0x00007ff858a07000 	C:\Windows\SYSTEM32\apphelp.dll
0x00007fffe9040000 - 0x00007fffe9049000 	C:\Program Files\JetBrains\JetBrains Rider 2024.2.6\jbr\bin\prefs.dll
0x00007ff858e50000 - 0x00007ff858f03000 	C:\Windows\system32\uxtheme.dll
0x00007fffe9030000 - 0x00007fffe903e000 	C:\Program Files\JetBrains\JetBrains Rider 2024.2.6\jbr\bin\sunmscapi.dll
0x00007ff85c040000 - 0x00007ff85c1a7000 	C:\Windows\System32\CRYPT32.dll
0x00007ff85b1a0000 - 0x00007ff85b1cd000 	C:\Windows\SYSTEM32\ncrypt.dll
0x00007ff85b160000 - 0x00007ff85b197000 	C:\Windows\SYSTEM32\NTASN1.dll
0x00007ff85c5d0000 - 0x00007ff85c730000 	C:\Windows\System32\MSCTF.dll
0x00007ff85d6f0000 - 0x00007ff85d891000 	C:\Windows\System32\ole32.dll
0x00007ff8394d0000 - 0x00007ff8394d8000 	C:\Windows\system32\wshunix.dll
0x00007fffe8fa0000 - 0x00007fffe9027000 	C:\Program Files\JetBrains\JetBrains Rider 2024.2.6\jbr\bin\freetype.dll
0x00007fffbe980000 - 0x00007fffbea65000 	C:\Program Files\JetBrains\JetBrains Rider 2024.2.6\jbr\bin\fontmanager.dll
0x00007fffbe970000 - 0x00007fffbe979000 	C:\Program Files\JetBrains\JetBrains Rider 2024.2.6\jbr\bin\extnet.dll
0x00007fffdf370000 - 0x00007fffdf470000 	C:\Windows\system32\opengl32.dll
0x00007ff803820000 - 0x00007ff80384d000 	C:\Windows\SYSTEM32\GLU32.dll
0x00007ff858f50000 - 0x00007ff858f87000 	C:\Windows\SYSTEM32\dxcore.dll
0x00007fffbe920000 - 0x00007fffbe965000 	C:\Program Files\JetBrains\JetBrains Rider 2024.2.6\lib\jna\amd64\jnidispatch.dll
0x00007ff85af70000 - 0x00007ff85af8b000 	C:\Windows\SYSTEM32\CRYPTSP.dll
0x00007ff85a780000 - 0x00007ff85a7b7000 	C:\Windows\system32\rsaenh.dll
0x00007ff85afc0000 - 0x00007ff85afd2000 	C:\Windows\SYSTEM32\MSASN1.dll
0x00007ff84a780000 - 0x00007ff84a93a000 	C:\Windows\WinSxS\amd64_microsoft.windows.gdiplus_6595b64144ccf1df_1.1.22621.5124_none_57f98234ce19506b\gdiplus.dll
0x00007ff855810000 - 0x00007ff855829000 	C:\Windows\SYSTEM32\dhcpcsvc6.DLL
0x00007ff8557f0000 - 0x00007ff85580f000 	C:\Windows\SYSTEM32\dhcpcsvc.DLL
0x00007ff84d1b0000 - 0x00007ff84d2f4000 	C:\Windows\SYSTEM32\textinputframework.dll
0x00007ff8363f0000 - 0x00007ff836407000 	C:\Windows\SYSTEM32\wtdccm.dll
0x00007ff85c510000 - 0x00007ff85c5c0000 	C:\Windows\System32\clbcatq.dll
0x00007ff84a4e0000 - 0x00007ff84a778000 	C:\Windows\WinSxS\amd64_microsoft.windows.common-controls_6595b64144ccf1df_6.0.22621.5124_none_270e8f4f7386d69d\comctl32.dll
0x00007ff858c40000 - 0x00007ff858df0000 	C:\Windows\SYSTEM32\WindowsCodecs.dll
0x00007ff831ba0000 - 0x00007ff831bfe000 	C:\Windows\system32\dataexchange.dll
0x00007ff84fe60000 - 0x00007ff850106000 	C:\Windows\system32\twinapi.appcore.dll
0x00007ff858280000 - 0x00007ff8583b5000 	C:\Windows\SYSTEM32\CoreMessaging.dll
0x00007ff853080000 - 0x00007ff8533ec000 	C:\Windows\SYSTEM32\CoreUIComponents.dll
0x00007fff887a0000 - 0x00007fff887d8000 	C:\Program Files\JetBrains\JetBrains Rider 2024.2.6\bin\WinShellIntegrationBridge.dll
0x00007ff832d10000 - 0x00007ff832dc3000 	C:\Windows\System32\appresolver.dll
0x00007ff855540000 - 0x00007ff855647000 	C:\Windows\system32\propsys.dll
0x00007ff84cd50000 - 0x00007ff84cdb0000 	C:\Windows\System32\Bcp47Langs.dll
0x00007ff85cb40000 - 0x00007ff85cbbd000 	C:\Windows\System32\coml2.dll
0x00007fffedc20000 - 0x00007fffeddd5000 	C:\Windows\System32\TaskFlowDataEngine.dll
0x00007ff84c4c0000 - 0x00007ff84c571000 	C:\Windows\System32\OneCoreCommonProxyStub.dll
0x00007ff85b500000 - 0x00007ff85b54e000 	C:\Windows\SYSTEM32\CFGMGR32.dll
0x00007ff8324a0000 - 0x00007ff8324ad000 	C:\Windows\SYSTEM32\LINKINFO.dll
0x00007ff830e20000 - 0x00007ff830ecd000 	C:\Windows\SYSTEM32\ntshrui.dll
0x00007ff85aa80000 - 0x00007ff85aac3000 	C:\Windows\SYSTEM32\SspiCli.dll
0x00007ff83be00000 - 0x00007ff83be28000 	C:\Windows\SYSTEM32\srvcli.dll
0x00007ff830e00000 - 0x00007ff830e12000 	C:\Windows\SYSTEM32\cscapi.dll
0x00007ff856ca0000 - 0x00007ff856d45000 	C:\Windows\SYSTEM32\policymanager.dll
0x00007ff856570000 - 0x00007ff856603000 	C:\Windows\SYSTEM32\msvcp110_win.dll
0x00007ff85b570000 - 0x00007ff85b57a000 	C:\Windows\SYSTEM32\DPAPI.dll
0x00007ff84e980000 - 0x00007ff84e990000 	C:\Windows\system32\wbem\wbemprox.dll
0x00007ff84e900000 - 0x00007ff84e980000 	C:\Windows\SYSTEM32\wbemcomn.dll
0x00007ff849fc0000 - 0x00007ff849fd4000 	C:\Windows\system32\wbem\wbemsvc.dll
0x00007ff849fe0000 - 0x00007ff84a0d8000 	C:\Windows\system32\wbem\fastprox.dll
0x00007ff849d40000 - 0x00007ff849d5d000 	C:\Windows\SYSTEM32\amsi.dll
0x00007ff8318d0000 - 0x00007ff831b93000 	C:\Windows\system32\explorerframe.dll
0x00007ff84a350000 - 0x00007ff84a3a0000 	C:\Windows\SYSTEM32\pdh.dll
0x00007ff84e420000 - 0x00007ff84e430000 	C:\Windows\System32\perfos.dll
0x00007ff858e20000 - 0x00007ff858e30000 	C:\Windows\SYSTEM32\pfclient.dll
0x00007ff83c5e0000 - 0x00007ff83c608000 	C:\Windows\SYSTEM32\edputil.dll

dbghelp: loaded successfully - version: 4.0.5 - missing functions: none
symbol engine: initialized successfully - sym options: 0x614 - pdb path: .;C:\Program Files\JetBrains\JetBrains Rider 2024.2.6\bin;C:\Windows\SYSTEM32;C:\Program Files\JetBrains\JetBrains Rider 2024.2.6\jbr\bin\server;C:\Program Files\JetBrains\JetBrains Rider 2024.2.6\jbr\bin;C:\Windows\WinSxS\amd64_microsoft.windows.common-controls_6595b64144ccf1df_5.82.22621.3527_none_b43b7f4b638cc64f;C:\Program Files\JetBrains\JetBrains Rider 2024.2.6\lib\jna\amd64;C:\Windows\WinSxS\amd64_microsoft.windows.gdiplus_6595b64144ccf1df_1.1.22621.5124_none_57f98234ce19506b;C:\Windows\WinSxS\amd64_microsoft.windows.common-controls_6595b64144ccf1df_6.0.22621.5124_none_270e8f4f7386d69d;C:\Windows\system32\wbem

VM Arguments:
jvm_args: abort vfprintf -XX:ErrorFile=C:\Users\VadimPC\java_error_in_rider_%p.log -XX:HeapDumpPath=C:\Users\VadimPC\java_error_in_rider.hprof -Xms128m -Xmx2048m -XX:+HeapDumpOnOutOfMemoryError -XX:-OmitStackTraceInFastThrow -XX:+IgnoreUnrecognizedVMOptions -ea -Dsun.io.useCanonCaches=false -Dsun.java2d.metal=true -Djbr.catch.SIGABRT=true -Djdk.http.auth.tunneling.disabledSchemes="" -Djdk.attach.allowAttachSelf=true -Djdk.module.illegalAccess.silent=true -Dkotlinx.coroutines.debug=off -XX:CICompilerCount=2 -XX:ReservedCodeCacheSize=512m -XX:+UnlockDiagnosticVMOptions -XX:TieredOldPercentage=100000 -javaagent:c:\jetbra\ja-netfilter.jar=jetbrains --add-opens=java.base/jdk.internal.org.objectweb.asm=ALL-UNNAMED --add-opens=java.base/jdk.internal.org.objectweb.asm.tree=ALL-UNNAMED -Xms128m -Xmx3981m -XX:ReservedCodeCacheSize=512m -XX:+IgnoreUnrecognizedVMOptions -XX:+UseG1GC -XX:SoftRefLRUPolicyMSPerMB=50 -XX:CICompilerCount=2 -XX:+HeapDumpOnOutOfMemoryError -XX:-OmitStackTraceInFastThrow -ea -Dsun.io.useCanonCaches=false -Djdk.http.auth.tunneling.disabledSchemes="" -Djdk.attach.allowAttachSelf=true -Djdk.module.illegalAccess.silent=true -Dkotlinx.coroutines.debug=off -XX:ErrorFile=$USER_HOME/java_error_in_idea_%p.log -XX:HeapDumpPath=$USER_HOME/java_error_in_idea.hprof --add-opens=java.base/jdk.internal.org.objectweb.asm=ALL-UNNAMED --add-opens=java.base/jdk.internal.org.objectweb.asm.tree=ALL-UNNAMED -javaagent:D:\Program Files\Rider\jetbra\jetbra\ja-netfilter.jar=jetbrains -Djb.vmOptionsFile=D:\Program Files\Rider\jetbra\jetbra\vmoptions\rider.vmoptions -Djava.system.class.loader=com.intellij.util.lang.PathClassLoader -Didea.vendor.name=JetBrains -Didea.paths.selector=Rider2024.2 -Djna.boot.library.path=C:\Program Files\JetBrains\JetBrains Rider 2024.2.6/lib/jna/amd64 -Dpty4j.preferred.native.folder=C:\Program Files\JetBrains\JetBrains Rider 2024.2.6/lib/pty4j -Djna.nosys=true -Djna.noclasspath=true -Dintellij.platform.runtime.repository.path=C:\Program Files\JetBrains\JetBrains Rider 2024.2.6/modules/module-descriptors.jar -Didea.platform.prefix=Rider -Dide.native.launcher=true -Didea.class.before.app=com.jetbrains.rider.protocol.EarlyBackendStarter -Didea.show.customize.ide.wizard=true -DFilePageCache.THROW_ERROR_ON_DUPLICATE_STORAGE_REGISTRATION=false -Dsplash=true -Daether.connector.resumeDownloads=false --add-opens=java.base/java.io=ALL-UNNAMED --add-opens=java.base/java.lang=ALL-UNNAMED --add-opens=java.base/java.lang.ref=ALL-UNNAMED --add-opens=java.base/java.lang.reflect=ALL-UNNAMED --add-opens=java.base/java.net=ALL-UNNAMED --add-opens=java.base/java.nio=ALL-UNNAMED --add-opens=java.base/java.nio.charset=ALL-UNNAMED --add-opens=java.base/java.text=ALL-UNNAMED --add-opens=java.base/java.time=ALL-UNNAMED --add-opens=java.base/java.util=ALL-UNNAMED --add-opens=java.base/java.util.concurrent=ALL-UNNAMED --add-opens=java.base/java.util.concurrent.atomic=ALL-UNNAMED --add-opens=java.base/java.util.concurrent.locks=ALL-UNNAMED --add-opens=java.base/jdk.internal.vm=ALL-UNNAMED --add-opens=java.base/sun.net.dns=ALL-UNNAMED --add-opens=java.base/sun.nio.ch=ALL-UNNAMED --add-opens=java.base/sun.nio.fs=ALL-UNNAMED --add-opens=java.base/sun.security.ssl=ALL-UNNAMED --add-opens=java.base/sun.security.util=ALL-UNNAMED --add-opens=java.desktop/com.sun.java.swing=ALL-UNNAMED --add-opens=java.desktop/java.awt=ALL-UNNAMED --add-opens=java.desktop/java.awt.dnd.peer=ALL-UNNAMED --add-opens=java.desktop/java.awt.event=ALL-UNNAMED --add-opens=java.desktop/java.awt.font=ALL-UNNAMED --add-opens=java.desktop/java.awt.image=ALL-UNNAMED --add-opens=java.desktop/java.awt.peer=ALL-UNNAMED --add-opens=java.desktop/javax.swing=ALL-UNNAMED --add-opens=java.desktop/javax.swing.plaf.basic=ALL-UNNAMED --add-opens=java.desktop/javax.swing.text=ALL-UNNAMED --add-opens=java.desktop/javax.swing.text.html=ALL-UNNAMED --add-opens=java.desktop/sun.awt=ALL-UNNAMED --add-opens=java.desktop/sun.awt.datatransfer=ALL-UNNAMED --add-opens=java.desktop/sun.awt.image=ALL-UNNAMED --add-opens=java.desktop/sun.awt.windows=ALL-UNNAMED --add-opens=java.desktop/sun.font=ALL-UNNAMED --add-opens=java.desktop/sun.java2d=ALL-UNNAMED --add-opens=java.desktop/sun.swing=ALL-UNNAMED --add-opens=java.management/sun.management=ALL-UNNAMED --add-opens=jdk.attach/sun.tools.attach=ALL-UNNAMED --add-opens=jdk.compiler/com.sun.tools.javac.api=ALL-UNNAMED --add-opens=jdk.internal.jvmstat/sun.jvmstat.monitor=ALL-UNNAMED --add-opens=jdk.jdi/com.sun.tools.jdi=ALL-UNNAMED -Dide.native.launcher=true -Djcef.sandbox.ptr=000001BDE3296E90 -Djcef.sandbox.cefVersion=122.1.9+gd14e051+chromium-122.0.6261.94 
java_command: com.intellij.idea.Main D:\Repository\Restoran3.0\Restoran3.0.sln --line -1 --column -1 D:\Repository\Restoran3.0\Assets\Scripts\ItemContent\ItemContainer.cs
java_class_path (initial): C:\Program Files\JetBrains\JetBrains Rider 2024.2.6\lib\platform-loader.jar;C:\Program Files\JetBrains\JetBrains Rider 2024.2.6\lib\util-8.jar;C:\Program Files\JetBrains\JetBrains Rider 2024.2.6\lib\util.jar;C:\Program Files\JetBrains\JetBrains Rider 2024.2.6\lib\app-client.jar;C:\Program Files\JetBrains\JetBrains Rider 2024.2.6\lib\util_rt.jar;C:\Program Files\JetBrains\JetBrains Rider 2024.2.6\lib\product.jar;C:\Program Files\JetBrains\JetBrains Rider 2024.2.6\lib\opentelemetry.jar;C:\Program Files\JetBrains\JetBrains Rider 2024.2.6\lib\app.jar;C:\Program Files\JetBrains\JetBrains Rider 2024.2.6\lib\product-client.jar;C:\Program Files\JetBrains\JetBrains Rider 2024.2.6\lib\lib-client.jar;C:\Program Files\JetBrains\JetBrains Rider 2024.2.6\lib\stats.jar;C:\Program Files\JetBrains\JetBrains Rider 2024.2.6\lib\jps-model.jar;C:\Program Files\JetBrains\JetBrains Rider 2024.2.6\lib\external-system-rt.jar;C:\Program Files\JetBrains\JetBrains Rider 2024.2.6\lib\rd.jar;C:\Program Files\JetBrains\JetBrains Rider 2024.2.6\lib\bouncy-castle.jar;C:\Program Files\JetBrains\JetBrains Rider 2024.2.6\lib\protobuf.jar;C:\Program Files\JetBrains\JetBrains Rider 2024.2.6\lib\forms_rt.jar;C:\Program Files\JetBrains\JetBrains Rider 2024.2.6\lib\lib.jar;C:\Program Files\JetBrains\JetBrains Rider 2024.2.6\lib\externalProcess-rt.jar;C:\Program Files\JetBrains\JetBrains Rider 2024.2.6\lib\groovy.jar;C:\Program Files\JetBrains\JetBrains Rider 2024.2.6\lib\annotations.jar;C:\Program Files\JetBrains\JetBrains Rider 2024.2.6\lib\jsch-agent.jar;C:\Program Files\JetBrains\JetBrains Rider 2024.2.6\lib\nio-fs.jar;C:\Program Files\JetBrains\JetBrains Rider 2024.2.6\lib\trove.jar
Launcher Type: generic

[Global flags]
     intx CICompilerCount                          = 2                                         {product} {command line}
     uint ConcGCThreads                            = 3                                         {product} {ergonomic}
    ccstr ErrorFile                                = $USER_HOME/java_error_in_idea_%p.log            {product} {command line}
     uint G1ConcRefinementThreads                  = 13                                        {product} {ergonomic}
   size_t G1HeapRegionSize                         = 2097152                                   {product} {ergonomic}
    uintx GCDrainStackTargetSize                   = 64                                        {product} {ergonomic}
     bool HeapDumpOnOutOfMemoryError               = true                                   {manageable} {command line}
    ccstr HeapDumpPath                             = $USER_HOME/java_error_in_idea.hprof         {manageable} {command line}
     bool IgnoreUnrecognizedVMOptions              = true                                      {product} {command line}
   size_t InitialHeapSize                          = 134217728                                 {product} {command line}
   size_t MarkStackSize                            = 4194304                                   {product} {ergonomic}
   size_t MaxHeapSize                              = 4175429632                                {product} {command line, ergonomic}
   size_t MaxNewSize                               = 2503999488                                {product} {ergonomic}
   size_t MinHeapDeltaBytes                        = 2097152                                   {product} {ergonomic}
   size_t MinHeapSize                              = 134217728                                 {product} {command line}
    uintx NonNMethodCodeHeapSize                   = 5826188                                {pd product} {ergonomic}
    uintx NonProfiledCodeHeapSize                  = 265522362                              {pd product} {ergonomic}
     bool OmitStackTraceInFastThrow                = false                                     {product} {command line}
    uintx ProfiledCodeHeapSize                     = 265522362                              {pd product} {ergonomic}
    uintx ReservedCodeCacheSize                    = 536870912                              {pd product} {command line}
     bool SegmentedCodeCache                       = true                                      {product} {ergonomic}
   size_t SoftMaxHeapSize                          = 4175429632                             {manageable} {ergonomic}
     intx SoftRefLRUPolicyMSPerMB                  = 50                                        {product} {command line}
     intx TieredOldPercentage                      = 100000                                 {diagnostic} {command line}
     bool UnlockDiagnosticVMOptions                = true                                   {diagnostic} {command line}
     bool UseCompressedOops                        = true                           {product lp64_product} {ergonomic}
     bool UseG1GC                                  = true                                      {product} {command line}
     bool UseLargePagesIndividualAllocation        = false                                  {pd product} {ergonomic}

Logging:
Log output configuration:
 #0: stdout all=warning uptime,level,tags foldmultilines=false
 #1: stderr all=off uptime,level,tags foldmultilines=false

Environment Variables:
PATH=C:\Windows\system32;C:\Windows;C:\Windows\System32\Wbem;C:\Windows\System32\WindowsPowerShell\v1.0\;C:\Windows\System32\OpenSSH\;C:\Program Files\dotnet\;C:\Program Files\Git\cmd;C:\Program Files\AmneziaWG\;C:\Program Files (x86)\NVIDIA Corporation\PhysX\Common;C:\Program Files\NVIDIA Corporation\NVIDIA App\NvDLISR;C:\Users\VadimPC\AppData\Local\Microsoft\WindowsApps;C:\Users\VadimPC\.dotnet\tools;C:\Users\VadimPC\AppData\Local\GitHubDesktop\bin
USERNAME=VadimPC
OS=Windows_NT
PROCESSOR_IDENTIFIER=AMD64 Family 25 Model 97 Stepping 2, AuthenticAMD
TMP=C:\Users\VadimPC\AppData\Local\Temp
TEMP=C:\Users\VadimPC\AppData\Local\Temp




Periodic native trim disabled

JNI global refs:
JNI global refs: 138, weak refs: 162

JNI global refs memory usage: 2099, weak refs: 17353

Process memory usage:
Resident Set Size: 2346808K (7% of 32614380K total physical memory with 11110492K free physical memory)

OOME stack traces (most recent first):
Classloader memory used:
Loader com.intellij.util.lang.PathClassLoader                                          : 241M
Loader com.intellij.ide.plugins.cl.PluginClassLoader                                   : 86210K
Loader bootstrap                                                                       : 62527K
Loader jdk.internal.loader.ClassLoaders$PlatformClassLoader                            : 2310K
Loader jdk.internal.loader.ClassLoaders$AppClassLoader                                 : 628K
Loader jdk.internal.reflect.DelegatingClassLoader                                      : 13872B
Loader sun.reflect.misc.MethodUtil                                                     : 4216B

Classes loaded by more than one classloader:
Class kotlin.coroutines.intrinsics.IntrinsicsKt__IntrinsicsKt                         : loaded 3 times (x 67B)
Class kotlin.NotImplementedError                                                      : loaded 3 times (x 78B)
Class kotlin.coroutines.intrinsics.IntrinsicsKt__IntrinsicsJvmKt                      : loaded 3 times (x 67B)
Class kotlin.collections.CollectionsKt__ReversedViewsKt                               : loaded 3 times (x 67B)
Class kotlin.coroutines.jvm.internal.SuspendFunction                                  : loaded 3 times (x 66B)
Class kotlin.jvm.internal.markers.KMappedMarker                                       : loaded 3 times (x 66B)
Class kotlin.KotlinNullPointerException                                               : loaded 3 times (x 79B)
Class kotlin.collections.CollectionsKt__IterablesKt                                   : loaded 3 times (x 67B)
Class kotlin.jvm.internal.Intrinsics                                                  : loaded 3 times (x 67B)
Class kotlin.coroutines.intrinsics.IntrinsicsKt                                       : loaded 3 times (x 67B)
Class kotlin.collections.CollectionsKt__MutableCollectionsJVMKt                       : loaded 3 times (x 67B)
Class kotlin.annotation.Retention                                                     : loaded 3 times (x 66B)
Class kotlin.collections.CollectionsKt___CollectionsKt                                : loaded 3 times (x 67B)
Class kotlin.annotation.Target                                                        : loaded 3 times (x 66B)
Class kotlin.collections.CollectionsKt___CollectionsJvmKt                             : loaded 3 times (x 67B)
Class kotlin.collections.CollectionsKt__IteratorsKt                                   : loaded 3 times (x 67B)
Class kotlin.collections.CollectionsKt__CollectionsJVMKt                              : loaded 3 times (x 67B)
Class kotlin.collections.CollectionsKt                                                : loaded 3 times (x 67B)
Class kotlin.UninitializedPropertyAccessException                                     : loaded 3 times (x 78B)
Class kotlin.Metadata                                                                 : loaded 3 times (x 66B)
Class com.intellij.ultimate.PluginVerifier                                            : loaded 3 times (x 67B)
Class kotlin.ResultKt                                                                 : loaded 3 times (x 67B)
Class kotlin.collections.EmptyList                                                    : loaded 3 times (x 170B)
Class kotlin.collections.CollectionsKt__MutableCollectionsKt                          : loaded 3 times (x 67B)
Class kotlin.collections.CollectionsKt__IteratorsJVMKt                                : loaded 3 times (x 67B)
Class kotlin.jvm.internal.FunctionBase                                                : loaded 3 times (x 66B)
Class kotlin.collections.CollectionsKt__CollectionsKt                                 : loaded 3 times (x 67B)
Class kotlin.coroutines.jvm.internal.SuspendLambda                                    : loaded 3 times (x 87B)
Class kotlinx.html.SectioningOrFlowContent                                            : loaded 2 times (x 66B)
Class ai.grazie.nlp.patterns.standard.StrictPatterns$LatinPhrase$1$1                  : loaded 2 times (x 74B)
Class ai.grazie.utils.TextKt                                                          : loaded 2 times (x 67B)
Class kotlinx.html.FlowOrMetaDataContent                                              : loaded 2 times (x 66B)
Class ai.grazie.nlp.patterns.MatchPattern                                             : loaded 2 times (x 66B)
Class kotlin.text.StringsKt__RegexExtensionsJVMKt                                     : loaded 2 times (x 67B)
Class kotlin.collections.ArraysKt___ArraysJvmKt                                       : loaded 2 times (x 67B)
Class kotlin.text.StringsKt__StringNumberConversionsJVMKt                             : loaded 2 times (x 67B)
Class [Lai.grazie.nlp.langs.alphabet.Alphabet$Group;                                  : loaded 2 times (x 65B)
Class ai.grazie.nlp.langs.alphabet.Alphabet$Group                                     : loaded 2 times (x 75B)
Class kotlinx.html.stream.HTMLStreamBuilder                                           : loaded 2 times (x 80B)
Class kotlinx.html.FlowOrHeadingContent                                               : loaded 2 times (x 66B)
Class ai.grazie.nlp.patterns.standard.LikelyPatterns$IsCompositeInflection$1$1        : loaded 2 times (x 91B)
Class ai.grazie.nlp.langs.Language$Companion                                          : loaded 2 times (x 67B)
Class kotlin.comparisons.ComparisonsKt___ComparisonsJvmKt                             : loaded 2 times (x 67B)
Class kotlinx.html.Unsafe                                                             : loaded 2 times (x 66B)
Class ai.grazie.nlp.patterns.Pattern$Exclusion                                        : loaded 2 times (x 89B)
Class ai.grazie.nlp.patterns.standard.LikelyPatterns$ChatTextEmoji$1                  : loaded 2 times (x 91B)
Class ai.grazie.nlp.patterns.standard.LikelyPatterns$IsMention$1$1                    : loaded 2 times (x 91B)
Class kotlinx.html.HTMLTag                                                            : loaded 2 times (x 97B)
Class kotlinx.html.PhrasingContent                                                    : loaded 2 times (x 66B)
Class ai.grazie.nlp.tokenizer.Tokenizer$Keys                                          : loaded 2 times (x 67B)
Class kotlinx.html.TagConsumer                                                        : loaded 2 times (x 66B)
Class kotlinx.html.Tag                                                                : loaded 2 times (x 66B)
Class ai.grazie.DataHolder$Key                                                        : loaded 2 times (x 67B)
Class kotlinx.html.H1                                                                 : loaded 2 times (x 131B)
Class ai.grazie.text.Text                                                             : loaded 2 times (x 81B)
Class ai.grazie.DataHolder                                                            : loaded 2 times (x 68B)
Class kotlin.text.CharsKt                                                             : loaded 2 times (x 67B)
Class ai.grazie.nlp.patterns.standard.LikelyPatterns$Chemical$1$1                     : loaded 2 times (x 91B)
Class ai.grazie.nlp.tokenizer.Tokenizer                                               : loaded 2 times (x 66B)
Class kotlin.coroutines.jvm.internal.DebugMetadata                                    : loaded 2 times (x 66B)
Class kotlinx.html.FlowOrMetaDataOrPhrasingContent                                    : loaded 2 times (x 66B)
Class ai.grazie.nlp.patterns.ext.AbbreviationPatterns                                 : loaded 2 times (x 67B)
Class ai.grazie.utils.CollectionsKt                                                   : loaded 2 times (x 67B)
Class ai.grazie.utils.mpp.RootDataLoader                                              : loaded 2 times (x 66B)
Class kotlin.collections.MapsKt__MapsJVMKt                                            : loaded 2 times (x 67B)
Class kotlin.time.DurationUnitKt__DurationUnitJvmKt                                   : loaded 2 times (x 67B)
Class ai.grazie.nlp.utils.Symbols                                                     : loaded 2 times (x 67B)
Class ai.grazie.nlp.patterns.standard.LikelyPatterns$ChainedName$1$1                  : loaded 2 times (x 91B)
Class ai.grazie.nlp.patterns.standard.LikelyPatterns$CommandLineOption$1              : loaded 2 times (x 91B)
Class ai.grazie.nlp.patterns.standard.LikelyPatterns$IsURL$1                          : loaded 2 times (x 89B)
Class ai.grazie.nlp.patterns.Pattern                                                  : loaded 2 times (x 66B)
Class kotlinx.html.HeadingContent                                                     : loaded 2 times (x 66B)
Class ai.grazie.utils.mpp.TextRegex                                                   : loaded 2 times (x 67B)
Class kotlin.collections.ArraysKt__ArraysKt                                           : loaded 2 times (x 67B)
Class ai.grazie.nlp.patterns.Pattern$After                                            : loaded 2 times (x 89B)
Class ai.grazie.nlp.langs.alphabet.Alphabet$Companion                                 : loaded 2 times (x 67B)
Class kotlin.internal.ProgressionUtilKt                                               : loaded 2 times (x 67B)
Class ai.grazie.nlp.patterns.ext.AbbreviationPatterns$All$1                           : loaded 2 times (x 91B)
Class ai.grazie.nlp.patterns.standard.LikelyPatterns                                  : loaded 2 times (x 67B)
Class ai.grazie.nlp.patterns.standard.StrictPatterns                                  : loaded 2 times (x 67B)
Class ai.grazie.nlp.patterns.AhoCorasickPattern$TrieNode                              : loaded 2 times (x 68B)
Class ai.grazie.nlp.tokenizer.NonDestructiveTokenizer                                 : loaded 2 times (x 66B)
Class ai.grazie.nlp.patterns.ext.AbbreviationPatterns$Ukrainian$1$1                   : loaded 2 times (x 91B)
Class kotlin.text.StringsKt__StringsJVMKt                                             : loaded 2 times (x 67B)
Class ai.grazie.nlp.patterns.AhoCorasickPattern$AhoCorasickBuilder                    : loaded 2 times (x 68B)
Class kotlin.text.StringsKt__IndentKt                                                 : loaded 2 times (x 67B)
Class kotlin.time.DurationUnit                                                        : loaded 2 times (x 75B)
Class ai.grazie.nlp.langs.alphabet.Alphabet$Group$1                                   : loaded 2 times (x 74B)
Class ai.grazie.nlp.patterns.Pattern$Before                                           : loaded 2 times (x 92B)
Class ai.grazie.nlp.langs.alphabet.Alphabet$Group$2                                   : loaded 2 times (x 74B)
Class kotlin.collections.MapsKt__MapsKt                                               : loaded 2 times (x 67B)
Class kotlin.time.DurationUnitKt__DurationUnitKt                                      : loaded 2 times (x 67B)
Class ai.grazie.nlp.langs.alphabet.Alphabet$Group$3                                   : loaded 2 times (x 74B)
Class kotlinx.html.ApiKt                                                              : loaded 2 times (x 67B)
Class ai.grazie.nlp.langs.alphabet.Alphabet$Group$4                                   : loaded 2 times (x 74B)
Class ai.grazie.nlp.tokenizer.sequence.NonDestructiveCharSequenceTokenizer            : loaded 2 times (x 66B)
Class kotlin.text.StringsKt__AppendableKt                                             : loaded 2 times (x 67B)
Class [Lai.grazie.nlp.langs.LanguageISO;                                              : loaded 2 times (x 65B)
Class ai.grazie.nlp.patterns.standard.LikelyPatterns$IsIBAN$1$1                       : loaded 2 times (x 91B)
Class ai.grazie.nlp.patterns.LambdaMatchPattern                                       : loaded 2 times (x 71B)
Class [Lai.grazie.nlp.patterns.Pattern;                                               : loaded 2 times (x 65B)
Class ai.grazie.nlp.langs.alphabet.Alphabet$Group$5                                   : loaded 2 times (x 74B)
Class ai.grazie.nlp.langs.LanguageISO$Companion$1                                     : loaded 2 times (x 74B)
Class ai.grazie.nlp.langs.alphabet.Alphabet$Group$6                                   : loaded 2 times (x 74B)
Class ai.grazie.nlp.patterns.Pattern$beforeWordBoundary$1                             : loaded 2 times (x 92B)
Class ai.grazie.nlp.langs.alphabet.Alphabet$Group$7                                   : loaded 2 times (x 74B)
Class ai.grazie.nlp.tokenizer.word.HeuristicWordTokenizer                             : loaded 2 times (x 82B)
Class ai.grazie.nlp.langs.Language$Companion$all$2                                    : loaded 2 times (x 74B)
Class ai.grazie.nlp.langs.alphabet.Alphabet$Group$8                                   : loaded 2 times (x 74B)
Class kotlin.text.StringsKt__StringsKt                                                : loaded 2 times (x 67B)
Class [Lai.grazie.nlp.langs.alphabet.Alphabet;                                        : loaded 2 times (x 65B)
Class kotlin.ranges.CharProgression$Companion                                         : loaded 2 times (x 67B)
Class ai.grazie.nlp.langs.Language$Companion$1                                        : loaded 2 times (x 74B)
Class kotlinx.html.CommonAttributeGroupFacadeFlowHeadingPhrasingContent               : loaded 2 times (x 66B)
Class kotlinx.html.FlowContent                                                        : loaded 2 times (x 66B)
Class kotlin.text.StringsKt                                                           : loaded 2 times (x 67B)
Class ai.grazie.nlp.langs.LanguageISO                                                 : loaded 2 times (x 75B)
Class kotlinx.html.HtmlBlockTag                                                       : loaded 2 times (x 66B)
Class ai.grazie.nlp.patterns.ext.AbbreviationPatterns$UpperCaseSequence$1             : loaded 2 times (x 91B)
Class [Lai.grazie.nlp.patterns.AhoCorasickPattern$AhoCorasickBuilder$AutomataBuilderNode;: loaded 2 times (x 65B)
Class kotlin.text.StringsKt__StringNumberConversionsKt                                : loaded 2 times (x 67B)
Class ai.grazie.nlp.patterns.standard.LikelyPatterns$IsFilePath$1$1                   : loaded 2 times (x 91B)
Class kotlin.jvm.internal.markers.KMutableMap                                         : loaded 2 times (x 66B)
Class kotlinx.html.consumers.Delayed_consumerKt                                       : loaded 2 times (x 67B)
Class ai.grazie.nlp.patterns.standard.LikelyPatterns$IsEncodedBinary$1                : loaded 2 times (x 74B)
Class ai.grazie.nlp.langs.alphabet.RegexAlphabet                                      : loaded 2 times (x 72B)
Class kotlinx.html.Tag$DefaultImpls                                                   : loaded 2 times (x 67B)
Class ai.grazie.nlp.patterns.AggregatedPattern                                        : loaded 2 times (x 91B)
Class kotlinx.html.FlowOrInteractiveContent                                           : loaded 2 times (x 66B)
Class ai.grazie.nlp.patterns.ext.AbbreviationPatterns$CaseDotVaryingAhoCorasickPattern: loaded 2 times (x 92B)
Class kotlinx.html.CommonAttributeGroupFacadeFlowHeadingContent                       : loaded 2 times (x 66B)
Class kotlin.text.StringsKt__RegexExtensionsKt                                        : loaded 2 times (x 67B)
Class kotlin.collections.EmptyIterator                                                : loaded 2 times (x 85B)
Class ai.grazie.nlp.patterns.Pattern$before$1                                         : loaded 2 times (x 92B)
Class ai.grazie.utils.CollectionFactory                                               : loaded 2 times (x 67B)
Class ai.grazie.utils.mpp.Resources                                                   : loaded 2 times (x 67B)
Class ai.grazie.utils.mpp.StreamDataLoader                                            : loaded 2 times (x 66B)
Class kotlin.collections.ArrayAsCollection                                            : loaded 2 times (x 101B)
Class kotlin.text.StringsKt__StringBuilderJVMKt                                       : loaded 2 times (x 67B)
Class com.jetbrains.rd.rdtext.intrinsics.RdTextChange                                 : loaded 2 times (x 71B)
Class ai.grazie.nlp.patterns.standard.LikelyPatterns$GeneratedId$1                    : loaded 2 times (x 91B)
Class ai.grazie.nlp.langs.alphabet.Alphabet$Group$Companion                           : loaded 2 times (x 67B)
Class kotlin.ranges.CharRange                                                         : loaded 2 times (x 83B)
Class kotlin.jvm.internal.Ref$ObjectRef                                               : loaded 2 times (x 68B)
Class kotlinx.html.stream.HTMLStreamBuilder$UnsafeImpl$1                              : loaded 2 times (x 75B)
Class kotlin.ranges.RangesKt__RangesKt                                                : loaded 2 times (x 67B)
Class kotlin.comparisons.ComparisonsKt__ComparisonsKt                                 : loaded 2 times (x 67B)
Class ai.grazie.nlp.patterns.standard.StrictPatterns$IsNumber$1                       : loaded 2 times (x 74B)
Class kotlin.text.CharsKt__CharJVMKt                                                  : loaded 2 times (x 67B)
Class kotlin.comparisons.ComparisonsKt                                                : loaded 2 times (x 67B)
Class kotlin.comparisons.ComparisonsKt___ComparisonsKt                                : loaded 2 times (x 67B)
Class ai.grazie.nlp.patterns.standard.LikelyPatterns$IsGermanNumeral$1                : loaded 2 times (x 91B)
Class kotlinx.html.impl.DelegatingMap                                                 : loaded 2 times (x 108B)
Class [Lai.grazie.nlp.patterns.MatchPattern;                                          : loaded 2 times (x 65B)
Class [Lai.grazie.nlp.langs.Language;                                                 : loaded 2 times (x 65B)
Class ai.grazie.nlp.langs.alphabet.Alphabet                                           : loaded 2 times (x 72B)
Class kotlin.TuplesKt                                                                 : loaded 2 times (x 67B)
Class kotlin.time.DurationKt                                                          : loaded 2 times (x 67B)
Class ai.grazie.nlp.patterns.Pattern$afterWordBoundary$1                              : loaded 2 times (x 89B)
Class kotlin.ranges.RangesKt                                                          : loaded 2 times (x 67B)
Class kotlinx.html.HtmlBlockInlineTag                                                 : loaded 2 times (x 66B)
Class kotlinx.html.consumers.DelayedConsumer                                          : loaded 2 times (x 80B)
Class kotlin.collections.ArraysUtilJVM                                                : loaded 2 times (x 67B)
Class kotlinx.html.FlowPhrasingContent                                                : loaded 2 times (x 66B)
Class kotlin.collections.MapsKt___MapsJvmKt                                           : loaded 2 times (x 67B)
Class ai.grazie.text.TextRange                                                        : loaded 2 times (x 67B)
Class ai.grazie.utils.mpp.DataLoader                                                  : loaded 2 times (x 66B)
Class ai.grazie.nlp.langs.alphabet.NoneAlphabet                                       : loaded 2 times (x 72B)
Class ai.grazie.nlp.patterns.standard.StrictPatterns$HasNoLetters$1                   : loaded 2 times (x 74B)
Class kotlin.jvm.internal.FunctionAdapter                                             : loaded 2 times (x 66B)
Class kotlin.text.StringsKt___StringsJvmKt                                            : loaded 2 times (x 67B)
Class ai.grazie.utils.mpp.RootStreamDataLoader                                        : loaded 2 times (x 66B)
Class kotlin.collections.MapsKt___MapsKt                                              : loaded 2 times (x 67B)
Class kotlin.collections.ArraysKt___ArraysKt                                          : loaded 2 times (x 67B)
Class ai.grazie.nlp.patterns.standard.StrictPatterns$HasNumber$1                      : loaded 2 times (x 74B)
Class kotlin.collections.MapsKt__MapWithDefaultKt                                     : loaded 2 times (x 67B)
Class [Lkotlin.time.DurationUnit;                                                     : loaded 2 times (x 65B)
Class kotlinx.html.FlowOrInteractiveOrPhrasingContent                                 : loaded 2 times (x 66B)
Class kotlinx.html.stream.StreamKt                                                    : loaded 2 times (x 67B)
Class kotlin.text.StringsKt___StringsKt                                               : loaded 2 times (x 67B)
Class kotlin.ranges.CharRange$Companion                                               : loaded 2 times (x 67B)
Class ai.grazie.nlp.patterns.ext.AbbreviationPatterns$Russian$1                       : loaded 2 times (x 91B)
Class kotlinx.html.CommonAttributeGroupFacade                                         : loaded 2 times (x 66B)
Class kotlin.collections.EmptyMap                                                     : loaded 2 times (x 105B)
Class ai.grazie.nlp.langs.LanguageISO$Companion                                       : loaded 2 times (x 67B)
Class ai.grazie.nlp.patterns.standard.LikelyPatterns$NameInitials$1                   : loaded 2 times (x 91B)
Class ai.grazie.utils.mpp.DataLoader$Path                                             : loaded 2 times (x 68B)
Class kotlin.collections.MapsKt                                                       : loaded 2 times (x 67B)
Class ai.grazie.nlp.patterns.standard.StrictPatterns$IsApostrophe$1                   : loaded 2 times (x 74B)
Class ai.grazie.nlp.patterns.standard.LikelyPatterns$TicketName$1                     : loaded 2 times (x 91B)
Class ai.grazie.nlp.patterns.standard.LikelyPatterns$IsOrdinalNumeral$1               : loaded 2 times (x 91B)
Class com.jetbrains.rd.rdtext.intrinsics.RdTextChange$Companion                       : loaded 2 times (x 67B)
Class kotlin.ranges.RangesKt___RangesKt                                               : loaded 2 times (x 67B)
Class ai.grazie.nlp.patterns.standard.LikelyPatterns$PunctuationOperator$1$1          : loaded 2 times (x 91B)
Class kotlin.text.CharsKt__CharKt                                                     : loaded 2 times (x 67B)
Class kotlin.collections.ArraysKt                                                     : loaded 2 times (x 67B)
Class ai.grazie.nlp.tokenizer.sequence.CharSequenceTokenizer                          : loaded 2 times (x 66B)
Class ai.grazie.utils.mpp.FromResourcesDataLoader                                     : loaded 2 times (x 91B)
Class kotlin.collections.ArraysKt__ArraysJVMKt                                        : loaded 2 times (x 67B)
Class ai.grazie.nlp.patterns.RegexPattern                                             : loaded 2 times (x 91B)
Class kotlin.text.StringsKt__StringBuilderKt                                          : loaded 2 times (x 67B)
Class kotlin.NoWhenBranchMatchedException                                             : loaded 2 times (x 78B)
Class ai.grazie.text.TextRange$Companion                                              : loaded 2 times (x 67B)
Class ai.grazie.nlp.tokenizer.Tokenizer$Token                                         : loaded 2 times (x 68B)
Class ai.grazie.nlp.patterns.AhoCorasickPattern$AhoCorasickBuilder$AutomataBuilderNode: loaded 2 times (x 68B)
Class ai.grazie.nlp.langs.alphabet.SetBasedAlphabet                                   : loaded 2 times (x 72B)
Class ai.grazie.nlp.patterns.standard.LikelyPatterns$ActionNameEllipsis$1             : loaded 2 times (x 91B)
Class kotlinx.html.HtmlInlineTag                                                      : loaded 2 times (x 66B)
Class kotlin.ranges.CharProgression                                                   : loaded 2 times (x 77B)
Class ai.grazie.nlp.patterns.standard.LikelyPatterns$IsIPv4$1                         : loaded 2 times (x 91B)
Class kotlinx.html.HTMLTag$attributes$1                                               : loaded 2 times (x 75B)
Class kotlin.jvm.internal.Ref$BooleanRef                                              : loaded 2 times (x 67B)
Class ai.grazie.nlp.patterns.standard.LikelyPatterns$IsEmail$1                        : loaded 2 times (x 91B)
Class ai.grazie.nlp.langs.Language                                                    : loaded 2 times (x 75B)
Class kotlin.time.DurationUnitKt                                                      : loaded 2 times (x 67B)
Class ai.grazie.DataHolder$data$2                                                     : loaded 2 times (x 74B)
Class ai.grazie.nlp.patterns.AhoCorasickPattern                                       : loaded 2 times (x 92B)
Class kotlinx.html.FlowOrPhrasingContent                                              : loaded 2 times (x 66B)

---------------  S Y S T E M  ---------------

OS:
 Windows 11 , 64 bit Build 22621 (10.0.22621.5124)
OS uptime: 0 days 4:17 hours

CPU: total 16 (initial active 16) (16 cores per cpu, 2 threads per core) family 25 model 97 stepping 2 microcode 0x0, cx8, cmov, fxsr, ht, mmx, 3dnowpref, sse, sse2, sse3, ssse3, sse4a, sse4.1, sse4.2, popcnt, lzcnt, tsc, tscinvbit, avx, avx2, aes, erms, clmul, bmi1, bmi2, adx, avx512f, avx512dq, avx512cd, avx512bw, avx512vl, sha, fma, vzeroupper, avx512_vpopcntdq, avx512_vpclmulqdq, avx512_vaes, avx512_vnni, clflush, clflushopt, avx512_vbmi2, avx512_vbmi, rdtscp, rdpid, fsrm, gfni, avx512_bitalg, f16c, pku, cet_ss, avx512_ifma
Processor Information for all 16 processors :
  Max Mhz: 3801, Current Mhz: 3801, Mhz Limit: 3801

Memory: 4k page, system-wide physical 31849M (10790M free)
TotalPageFile size 42089M (AvailPageFile size 13465M)
current process WorkingSet (physical memory assigned to process): 2291M, peak: 2815M
current process commit charge ("private bytes"): 2493M, peak: 2533M

vm_info: OpenJDK 64-Bit Server VM (21.0.4+13-b509.17) for windows-amd64 JRE (21.0.4+13-b509.17), built on 2024-09-04 by "builduser" with MS VC++ 16.10 / 16.11 (VS2019)

END.
