#
# A fatal error has been detected by the Java Runtime Environment:
#
#  EXCEPTION_ACCESS_VIOLATION (0xc0000005) at pc=0x00007ff94a311f0c, pid=26956, tid=27588
#
# JRE version: OpenJDK Runtime Environment JBR-21.0.4+13-509.17-jcef (21.0.4+13) (build 21.0.4+13-b509.17)
# Java VM: OpenJDK 64-Bit Server VM JBR-21.0.4+13-509.17-jcef (21.0.4+13-b509.17, mixed mode, tiered, compressed oops, compressed class ptrs, g1 gc, windows-amd64)
# Problematic frame:
# C  [awt.dll+0xe1f0c]
#
# No core dump will be written. Minidumps are not enabled by default on client versions of Windows
#
# If you would like to submit a bug report, please visit:
#   https://youtrack.jetbrains.com/issues/JBR
# The crash happened outside the Java Virtual Machine in native code.
# See problematic frame for where to report the bug.
#

---------------  S U M M A R Y ------------

Command Line: abort vfprintf -XX:ErrorFile=C:\Users\VadimPC\java_error_in_rider_%p.log -XX:HeapDumpPath=C:\Users\VadimPC\java_error_in_rider.hprof -Xms128m -Xmx2048m -XX:+HeapDumpOnOutOfMemoryError -XX:-OmitStackTraceInFastThrow -XX:+IgnoreUnrecognizedVMOptions -ea -Dsun.io.useCanonCaches=false -Dsun.java2d.metal=true -Djbr.catch.SIGABRT=true -Djdk.http.auth.tunneling.disabledSchemes="" -Djdk.attach.allowAttachSelf=true -Djdk.module.illegalAccess.silent=true -Dkotlinx.coroutines.debug=off -XX:CICompilerCount=2 -XX:ReservedCodeCacheSize=512m -XX:+UnlockDiagnosticVMOptions -XX:TieredOldPercentage=100000 -javaagent:c:\jetbra\ja-netfilter.jar=jetbrains --add-opens=java.base/jdk.internal.org.objectweb.asm=ALL-UNNAMED --add-opens=java.base/jdk.internal.org.objectweb.asm.tree=ALL-UNNAMED -Xms128m -Xmx3981m -XX:ReservedCodeCacheSize=512m -XX:+IgnoreUnrecognizedVMOptions -XX:+UseG1GC -XX:SoftRefLRUPolicyMSPerMB=50 -XX:CICompilerCount=2 -XX:+HeapDumpOnOutOfMemoryError -XX:-OmitStackTraceInFastThrow -ea -Dsun.io.useCanonCaches=false -Djdk.http.auth.tunneling.disabledSchemes="" -Djdk.attach.allowAttachSelf=true -Djdk.module.illegalAccess.silent=true -Dkotlinx.coroutines.debug=off -XX:ErrorFile=$USER_HOME/java_error_in_idea_%p.log -XX:HeapDumpPath=$USER_HOME/java_error_in_idea.hprof --add-opens=java.base/jdk.internal.org.objectweb.asm=ALL-UNNAMED --add-opens=java.base/jdk.internal.org.objectweb.asm.tree=ALL-UNNAMED -javaagent:D:\Program Files\Rider\jetbra\jetbra\ja-netfilter.jar=jetbrains -Djb.vmOptionsFile=D:\Program Files\Rider\jetbra\jetbra\vmoptions\rider.vmoptions -Djava.system.class.loader=com.intellij.util.lang.PathClassLoader -Didea.vendor.name=JetBrains -Didea.paths.selector=Rider2024.2 -Djna.boot.library.path=C:\Program Files\JetBrains\JetBrains Rider 2024.2.6/lib/jna/amd64 -Dpty4j.preferred.native.folder=C:\Program Files\JetBrains\JetBrains Rider 2024.2.6/lib/pty4j -Djna.nosys=true -Djna.noclasspath=true -Dintellij.platform.runtime.repository.path=C:\Program Files\JetBrains\JetBrains Rider 2024.2.6/modules/module-descriptors.jar -Didea.platform.prefix=Rider -Dide.native.launcher=true -Didea.class.before.app=com.jetbrains.rider.protocol.EarlyBackendStarter -Didea.show.customize.ide.wizard=true -DFilePageCache.THROW_ERROR_ON_DUPLICATE_STORAGE_REGISTRATION=false -Dsplash=true -Daether.connector.resumeDownloads=false --add-opens=java.base/java.io=ALL-UNNAMED --add-opens=java.base/java.lang=ALL-UNNAMED --add-opens=java.base/java.lang.ref=ALL-UNNAMED --add-opens=java.base/java.lang.reflect=ALL-UNNAMED --add-opens=java.base/java.net=ALL-UNNAMED --add-opens=java.base/java.nio=ALL-UNNAMED --add-opens=java.base/java.nio.charset=ALL-UNNAMED --add-opens=java.base/java.text=ALL-UNNAMED --add-opens=java.base/java.time=ALL-UNNAMED --add-opens=java.base/java.util=ALL-UNNAMED --add-opens=java.base/java.util.concurrent=ALL-UNNAMED --add-opens=java.base/java.util.concurrent.atomic=ALL-UNNAMED --add-opens=java.base/java.util.concurrent.locks=ALL-UNNAMED --add-opens=java.base/jdk.internal.vm=ALL-UNNAMED --add-opens=java.base/sun.net.dns=ALL-UNNAMED --add-opens=java.base/sun.nio.ch=ALL-UNNAMED --add-opens=java.base/sun.nio.fs=ALL-UNNAMED --add-opens=java.base/sun.security.ssl=ALL-UNNAMED --add-opens=java.base/sun.security.util=ALL-UNNAMED --add-opens=java.desktop/com.sun.java.swing=ALL-UNNAMED --add-opens=java.desktop/java.awt=ALL-UNNAMED --add-opens=java.desktop/java.awt.dnd.peer=ALL-UNNAMED --add-opens=java.desktop/java.awt.event=ALL-UNNAMED --add-opens=java.desktop/java.awt.font=ALL-UNNAMED --add-opens=java.desktop/java.awt.image=ALL-UNNAMED --add-opens=java.desktop/java.awt.peer=ALL-UNNAMED --add-opens=java.desktop/javax.swing=ALL-UNNAMED --add-opens=java.desktop/javax.swing.plaf.basic=ALL-UNNAMED --add-opens=java.desktop/javax.swing.text=ALL-UNNAMED --add-opens=java.desktop/javax.swing.text.html=ALL-UNNAMED --add-opens=java.desktop/sun.awt=ALL-UNNAMED --add-opens=java.desktop/sun.awt.datatransfer=ALL-UNNAMED --add-opens=java.desktop/sun.awt.image=ALL-UNNAMED --add-opens=java.desktop/sun.awt.windows=ALL-UNNAMED --add-opens=java.desktop/sun.font=ALL-UNNAMED --add-opens=java.desktop/sun.java2d=ALL-UNNAMED --add-opens=java.desktop/sun.swing=ALL-UNNAMED --add-opens=java.management/sun.management=ALL-UNNAMED --add-opens=jdk.attach/sun.tools.attach=ALL-UNNAMED --add-opens=jdk.compiler/com.sun.tools.javac.api=ALL-UNNAMED --add-opens=jdk.internal.jvmstat/sun.jvmstat.monitor=ALL-UNNAMED --add-opens=jdk.jdi/com.sun.tools.jdi=ALL-UNNAMED -Dide.native.launcher=true -Djcef.sandbox.ptr=00000184D69A4CD0 -Djcef.sandbox.cefVersion=122.1.9+gd14e051+chromium-122.0.6261.94 com.intellij.idea.Main D:\Repository\Restoran3.0\Restoran3.0.sln --line -1 --column -1 D:\Repository\Restoran3.0\Assets\Scripts\UI\Screens\ShopContent\ShopPages\PageContents\ProductsPage\ProductsScrollContent.cs

Host: AMD Ryzen 7 7700 8-Core Processor              , 16 cores, 31G,  Windows 11 , 64 bit Build 22621 (10.0.22621.5124)
Time: Wed Apr 30 19:25:35 2025 RTZ 3 (s 11 , 64 bit Build 22621 (10.0.22621.5124) elapsed time: 25257.078302 seconds (0d 7h 0m 57s)

---------------  T H R E A D  ---------------

Current thread (0x00000184b3a1fee0):  JavaThread "AWT-Windows" daemon [_thread_in_native, id=27588, stack(0x000000133b800000,0x000000133b900000) (1024K)]

Stack: [0x000000133b800000,0x000000133b900000],  sp=0x000000133b8feb20,  free space=1018k
Native frames: (J=compiled Java code, j=interpreted, Vv=VM code, C=native code)
C  [awt.dll+0xe1f0c]

Java frames: (J=compiled Java code, j=interpreted, Vv=VM code)
j  sun.awt.windows.WToolkit.eventLoop()V+0 java.desktop
j  sun.awt.windows.WToolkit.run()V+50 java.desktop
j  java.lang.Thread.runWith(Ljava/lang/Object;Ljava/lang/Runnable;)V+5 java.base@21.0.4
j  java.lang.Thread.run()V+19 java.base@21.0.4
v  ~StubRoutines::call_stub 0x00000184ecab10e7

siginfo: EXCEPTION_ACCESS_VIOLATION (0xc0000005), reading address 0x0000000000000004


Registers:
RAX=0x000001858abcd9b0, RBX=0x00000185757b7450, RCX=0x0000000000000000, RDX=0x0000000000000000
RSP=0x000000133b8feb20, RBP=0x000000133b8fec29, RSI=0x000001854b6d0a90, RDI=0x0000000000000000
R8 =0x0000000000000001, R9 =0x0000000000000000, R10=0x0000000000000000, R11=0x0000000000000246
R12=0x0000000000000000, R13=0x0000000000000310, R14=0x0000000000000000, R15=0x0000000000000000
RIP=0x00007ff94a311f0c, EFLAGS=0x0000000000010246


Register to memory mapping:

RAX=0x000001858abcd9b0 points into unknown readable memory: 0x0000000000000000 | 00 00 00 00 00 00 00 00
RBX=0x00000185757b7450 points into unknown readable memory: 0x00000184b70a4700 | 00 47 0a b7 84 01 00 00
RCX=0x0 is null
RDX=0x0 is null
RSP=0x000000133b8feb20 is pointing into the stack for thread: 0x00000184b3a1fee0
RBP=0x000000133b8fec29 is pointing into the stack for thread: 0x00000184b3a1fee0
RSI=0x000001854b6d0a90 points into unknown readable memory: 0x00007ff94a347240 | 40 72 34 4a f9 7f 00 00
RDI=0x0 is null
R8 =0x0000000000000001 is an unknown value
R9 =0x0 is null
R10=0x0 is null
R11=0x0000000000000246 is an unknown value
R12=0x0 is null
R13=0x0000000000000310 is an unknown value
R14=0x0 is null
R15=0x0 is null

Top of Stack: (sp=0x000000133b8feb20)
0x000000133b8feb20:   00007ff94a377838 0000000000000000
0x000000133b8feb30:   00000000010110a3 0000000000000000
0x000000133b8feb40:   0000000000000000 00007ff94a2c95ab
0x000000133b8feb50:   0000000000000000 00000185757b7450
0x000000133b8feb60:   0000000000000000 000001854b6d0a90
0x000000133b8feb70:   000001854b6d0a90 00007ff94a2c95f6
0x000000133b8feb80:   00007ff94a230000 0000000000000000
0x000000133b8feb90:   000000000000c325 0000000000000000
0x000000133b8feba0:   000001854b6d0a90 00007ff94a2c6746
0x000000133b8febb0:   0000000000000000 0000000000000000
0x000000133b8febc0:   000000133b8fec90 000000133b8fec94
0x000000133b8febd0:   0000000000000001 0000018537fbeb80
0x000000133b8febe0:   00007ff94a2c9be0 0000000000000000
0x000000133b8febf0:   0000000000000000 000000000000002f
0x000000133b8fec00:   0000000000000000 000000133b8fec90
0x000000133b8fec10:   000000133b8fec94 000000133b8fec98
0x000000133b8fec20:   00000184b3a20298 000001854b6d0b30
0x000000133b8fec30:   0000000000000000 0000000000000000
0x000000133b8fec40:   0000c3afa99e3698 00007ff99165d69a
0x000000133b8fec50:   0000000000000000 000001854b6d0a90
0x000000133b8fec60:   0000000000000000 0000000000000310
0x000000133b8fec70:   0000000000000000 0000000000000000
0x000000133b8fec80:   000001854b6d0a90 00007ff94a3173db
0x000000133b8fec90:   0000cb03aa16d4f1 0000000000000000
0x000000133b8feca0:   0000000000000022 0000000000070a2e
0x000000133b8fecb0:   0000000000000000 0000000000000000
0x000000133b8fecc0:   0000000000000000 00007ff9a5539106
0x000000133b8fecd0:   0000000000070a2e 0000000000000000
0x000000133b8fece0:   000000000000c325 00007ff9a60d8af3
0x000000133b8fecf0:   ffffffffffffffeb 00007ff9a553b609
0x000000133b8fed00:   000001854b6d0cb0 0000c3afa99e31b8
0x000000133b8fed10:   0000000080000022 0000000000000000 

Instructions: (pc=0x00007ff94a311f0c)
0x00007ff94a311e0c:   2b fe 66 90 8b 04 0f 89 01 48 8d 49 04 48 83 ea
0x00007ff94a311e1c:   01 75 f1 45 85 ff 7e 11 4d 8b c7 33 d2 49 c1 e0
0x00007ff94a311e2c:   02 49 8b ce e8 b9 3f 01 00 48 8b 03 45 33 c9 4d
0x00007ff94a311e3c:   8b c6 48 8b d5 48 8b cb ff 90 f8 06 00 00 48 8b
0x00007ff94a311e4c:   03 45 33 c9 4c 8b c6 49 8b d4 48 8b cb ff 90 f8
0x00007ff94a311e5c:   06 00 00 4c 8b 05 ca 29 07 00 48 8b cb 48 8b 15
0x00007ff94a311e6c:   a0 29 07 00 e8 1b b4 fb ff e9 5d ff ff ff 48 8d
0x00007ff94a311e7c:   15 3f 96 03 00 48 8b cb e8 25 28 01 00 e9 58 ff
0x00007ff94a311e8c:   ff ff cc cc 48 89 5c 24 08 57 48 83 ec 20 8b f9
0x00007ff94a311e9c:   e8 bf 63 f4 ff 48 8b d8 48 89 44 24 38 41 b8 01
0x00007ff94a311eac:   00 00 00 8b d7 48 8b c8 e8 27 63 f4 ff 48 8b c8
0x00007ff94a311ebc:   e8 8f fd ff ff 90 48 8b cb e8 56 65 f4 ff 90 48
0x00007ff94a311ecc:   8b 5c 24 30 48 83 c4 20 5f c3 cc cc cc cc cc cc
0x00007ff94a311edc:   cc cc cc cc 48 89 5c 24 08 57 48 83 ec 20 8b f9
0x00007ff94a311eec:   e8 6f 63 f4 ff 48 8b d8 48 89 44 24 38 41 b8 01
0x00007ff94a311efc:   00 00 00 8b d7 48 8b c8 e8 d7 62 f4 ff 48 8b 08
0x00007ff94a311f0c:   83 79 04 08 7e 04 33 ff eb 0b 48 8b 48 08 e8 f1
0x00007ff94a311f1c:   78 fe ff 8b f8 48 8b cb e8 f7 64 f4 ff 90 8b c7
0x00007ff94a311f2c:   48 8b 5c 24 30 48 83 c4 20 5f c3 cc cc cc cc cc
0x00007ff94a311f3c:   cc cc cc cc 48 89 5c 24 08 48 89 74 24 10 48 89
0x00007ff94a311f4c:   7c 24 18 41 56 48 83 ec 30 41 8b f9 45 8b f0 48
0x00007ff94a311f5c:   8b f2 48 8b d9 e8 aa 96 00 00 e8 95 ad ff ff 8b
0x00007ff94a311f6c:   44 24 68 89 44 24 20 44 8b 4c 24 60 44 8b c7 41
0x00007ff94a311f7c:   8b d6 48 8b cb e8 ba e5 ff ff 48 8b f8 48 85 c0
0x00007ff94a311f8c:   74 7f 48 8b 03 48 8b d6 48 8b cb ff 90 f8 00 00
0x00007ff94a311f9c:   00 48 8b d0 48 8b cb 48 85 c0 75 0e 48 8d 15 d9
0x00007ff94a311fac:   96 03 00 e8 fa 26 01 00 eb 57 48 8b 03 4c 8d 0d
0x00007ff94a311fbc:   f0 96 03 00 4c 8d 05 01 97 03 00 ff 90 08 01 00
0x00007ff94a311fcc:   00 48 8b cb 48 85 c0 75 1a 48 8b 03 ff 90 88 00
0x00007ff94a311fdc:   00 00 48 8d 15 eb 96 03 00 48 8b cb e8 c1 26 01
0x00007ff94a311fec:   00 eb 1e 4c 8b cf 4c 8b c0 48 8b d6 e8 83 95 fa
0x00007ff94a311ffc:   ff 48 8b 03 48 8b d7 48 8b cb ff 90 b8 00 00 00 


Stack slot to memory mapping:

stack at sp + 0 slots: 0x00007ff94a377838 awt.dll
stack at sp + 1 slots: 0x0 is null
stack at sp + 2 slots: 0x00000000010110a3 is an unknown value
stack at sp + 3 slots: 0x0 is null
stack at sp + 4 slots: 0x0 is null
stack at sp + 5 slots: 0x00007ff94a2c95ab awt.dll
stack at sp + 6 slots: 0x0 is null
stack at sp + 7 slots: 0x00000185757b7450 points into unknown readable memory: 0x00000184b70a4700 | 00 47 0a b7 84 01 00 00


---------------  P R O C E S S  ---------------

Threads class SMR info:
_java_thread_list=0x00000185707980e0, length=93, elements={
0x00000184d69c7070, 0x000001848a06bfb0, 0x000001848a06c9e0, 0x000001848a0701a0,
0x000001848a08df40, 0x000001848a09a730, 0x000001848a0a2c50, 0x000001848a0a39e0,
0x000001848a0b0b10, 0x000001848a23ccb0, 0x000001848a977840, 0x00000184b3a20c00,
0x00000184b3a1e4a0, 0x00000184b3a1fee0, 0x00000184b4562e80, 0x00000184b455ece0,
0x00000184b455f370, 0x00000184b49bd3a0, 0x00000184b49bfb00, 0x00000184b49b8b70,
0x00000184b68e5360, 0x00000184d1792dc0, 0x00000184d1796240, 0x00000184d1795520,
0x00000184b70f8820, 0x00000184b70f3ff0, 0x0000018520581c50, 0x00000185310e01a0,
0x0000018520769450, 0x0000018537315b40, 0x0000018537310c80, 0x000001853730ebb0,
0x000001854a8b5f40, 0x000001854a8ba0e0, 0x000001854cb177a0, 0x000001854dbb03c0,
0x000001854dbb1e00, 0x0000018557e32b60, 0x0000018557e35950, 0x0000018557e36670,
0x00000185635bcb30, 0x0000018565b6a320, 0x0000018565b75ae0, 0x00000185677e2af0,
0x0000018556341cb0, 0x000001855633eec0, 0x000001855634ad10, 0x0000018571b8f1d0,
0x00000185855ce160, 0x0000018585231160, 0x000001858418e630, 0x0000018582f9a760,
0x00000185677e7320, 0x00000184b530e580, 0x000001857d8dbe80, 0x000001857c6381f0,
0x00000185677e9a80, 0x000001857dbdd9a0, 0x000001858522f090, 0x00000185847392b0,
0x0000018585074670, 0x0000018584739940, 0x000001858473acf0, 0x00000185677ebb50,
0x00000185677e93f0, 0x00000185846697a0, 0x00000185846669b0, 0x0000018576f16950,
0x0000018576f141f0, 0x00000184b4f845f0, 0x0000018583a3a7c0, 0x000001858af8cd80,
0x000001858af8d410, 0x0000018582b15a20, 0x000001858af8e7c0, 0x00000184b530ec10,
0x00000184b530b790, 0x000001848a4d0240, 0x00000184b530def0, 0x0000018585310430,
0x000001858af8c060, 0x00000185677eae30, 0x000001858530f710, 0x000001857dbda520,
0x000001858c61cc00, 0x00000185775d15c0, 0x000001848a4cfbb0, 0x0000018582b16dd0,
0x00000185832758e0, 0x0000018583273180, 0x0000018583273ea0, 0x0000018583274530,
0x0000018582856f30
}

Java Threads: ( => current thread )
  0x00000184d69c7070 JavaThread "main"                              [_thread_blocked, id=27364, stack(0x0000001338e00000,0x0000001339000000) (2048K)]
  0x000001848a06bfb0 JavaThread "Reference Handler"          daemon [_thread_blocked, id=2512, stack(0x0000001339700000,0x0000001339800000) (1024K)]
  0x000001848a06c9e0 JavaThread "Finalizer"                  daemon [_thread_blocked, id=30068, stack(0x0000001339800000,0x0000001339900000) (1024K)]
  0x000001848a0701a0 JavaThread "Signal Dispatcher"          daemon [_thread_blocked, id=4724, stack(0x0000001339900000,0x0000001339a00000) (1024K)]
  0x000001848a08df40 JavaThread "Attach Listener"            daemon [_thread_blocked, id=29492, stack(0x0000001339a00000,0x0000001339b00000) (1024K)]
  0x000001848a09a730 JavaThread "Service Thread"             daemon [_thread_blocked, id=30024, stack(0x0000001339b00000,0x0000001339c00000) (1024K)]
  0x000001848a0a2c50 JavaThread "Monitor Deflation Thread"   daemon [_thread_blocked, id=25452, stack(0x0000001339c00000,0x0000001339d00000) (1024K)]
  0x000001848a0a39e0 JavaThread "C2 CompilerThread0"         daemon [_thread_blocked, id=23524, stack(0x0000001339d00000,0x0000001339e00000) (1024K)]
  0x000001848a0b0b10 JavaThread "C1 CompilerThread0"         daemon [_thread_blocked, id=29088, stack(0x0000001339e00000,0x0000001339f00000) (1024K)]
  0x000001848a23ccb0 JavaThread "Common-Cleaner"             daemon [_thread_blocked, id=29184, stack(0x0000001339f00000,0x000000133a000000) (1024K)]
  0x000001848a977840 JavaThread "Notification Thread"        daemon [_thread_blocked, id=27788, stack(0x000000133a500000,0x000000133a600000) (1024K)]
  0x00000184b3a20c00 JavaThread "Java2D Disposer"            daemon [_thread_blocked, id=9652, stack(0x000000133b600000,0x000000133b700000) (1024K)]
  0x00000184b3a1e4a0 JavaThread "AWT-Shutdown"                      [_thread_blocked, id=12024, stack(0x000000133b700000,0x000000133b800000) (1024K)]
=>0x00000184b3a1fee0 JavaThread "AWT-Windows"                daemon [_thread_in_native, id=27588, stack(0x000000133b800000,0x000000133b900000) (1024K)]
  0x00000184b4562e80 JavaThread "External Command Listener"  daemon [_thread_in_native, id=26244, stack(0x000000133c000000,0x000000133c100000) (1024K)]
  0x00000184b455ece0 JavaThread "AWT-EventQueue-0"                  [_thread_in_native, id=23228, stack(0x000000133c100000,0x000000133c200000) (1024K)]
  0x00000184b455f370 JavaThread "kotlinx.coroutines.DefaultExecutor" daemon [_thread_blocked, id=2504, stack(0x000000133c200000,0x000000133c300000) (1024K)]
  0x00000184b49bd3a0 JavaThread "EarlyStartServerWire/Sender" daemon [_thread_blocked, id=29796, stack(0x000000133c300000,0x000000133c400000) (1024K)]
  0x00000184b49bfb00 JavaThread "EarlyStartServerWire"       daemon [_thread_in_native, id=27688, stack(0x000000133c500000,0x000000133c600000) (1024K)]
  0x00000184b49b8b70 JavaThread "SerializersBackgroundRegistrar" daemon [_thread_blocked, id=29716, stack(0x000000133c600000,0x000000133c700000) (1024K)]
  0x00000184b68e5360 JavaThread "Program"                           [_thread_in_native, id=30448, stack(0x000000133cc00000,0x000000133cd00000) (1024K)]
  0x00000184d1792dc0 JavaThread "BaseDataReader: output stream of Program"        [_thread_in_native, id=25440, stack(0x000000133cd00000,0x000000133ce00000) (1024K)]
  0x00000184d1796240 JavaThread "BaseDataReader: error stream of Program"        [_thread_in_native, id=25968, stack(0x000000133ce00000,0x000000133cf00000) (1024K)]
  0x00000184d1795520 JavaThread "PeriodicMetricReader"       daemon [_thread_blocked, id=27180, stack(0x000000133cf00000,0x000000133d000000) (1024K)]
  0x00000184b70f8820 JavaThread "Coroutines Debugger Cleaner" daemon [_thread_blocked, id=10064, stack(0x000000133d400000,0x000000133d500000) (1024K)]
  0x00000184b70f3ff0 JavaThread "JVMResponsivenessMonitor"   daemon [_thread_blocked, id=30596, stack(0x000000133d500000,0x000000133d600000) (1024K)]
  0x0000018520581c50 JavaThread "Periodic tasks thread"      daemon [_thread_blocked, id=24792, stack(0x000000133d600000,0x000000133d700000) (1024K)]
  0x00000185310e01a0 JavaThread "JNA Cleaner"                daemon [_thread_blocked, id=30196, stack(0x000000133d800000,0x000000133d900000) (1024K)]
  0x0000018520769450 JavaThread "Netty Builtin Server 1"     daemon [_thread_in_native, id=25664, stack(0x000000133d900000,0x000000133da00000) (1024K)]
  0x0000018537315b40 JavaThread "fsnotifier.exe"                    [_thread_in_native, id=23476, stack(0x000000133dc00000,0x000000133dd00000) (1024K)]
  0x0000018537310c80 JavaThread "BaseDataReader: output stream of fsnotifier.exe"        [_thread_in_native, id=6996, stack(0x000000133dd00000,0x000000133de00000) (1024K)]
  0x000001853730ebb0 JavaThread "BaseDataReader: error stream of fsnotifier.exe"        [_thread_in_native, id=15244, stack(0x000000133de00000,0x000000133df00000) (1024K)]
  0x000001854a8b5f40 JavaThread "copilot-language-server.exe"        [_thread_in_native, id=29224, stack(0x000000133df00000,0x000000133e000000) (1024K)]
  0x000001854a8ba0e0 JavaThread "TimerQueue"                 daemon [_thread_blocked, id=26948, stack(0x000000133e000000,0x000000133e100000) (1024K)]
  0x000001854cb177a0 JavaThread "Jndi-Dns-address-change-listener" daemon [_thread_in_native, id=6740, stack(0x000000133e100000,0x000000133e200000) (1024K)]
  0x000001854dbb03c0 JavaThread "pool-4-thread-1"                   [_thread_blocked, id=29836, stack(0x000000133e700000,0x000000133e800000) (1024K)]
  0x000001854dbb1e00 JavaThread "BackgroundScheduler"        daemon [_thread_blocked, id=324, stack(0x000000133e800000,0x000000133e900000) (1024K)]
  0x0000018557e32b60 JavaThread "GitHub Copilot agent"       daemon [_thread_blocked, id=22108, stack(0x000000133fd00000,0x000000133fe00000) (1024K)]
  0x0000018557e35950 JavaThread "BaseDataReader: output stream of copilot-language-server.exe"        [_thread_in_native, id=24884, stack(0x000000133fe00000,0x000000133ff00000) (1024K)]
  0x0000018557e36670 JavaThread "BaseDataReader: error stream of copilot-language-server.exe"        [_thread_in_native, id=28788, stack(0x000000133ff00000,0x0000001340000000) (1024K)]
  0x00000185635bcb30 JavaThread "rd throttler"               daemon [_thread_blocked, id=26792, stack(0x000000133c400000,0x000000133c500000) (1024K)]
  0x0000018565b6a320 JavaThread "WorkspaceModelUpdater"      daemon [_thread_blocked, id=29152, stack(0x0000001340700000,0x0000001340800000) (1024K)]
  0x0000018565b75ae0 JavaThread "Windows Shell integration"  daemon [_thread_blocked, id=1704, stack(0x0000001340a00000,0x0000001340b00000) (1024K)]
  0x00000185677e2af0 JavaThread "DefaultDispatcher-worker-7" daemon [_thread_blocked, id=31236, stack(0x0000001341d00000,0x0000001341e00000) (1024K)]
  0x0000018556341cb0 JavaThread "ProtocolInstanceWatcher"           [_thread_blocked, id=31108, stack(0x0000001345b00000,0x0000001345c00000) (1024K)]
  0x000001855633eec0 JavaThread "FileSystemWatchService"     daemon [_thread_in_native, id=31112, stack(0x0000001345c00000,0x0000001345d00000) (1024K)]
  0x000001855634ad10 JavaThread "TodoBrowserHostScheduler"   daemon [_thread_blocked, id=32304, stack(0x0000001340b00000,0x0000001340c00000) (1024K)]
  0x0000018571b8f1d0 JavaThread "DefaultDispatcher-worker-2" daemon [_thread_blocked, id=66756, stack(0x000000133fc00000,0x000000133fd00000) (1024K)]
  0x00000185855ce160 JavaThread "DefaultDispatcher-worker-13" daemon [_thread_blocked, id=20488, stack(0x000000133fb00000,0x000000133fc00000) (1024K)]
  0x0000018585231160 JavaThread "DefaultDispatcher-worker-6" daemon [_thread_blocked, id=70496, stack(0x000000133ac00000,0x000000133ad00000) (1024K)]
  0x000001858418e630 JavaThread "DefaultDispatcher-worker-14" daemon [_thread_blocked, id=70116, stack(0x000000133b500000,0x000000133b600000) (1024K)]
  0x0000018582f9a760 JavaThread "DefaultDispatcher-worker-1" daemon [_thread_blocked, id=51528, stack(0x000000133f100000,0x000000133f200000) (1024K)]
  0x00000185677e7320 JavaThread "DefaultDispatcher-worker-3" daemon [_thread_blocked, id=70232, stack(0x000000133b200000,0x000000133b300000) (1024K)]
  0x00000184b530e580 JavaThread "DefaultDispatcher-worker-17" daemon [_thread_blocked, id=68908, stack(0x000000133cb00000,0x000000133cc00000) (1024K)]
  0x000001857d8dbe80 JavaThread "DefaultDispatcher-worker-9" daemon [_thread_blocked, id=75568, stack(0x000000133f700000,0x000000133f800000) (1024K)]
  0x000001857c6381f0 JavaThread "DefaultDispatcher-worker-19" daemon [_thread_blocked, id=77944, stack(0x0000001338c00000,0x0000001338d00000) (1024K)]
  0x00000185677e9a80 JavaThread "DefaultDispatcher-worker-20" daemon [_thread_blocked, id=74436, stack(0x000000133a600000,0x000000133a700000) (1024K)]
  0x000001857dbdd9a0 JavaThread "DefaultDispatcher-worker-21" daemon [_thread_blocked, id=71216, stack(0x000000133a700000,0x000000133a800000) (1024K)]
  0x000001858522f090 JavaThread "DefaultDispatcher-worker-10" daemon [_thread_blocked, id=74548, stack(0x000000133b100000,0x000000133b200000) (1024K)]
  0x00000185847392b0 JavaThread "DefaultDispatcher-worker-16" daemon [_thread_blocked, id=82308, stack(0x000000133ee00000,0x000000133ef00000) (1024K)]
  0x0000018585074670 JavaThread "DefaultDispatcher-worker-23" daemon [_thread_blocked, id=81904, stack(0x000000133ae00000,0x000000133af00000) (1024K)]
  0x0000018584739940 JavaThread "DefaultDispatcher-worker-24" daemon [_thread_blocked, id=82580, stack(0x000000133b300000,0x000000133b400000) (1024K)]
  0x000001858473acf0 JavaThread "DefaultDispatcher-worker-25" daemon [_thread_blocked, id=79004, stack(0x000000133c900000,0x000000133ca00000) (1024K)]
  0x00000185677ebb50 JavaThread "DefaultDispatcher-worker-26" daemon [_thread_blocked, id=79116, stack(0x0000001341100000,0x0000001341200000) (1024K)]
  0x00000185677e93f0 JavaThread "DefaultDispatcher-worker-28" daemon [_thread_blocked, id=79316, stack(0x0000001341300000,0x0000001341400000) (1024K)]
  0x00000185846697a0 JavaThread "DefaultDispatcher-worker-30" daemon [_thread_blocked, id=79700, stack(0x0000001341500000,0x0000001341600000) (1024K)]
  0x00000185846669b0 JavaThread "DefaultDispatcher-worker-15" daemon [_thread_blocked, id=79664, stack(0x0000001341600000,0x0000001341700000) (1024K)]
  0x0000018576f16950 JavaThread "DefaultDispatcher-worker-8" daemon [_thread_blocked, id=85124, stack(0x0000001342800000,0x0000001342900000) (1024K)]
  0x0000018576f141f0 JavaThread "DefaultDispatcher-worker-18" daemon [_thread_blocked, id=85128, stack(0x0000001342900000,0x0000001342a00000) (1024K)]
  0x00000184b4f845f0 JavaThread "DefaultDispatcher-worker-29" daemon [_thread_blocked, id=85132, stack(0x0000001342a00000,0x0000001342b00000) (1024K)]
  0x0000018583a3a7c0 JavaThread "DefaultDispatcher-worker-27" daemon [_thread_blocked, id=84212, stack(0x0000001343000000,0x0000001343100000) (1024K)]
  0x000001858af8cd80 JavaThread "ApplicationImpl pooled thread 307"        [_thread_blocked, id=89008, stack(0x0000001340400000,0x0000001340500000) (1024K)]
  0x000001858af8d410 JavaThread "JobScheduler FJ pool 1/15"  daemon [_thread_blocked, id=74984, stack(0x000000133d000000,0x000000133d100000) (1024K)]
  0x0000018582b15a20 JavaThread "ApplicationImpl pooled thread 317"        [_thread_blocked, id=92660, stack(0x000000133d200000,0x000000133d300000) (1024K)]
  0x000001858af8e7c0 JavaThread "ApplicationImpl pooled thread 318"        [_thread_blocked, id=87168, stack(0x000000133d300000,0x000000133d400000) (1024K)]
  0x00000184b530ec10 JavaThread "JobScheduler FJ pool 2/15"  daemon [_thread_blocked, id=44700, stack(0x000000133d700000,0x000000133d800000) (1024K)]
  0x00000184b530b790 JavaThread "JobScheduler FJ pool 3/15"  daemon [_thread_blocked, id=11812, stack(0x000000133e600000,0x000000133e700000) (1024K)]
  0x000001848a4d0240 JavaThread "JobScheduler FJ pool 4/15"  daemon [_thread_blocked, id=44876, stack(0x000000133e900000,0x000000133ea00000) (1024K)]
  0x00000184b530def0 JavaThread "JobScheduler FJ pool 5/15"  daemon [_thread_blocked, id=81268, stack(0x000000133ea00000,0x000000133eb00000) (1024K)]
  0x0000018585310430 JavaThread "JobScheduler FJ pool 6/15"  daemon [_thread_blocked, id=93028, stack(0x000000133eb00000,0x000000133ec00000) (1024K)]
  0x000001858af8c060 JavaThread "JobScheduler FJ pool 7/15"  daemon [_thread_blocked, id=93088, stack(0x000000133ed00000,0x000000133ee00000) (1024K)]
  0x00000185677eae30 JavaThread "JobScheduler FJ pool 8/15"  daemon [_thread_blocked, id=88744, stack(0x000000133ef00000,0x000000133f000000) (1024K)]
  0x000001858530f710 JavaThread "JobScheduler FJ pool 9/15"  daemon [_thread_blocked, id=84372, stack(0x000000133f000000,0x000000133f100000) (1024K)]
  0x000001857dbda520 JavaThread "JobScheduler FJ pool 11/15" daemon [_thread_blocked, id=92348, stack(0x000000133f200000,0x000000133f300000) (1024K)]
  0x000001858c61cc00 JavaThread "JobScheduler FJ pool 12/15" daemon [_thread_blocked, id=36536, stack(0x000000133f300000,0x000000133f400000) (1024K)]
  0x00000185775d15c0 JavaThread "JobScheduler FJ pool 10/15" daemon [_thread_blocked, id=87032, stack(0x000000133f400000,0x000000133f500000) (1024K)]
  0x000001848a4cfbb0 JavaThread "JobScheduler FJ pool 13/15" daemon [_thread_blocked, id=84564, stack(0x000000133f500000,0x000000133f600000) (1024K)]
  0x0000018582b16dd0 JavaThread "JobScheduler FJ pool 14/15" daemon [_thread_blocked, id=81612, stack(0x000000133f600000,0x000000133f700000) (1024K)]
  0x00000185832758e0 JavaThread "DefaultDispatcher-worker-5" daemon [_thread_blocked, id=91124, stack(0x000000133f800000,0x000000133f900000) (1024K)]
  0x0000018583273180 JavaThread "DefaultDispatcher-worker-11" daemon [_thread_blocked, id=91412, stack(0x000000133fa00000,0x000000133fb00000) (1024K)]
  0x0000018583273ea0 JavaThread "DefaultDispatcher-worker-22" daemon [_thread_blocked, id=88856, stack(0x0000001340000000,0x0000001340100000) (1024K)]
  0x0000018583274530 JavaThread "DefaultDispatcher-worker-4" daemon [_thread_blocked, id=91044, stack(0x0000001340100000,0x0000001340200000) (1024K)]
  0x0000018582856f30 JavaThread "DefaultDispatcher-worker-12" daemon [_thread_blocked, id=70308, stack(0x0000001340200000,0x0000001340300000) (1024K)]
Total: 93

Other Threads:
  0x000001848a0080c0 VMThread "VM Thread"                           [id=16840, stack(0x0000001339600000,0x0000001339700000) (1024K)]
  0x00000184feb89c80 WatcherThread "VM Periodic Task Thread"        [id=29820, stack(0x0000001339500000,0x0000001339600000) (1024K)]
  0x00000184d8f18560 WorkerThread "GC Thread#0"                     [id=27300, stack(0x0000001339000000,0x0000001339100000) (1024K)]
  0x000001848a0092e0 WorkerThread "GC Thread#1"                     [id=9408, stack(0x000000133a000000,0x000000133a100000) (1024K)]
  0x000001848a009a20 WorkerThread "GC Thread#2"                     [id=25828, stack(0x000000133a100000,0x000000133a200000) (1024K)]
  0x000001848a008460 WorkerThread "GC Thread#3"                     [id=26028, stack(0x000000133a200000,0x000000133a300000) (1024K)]
  0x000001848a008ba0 WorkerThread "GC Thread#4"                     [id=29220, stack(0x000000133a300000,0x000000133a400000) (1024K)]
  0x000001848a008800 WorkerThread "GC Thread#5"                     [id=24132, stack(0x000000133a400000,0x000000133a500000) (1024K)]
  0x00000184b38f6d30 WorkerThread "GC Thread#6"                     [id=30432, stack(0x000000133b900000,0x000000133ba00000) (1024K)]
  0x00000184b38f9c50 WorkerThread "GC Thread#7"                     [id=29944, stack(0x000000133ba00000,0x000000133bb00000) (1024K)]
  0x00000184b38f70d0 WorkerThread "GC Thread#8"                     [id=25516, stack(0x000000133bb00000,0x000000133bc00000) (1024K)]
  0x00000184b38f7bb0 WorkerThread "GC Thread#9"                     [id=29132, stack(0x000000133bc00000,0x000000133bd00000) (1024K)]
  0x00000184b38f9170 WorkerThread "GC Thread#10"                    [id=27168, stack(0x000000133bd00000,0x000000133be00000) (1024K)]
  0x00000184b4897c00 WorkerThread "GC Thread#11"                    [id=25580, stack(0x000000133c700000,0x000000133c800000) (1024K)]
  0x00000184b69b9520 WorkerThread "GC Thread#12"                    [id=23960, stack(0x000000133c800000,0x000000133c900000) (1024K)]
  0x00000184d8f2a220 ConcurrentGCThread "G1 Main Marker"            [id=29176, stack(0x0000001339100000,0x0000001339200000) (1024K)]
  0x00000184d8f2c4d0 WorkerThread "G1 Conc#0"                       [id=24684, stack(0x0000001339200000,0x0000001339300000) (1024K)]
  0x00000184b38f7470 WorkerThread "G1 Conc#1"                       [id=30356, stack(0x000000133be00000,0x000000133bf00000) (1024K)]
  0x00000184b38f7f50 WorkerThread "G1 Conc#2"                       [id=28636, stack(0x000000133bf00000,0x000000133c000000) (1024K)]
  0x00000184fea5dd70 ConcurrentGCThread "G1 Refine#0"               [id=17092, stack(0x0000001339300000,0x0000001339400000) (1024K)]
  0x00000184fea5e8e0 ConcurrentGCThread "G1 Service"                [id=30632, stack(0x0000001339400000,0x0000001339500000) (1024K)]
Total: 21

Threads with active compile tasks:
Total: 0

VM state: not at safepoint (normal execution)

VM Mutex/Monitor currently owned by a thread: None

Heap address: 0x0000000707200000, size: 3982 MB, Compressed Oops mode: Zero based, Oop shift amount: 3

CDS archive(s) not mapped
Compressed class space mapped at: 0x0000000800000000-0x0000000840000000, reserved size: 1073741824
Narrow klass base: 0x0000000800000000, Narrow klass shift: 0, Narrow klass range: 0x40000000

GC Precious Log:
 CardTable entry size: 512
 Card Set container configuration: InlinePtr #cards 4 size 8 Array Of Cards #cards 16 size 48 Howl #buckets 8 coarsen threshold 3686 Howl Bitmap #cards 512 size 80 coarsen threshold 460 Card regions per heap region 1 cards per card region 4096
 CPUs: 16 total, 16 available
 Memory: 31849M
 Large Page Support: Disabled
 NUMA Support: Disabled
 Compressed Oops: Enabled (Zero based)
 Heap Region Size: 2M
 Heap Min Capacity: 128M
 Heap Initial Capacity: 128M
 Heap Max Capacity: 3982M
 Pre-touch: Disabled
 Parallel Workers: 13
 Concurrent Workers: 3
 Concurrent Refinement Workers: 13
 Periodic GC: Disabled

Heap:
 garbage-first heap   total 1597440K, used 1038173K [0x0000000707200000, 0x0000000800000000)
  region size 2048K, 271 young (555008K), 9 survivors (18432K)
 Metaspace       used 410943K, committed 416832K, reserved 1441792K
  class space    used 47175K, committed 50240K, reserved 1048576K

Heap Regions: E=young(eden), S=young(survivor), O=old, HS=humongous(starts), HC=humongous(continues), CS=collection set, F=free, TAMS=top-at-mark-start, PB=parsable bottom
|   0|0x0000000707200000, 0x0000000707400000, 0x0000000707400000|100%|HS|  |TAMS 0x0000000707200000| PB 0x0000000707200000| Complete 
|   1|0x0000000707400000, 0x0000000707600000, 0x0000000707600000|100%|HS|  |TAMS 0x0000000707400000| PB 0x0000000707400000| Complete 
|   2|0x0000000707600000, 0x0000000707800000, 0x0000000707800000|100%| O|  |TAMS 0x0000000707600000| PB 0x0000000707600000| Untracked 
|   3|0x0000000707800000, 0x0000000707a00000, 0x0000000707a00000|100%| O|  |TAMS 0x0000000707800000| PB 0x0000000707800000| Untracked 
|   4|0x0000000707a00000, 0x0000000707c00000, 0x0000000707c00000|100%| O|  |TAMS 0x0000000707a00000| PB 0x0000000707a00000| Untracked 
|   5|0x0000000707c00000, 0x0000000707e00000, 0x0000000707e00000|100%| O|  |TAMS 0x0000000707c00000| PB 0x0000000707c00000| Untracked 
|   6|0x0000000707e00000, 0x0000000708000000, 0x0000000708000000|100%| O|  |TAMS 0x0000000707e00000| PB 0x0000000707e00000| Untracked 
|   7|0x0000000708000000, 0x0000000708200000, 0x0000000708200000|100%| O|  |TAMS 0x0000000708000000| PB 0x0000000708000000| Untracked 
|   8|0x0000000708200000, 0x0000000708400000, 0x0000000708400000|100%| O|  |TAMS 0x0000000708200000| PB 0x0000000708200000| Untracked 
|   9|0x0000000708400000, 0x0000000708600000, 0x0000000708600000|100%| O|  |TAMS 0x0000000708400000| PB 0x0000000708400000| Untracked 
|  10|0x0000000708600000, 0x0000000708800000, 0x0000000708800000|100%| O|  |TAMS 0x0000000708600000| PB 0x0000000708600000| Untracked 
|  11|0x0000000708800000, 0x0000000708a00000, 0x0000000708a00000|100%| O|  |TAMS 0x0000000708800000| PB 0x0000000708800000| Untracked 
|  12|0x0000000708a00000, 0x0000000708c00000, 0x0000000708c00000|100%| O|  |TAMS 0x0000000708a00000| PB 0x0000000708a00000| Untracked 
|  13|0x0000000708c00000, 0x0000000708e00000, 0x0000000708e00000|100%| O|  |TAMS 0x0000000708c00000| PB 0x0000000708c00000| Untracked 
|  14|0x0000000708e00000, 0x0000000709000000, 0x0000000709000000|100%| O|  |TAMS 0x0000000708e00000| PB 0x0000000708e00000| Untracked 
|  15|0x0000000709000000, 0x0000000709200000, 0x0000000709200000|100%| O|  |TAMS 0x0000000709000000| PB 0x0000000709000000| Untracked 
|  16|0x0000000709200000, 0x0000000709400000, 0x0000000709400000|100%| O|  |TAMS 0x0000000709200000| PB 0x0000000709200000| Untracked 
|  17|0x0000000709400000, 0x0000000709600000, 0x0000000709600000|100%|HS|  |TAMS 0x0000000709400000| PB 0x0000000709400000| Complete 
|  18|0x0000000709600000, 0x0000000709800000, 0x0000000709800000|100%| O|  |TAMS 0x0000000709600000| PB 0x0000000709600000| Untracked 
|  19|0x0000000709800000, 0x0000000709a00000, 0x0000000709a00000|100%| O|  |TAMS 0x0000000709800000| PB 0x0000000709800000| Untracked 
|  20|0x0000000709a00000, 0x0000000709c00000, 0x0000000709c00000|100%|HS|  |TAMS 0x0000000709a00000| PB 0x0000000709a00000| Complete 
|  21|0x0000000709c00000, 0x0000000709e00000, 0x0000000709e00000|100%|HC|  |TAMS 0x0000000709c00000| PB 0x0000000709c00000| Complete 
|  22|0x0000000709e00000, 0x000000070a000000, 0x000000070a000000|100%| O|  |TAMS 0x0000000709e00000| PB 0x0000000709e00000| Untracked 
|  23|0x000000070a000000, 0x000000070a200000, 0x000000070a200000|100%|HS|  |TAMS 0x000000070a000000| PB 0x000000070a000000| Complete 
|  24|0x000000070a200000, 0x000000070a400000, 0x000000070a400000|100%|HC|  |TAMS 0x000000070a200000| PB 0x000000070a200000| Complete 
|  25|0x000000070a400000, 0x000000070a600000, 0x000000070a600000|100%|HC|  |TAMS 0x000000070a400000| PB 0x000000070a400000| Complete 
|  26|0x000000070a600000, 0x000000070a800000, 0x000000070a800000|100%|HC|  |TAMS 0x000000070a600000| PB 0x000000070a600000| Complete 
|  27|0x000000070a800000, 0x000000070aa00000, 0x000000070aa00000|100%|HC|  |TAMS 0x000000070a800000| PB 0x000000070a800000| Complete 
|  28|0x000000070aa00000, 0x000000070ac00000, 0x000000070ac00000|100%| O|  |TAMS 0x000000070aa00000| PB 0x000000070aa00000| Untracked 
|  29|0x000000070ac00000, 0x000000070ae00000, 0x000000070ae00000|100%|HS|  |TAMS 0x000000070ac00000| PB 0x000000070ac00000| Complete 
|  30|0x000000070ae00000, 0x000000070b000000, 0x000000070b000000|100%|HC|  |TAMS 0x000000070ae00000| PB 0x000000070ae00000| Complete 
|  31|0x000000070b000000, 0x000000070b200000, 0x000000070b200000|100%| O|  |TAMS 0x000000070b000000| PB 0x000000070b000000| Untracked 
|  32|0x000000070b200000, 0x000000070b400000, 0x000000070b400000|100%| O|  |TAMS 0x000000070b200000| PB 0x000000070b200000| Untracked 
|  33|0x000000070b400000, 0x000000070b600000, 0x000000070b600000|100%| O|  |TAMS 0x000000070b400000| PB 0x000000070b400000| Untracked 
|  34|0x000000070b600000, 0x000000070b800000, 0x000000070b800000|100%| O|  |TAMS 0x000000070b600000| PB 0x000000070b600000| Untracked 
|  35|0x000000070b800000, 0x000000070ba00000, 0x000000070ba00000|100%| O|  |TAMS 0x000000070b800000| PB 0x000000070b800000| Untracked 
|  36|0x000000070ba00000, 0x000000070bc00000, 0x000000070bc00000|100%| O|  |TAMS 0x000000070ba00000| PB 0x000000070ba00000| Untracked 
|  37|0x000000070bc00000, 0x000000070be00000, 0x000000070be00000|100%| O|  |TAMS 0x000000070bc00000| PB 0x000000070bc00000| Untracked 
|  38|0x000000070be00000, 0x000000070c000000, 0x000000070c000000|100%| O|  |TAMS 0x000000070be00000| PB 0x000000070be00000| Untracked 
|  39|0x000000070c000000, 0x000000070c200000, 0x000000070c200000|100%| O|  |TAMS 0x000000070c000000| PB 0x000000070c000000| Untracked 
|  40|0x000000070c200000, 0x000000070c400000, 0x000000070c400000|100%| O|  |TAMS 0x000000070c200000| PB 0x000000070c200000| Untracked 
|  41|0x000000070c400000, 0x000000070c600000, 0x000000070c600000|100%| O|  |TAMS 0x000000070c400000| PB 0x000000070c400000| Untracked 
|  42|0x000000070c600000, 0x000000070c800000, 0x000000070c800000|100%|HS|  |TAMS 0x000000070c600000| PB 0x000000070c600000| Complete 
|  43|0x000000070c800000, 0x000000070ca00000, 0x000000070ca00000|100%| O|  |TAMS 0x000000070c800000| PB 0x000000070c800000| Untracked 
|  44|0x000000070ca00000, 0x000000070cc00000, 0x000000070cc00000|100%| O|  |TAMS 0x000000070ca00000| PB 0x000000070ca00000| Untracked 
|  45|0x000000070cc00000, 0x000000070ce00000, 0x000000070ce00000|100%| O|  |TAMS 0x000000070cc00000| PB 0x000000070cc00000| Untracked 
|  46|0x000000070ce00000, 0x000000070d000000, 0x000000070d000000|100%| O|  |TAMS 0x000000070ce00000| PB 0x000000070ce00000| Untracked 
|  47|0x000000070d000000, 0x000000070d200000, 0x000000070d200000|100%| O|  |TAMS 0x000000070d000000| PB 0x000000070d000000| Untracked 
|  48|0x000000070d200000, 0x000000070d400000, 0x000000070d400000|100%|HS|  |TAMS 0x000000070d200000| PB 0x000000070d200000| Complete 
|  49|0x000000070d400000, 0x000000070d600000, 0x000000070d600000|100%| O|  |TAMS 0x000000070d400000| PB 0x000000070d400000| Untracked 
|  50|0x000000070d600000, 0x000000070d800000, 0x000000070d800000|100%| O|  |TAMS 0x000000070d600000| PB 0x000000070d600000| Untracked 
|  51|0x000000070d800000, 0x000000070da00000, 0x000000070da00000|100%|HS|  |TAMS 0x000000070d800000| PB 0x000000070d800000| Complete 
|  52|0x000000070da00000, 0x000000070dc00000, 0x000000070dc00000|100%| O|  |TAMS 0x000000070da00000| PB 0x000000070da00000| Untracked 
|  53|0x000000070dc00000, 0x000000070de00000, 0x000000070de00000|100%| O|  |TAMS 0x000000070dc00000| PB 0x000000070dc00000| Untracked 
|  54|0x000000070de00000, 0x000000070de7ee00, 0x000000070e000000| 24%| O|  |TAMS 0x000000070de00000| PB 0x000000070de00000| Untracked 
|  55|0x000000070e000000, 0x000000070e200000, 0x000000070e200000|100%|HS|  |TAMS 0x000000070e000000| PB 0x000000070e000000| Complete 
|  56|0x000000070e200000, 0x000000070e400000, 0x000000070e400000|100%| O|Cm|TAMS 0x000000070e200000| PB 0x000000070e200000| Complete 
|  57|0x000000070e400000, 0x000000070e600000, 0x000000070e600000|100%| O|  |TAMS 0x000000070e400000| PB 0x000000070e400000| Untracked 
|  58|0x000000070e600000, 0x000000070e800000, 0x000000070e800000|100%| O|  |TAMS 0x000000070e600000| PB 0x000000070e600000| Untracked 
|  59|0x000000070e800000, 0x000000070ea00000, 0x000000070ea00000|100%| O|  |TAMS 0x000000070e800000| PB 0x000000070e800000| Untracked 
|  60|0x000000070ea00000, 0x000000070ea00000, 0x000000070ec00000|  0%| F|  |TAMS 0x000000070ea00000| PB 0x000000070ea00000| Untracked 
|  61|0x000000070ec00000, 0x000000070ee00000, 0x000000070ee00000|100%| O|  |TAMS 0x000000070ec00000| PB 0x000000070ec00000| Untracked 
|  62|0x000000070ee00000, 0x000000070f000000, 0x000000070f000000|100%| O|  |TAMS 0x000000070ee00000| PB 0x000000070ee00000| Untracked 
|  63|0x000000070f000000, 0x000000070f200000, 0x000000070f200000|100%| O|  |TAMS 0x000000070f000000| PB 0x000000070f000000| Untracked 
|  64|0x000000070f200000, 0x000000070f400000, 0x000000070f400000|100%| O|  |TAMS 0x000000070f200000| PB 0x000000070f200000| Untracked 
|  65|0x000000070f400000, 0x000000070f400000, 0x000000070f600000|  0%| F|  |TAMS 0x000000070f400000| PB 0x000000070f400000| Untracked 
|  66|0x000000070f600000, 0x000000070f800000, 0x000000070f800000|100%| O|  |TAMS 0x000000070f600000| PB 0x000000070f600000| Untracked 
|  67|0x000000070f800000, 0x000000070fa00000, 0x000000070fa00000|100%|HS|  |TAMS 0x000000070f800000| PB 0x000000070f800000| Complete 
|  68|0x000000070fa00000, 0x000000070fc00000, 0x000000070fc00000|100%|HC|  |TAMS 0x000000070fa00000| PB 0x000000070fa00000| Complete 
|  69|0x000000070fc00000, 0x000000070fe00000, 0x000000070fe00000|100%|HC|  |TAMS 0x000000070fc00000| PB 0x000000070fc00000| Complete 
|  70|0x000000070fe00000, 0x0000000710000000, 0x0000000710000000|100%|HC|  |TAMS 0x000000070fe00000| PB 0x000000070fe00000| Complete 
|  71|0x0000000710000000, 0x0000000710000000, 0x0000000710200000|  0%| F|  |TAMS 0x0000000710000000| PB 0x0000000710000000| Untracked 
|  72|0x0000000710200000, 0x0000000710400000, 0x0000000710400000|100%| O|  |TAMS 0x0000000710200000| PB 0x0000000710200000| Untracked 
|  73|0x0000000710400000, 0x0000000710600000, 0x0000000710600000|100%| O|  |TAMS 0x0000000710400000| PB 0x0000000710400000| Untracked 
|  74|0x0000000710600000, 0x0000000710800000, 0x0000000710800000|100%| O|  |TAMS 0x0000000710600000| PB 0x0000000710600000| Untracked 
|  75|0x0000000710800000, 0x0000000710a00000, 0x0000000710a00000|100%| O|  |TAMS 0x0000000710800000| PB 0x0000000710800000| Untracked 
|  76|0x0000000710a00000, 0x0000000710c00000, 0x0000000710c00000|100%| O|  |TAMS 0x0000000710a00000| PB 0x0000000710a00000| Untracked 
|  77|0x0000000710c00000, 0x0000000710e00000, 0x0000000710e00000|100%| O|  |TAMS 0x0000000710c00000| PB 0x0000000710c00000| Untracked 
|  78|0x0000000710e00000, 0x0000000711000000, 0x0000000711000000|100%| O|  |TAMS 0x0000000710e00000| PB 0x0000000710e00000| Untracked 
|  79|0x0000000711000000, 0x0000000711200000, 0x0000000711200000|100%| O|  |TAMS 0x0000000711000000| PB 0x0000000711000000| Untracked 
|  80|0x0000000711200000, 0x0000000711400000, 0x0000000711400000|100%| O|  |TAMS 0x0000000711200000| PB 0x0000000711200000| Untracked 
|  81|0x0000000711400000, 0x0000000711600000, 0x0000000711600000|100%|HS|  |TAMS 0x0000000711400000| PB 0x0000000711400000| Complete 
|  82|0x0000000711600000, 0x0000000711800000, 0x0000000711800000|100%|HS|  |TAMS 0x0000000711600000| PB 0x0000000711600000| Complete 
|  83|0x0000000711800000, 0x0000000711a00000, 0x0000000711a00000|100%|HS|  |TAMS 0x0000000711800000| PB 0x0000000711800000| Complete 
|  84|0x0000000711a00000, 0x0000000711c00000, 0x0000000711c00000|100%| O|  |TAMS 0x0000000711a00000| PB 0x0000000711a00000| Untracked 
|  85|0x0000000711c00000, 0x0000000711e00000, 0x0000000711e00000|100%| O|  |TAMS 0x0000000711c00000| PB 0x0000000711c00000| Untracked 
|  86|0x0000000711e00000, 0x0000000712000000, 0x0000000712000000|100%|HS|  |TAMS 0x0000000711e00000| PB 0x0000000711e00000| Complete 
|  87|0x0000000712000000, 0x0000000712200000, 0x0000000712200000|100%| O|  |TAMS 0x0000000712000000| PB 0x0000000712000000| Untracked 
|  88|0x0000000712200000, 0x0000000712400000, 0x0000000712400000|100%| O|  |TAMS 0x0000000712200000| PB 0x0000000712200000| Untracked 
|  89|0x0000000712400000, 0x0000000712600000, 0x0000000712600000|100%| O|  |TAMS 0x0000000712400000| PB 0x0000000712400000| Untracked 
|  90|0x0000000712600000, 0x0000000712800000, 0x0000000712800000|100%| O|  |TAMS 0x0000000712600000| PB 0x0000000712600000| Untracked 
|  91|0x0000000712800000, 0x0000000712a00000, 0x0000000712a00000|100%| O|  |TAMS 0x0000000712800000| PB 0x0000000712800000| Untracked 
|  92|0x0000000712a00000, 0x0000000712c00000, 0x0000000712c00000|100%| O|  |TAMS 0x0000000712a00000| PB 0x0000000712a00000| Untracked 
|  93|0x0000000712c00000, 0x0000000712e00000, 0x0000000712e00000|100%| O|  |TAMS 0x0000000712c00000| PB 0x0000000712c00000| Untracked 
|  94|0x0000000712e00000, 0x0000000713000000, 0x0000000713000000|100%| O|  |TAMS 0x0000000712e00000| PB 0x0000000712e00000| Untracked 
|  95|0x0000000713000000, 0x0000000713200000, 0x0000000713200000|100%| O|  |TAMS 0x0000000713000000| PB 0x0000000713000000| Untracked 
|  96|0x0000000713200000, 0x0000000713400000, 0x0000000713400000|100%| O|  |TAMS 0x0000000713200000| PB 0x0000000713200000| Untracked 
|  97|0x0000000713400000, 0x0000000713600000, 0x0000000713600000|100%| O|  |TAMS 0x0000000713400000| PB 0x0000000713400000| Untracked 
|  98|0x0000000713600000, 0x0000000713800000, 0x0000000713800000|100%|HS|  |TAMS 0x0000000713600000| PB 0x0000000713600000| Complete 
|  99|0x0000000713800000, 0x0000000713a00000, 0x0000000713a00000|100%| O|  |TAMS 0x0000000713800000| PB 0x0000000713800000| Untracked 
| 100|0x0000000713a00000, 0x0000000713c00000, 0x0000000713c00000|100%| O|  |TAMS 0x0000000713a00000| PB 0x0000000713a00000| Untracked 
| 101|0x0000000713c00000, 0x0000000713e00000, 0x0000000713e00000|100%| O|  |TAMS 0x0000000713c00000| PB 0x0000000713c00000| Untracked 
| 102|0x0000000713e00000, 0x0000000714000000, 0x0000000714000000|100%| O|  |TAMS 0x0000000713e00000| PB 0x0000000713e00000| Untracked 
| 103|0x0000000714000000, 0x0000000714200000, 0x0000000714200000|100%| O|  |TAMS 0x0000000714000000| PB 0x0000000714000000| Untracked 
| 104|0x0000000714200000, 0x0000000714400000, 0x0000000714400000|100%| O|  |TAMS 0x0000000714200000| PB 0x0000000714200000| Untracked 
| 105|0x0000000714400000, 0x0000000714600000, 0x0000000714600000|100%| O|  |TAMS 0x0000000714400000| PB 0x0000000714400000| Untracked 
| 106|0x0000000714600000, 0x0000000714800000, 0x0000000714800000|100%| O|  |TAMS 0x0000000714600000| PB 0x0000000714600000| Untracked 
| 107|0x0000000714800000, 0x0000000714a00000, 0x0000000714a00000|100%| O|  |TAMS 0x0000000714800000| PB 0x0000000714800000| Untracked 
| 108|0x0000000714a00000, 0x0000000714c00000, 0x0000000714c00000|100%| O|  |TAMS 0x0000000714a00000| PB 0x0000000714a00000| Untracked 
| 109|0x0000000714c00000, 0x0000000714e00000, 0x0000000714e00000|100%| O|Cm|TAMS 0x0000000714c00000| PB 0x0000000714c00000| Complete 
| 110|0x0000000714e00000, 0x0000000715000000, 0x0000000715000000|100%| O|  |TAMS 0x0000000714e00000| PB 0x0000000714e00000| Untracked 
| 111|0x0000000715000000, 0x0000000715200000, 0x0000000715200000|100%| O|  |TAMS 0x0000000715000000| PB 0x0000000715000000| Untracked 
| 112|0x0000000715200000, 0x0000000715400000, 0x0000000715400000|100%| O|  |TAMS 0x0000000715200000| PB 0x0000000715200000| Untracked 
| 113|0x0000000715400000, 0x0000000715600000, 0x0000000715600000|100%| O|  |TAMS 0x0000000715400000| PB 0x0000000715400000| Untracked 
| 114|0x0000000715600000, 0x0000000715800000, 0x0000000715800000|100%| O|  |TAMS 0x0000000715600000| PB 0x0000000715600000| Untracked 
| 115|0x0000000715800000, 0x0000000715a00000, 0x0000000715a00000|100%| O|  |TAMS 0x0000000715800000| PB 0x0000000715800000| Untracked 
| 116|0x0000000715a00000, 0x0000000715c00000, 0x0000000715c00000|100%| O|  |TAMS 0x0000000715a00000| PB 0x0000000715a00000| Untracked 
| 117|0x0000000715c00000, 0x0000000715e00000, 0x0000000715e00000|100%| O|  |TAMS 0x0000000715c00000| PB 0x0000000715c00000| Untracked 
| 118|0x0000000715e00000, 0x0000000716000000, 0x0000000716000000|100%| O|  |TAMS 0x0000000715e00000| PB 0x0000000715e00000| Untracked 
| 119|0x0000000716000000, 0x0000000716200000, 0x0000000716200000|100%| O|  |TAMS 0x0000000716000000| PB 0x0000000716000000| Untracked 
| 120|0x0000000716200000, 0x0000000716400000, 0x0000000716400000|100%| O|  |TAMS 0x0000000716200000| PB 0x0000000716200000| Untracked 
| 121|0x0000000716400000, 0x0000000716600000, 0x0000000716600000|100%| O|  |TAMS 0x0000000716400000| PB 0x0000000716400000| Untracked 
| 122|0x0000000716600000, 0x0000000716800000, 0x0000000716800000|100%| O|  |TAMS 0x0000000716600000| PB 0x0000000716600000| Untracked 
| 123|0x0000000716800000, 0x0000000716a00000, 0x0000000716a00000|100%| O|  |TAMS 0x0000000716800000| PB 0x0000000716800000| Untracked 
| 124|0x0000000716a00000, 0x0000000716c00000, 0x0000000716c00000|100%| O|  |TAMS 0x0000000716a00000| PB 0x0000000716a00000| Untracked 
| 125|0x0000000716c00000, 0x0000000716e00000, 0x0000000716e00000|100%| O|  |TAMS 0x0000000716c00000| PB 0x0000000716c00000| Untracked 
| 126|0x0000000716e00000, 0x0000000717000000, 0x0000000717000000|100%| O|  |TAMS 0x0000000716e00000| PB 0x0000000716e00000| Untracked 
| 127|0x0000000717000000, 0x0000000717200000, 0x0000000717200000|100%| O|  |TAMS 0x0000000717000000| PB 0x0000000717000000| Untracked 
| 128|0x0000000717200000, 0x0000000717400000, 0x0000000717400000|100%| O|  |TAMS 0x0000000717200000| PB 0x0000000717200000| Untracked 
| 129|0x0000000717400000, 0x0000000717600000, 0x0000000717600000|100%| O|  |TAMS 0x0000000717400000| PB 0x0000000717400000| Untracked 
| 130|0x0000000717600000, 0x0000000717800000, 0x0000000717800000|100%| O|  |TAMS 0x0000000717600000| PB 0x0000000717600000| Untracked 
| 131|0x0000000717800000, 0x0000000717a00000, 0x0000000717a00000|100%|HS|  |TAMS 0x0000000717800000| PB 0x0000000717800000| Complete 
| 132|0x0000000717a00000, 0x0000000717c00000, 0x0000000717c00000|100%| O|  |TAMS 0x0000000717a00000| PB 0x0000000717a00000| Untracked 
| 133|0x0000000717c00000, 0x0000000717e00000, 0x0000000717e00000|100%| O|  |TAMS 0x0000000717c00000| PB 0x0000000717c00000| Untracked 
| 134|0x0000000717e00000, 0x0000000718000000, 0x0000000718000000|100%| O|  |TAMS 0x0000000717e00000| PB 0x0000000717e00000| Untracked 
| 135|0x0000000718000000, 0x0000000718200000, 0x0000000718200000|100%| O|  |TAMS 0x0000000718000000| PB 0x0000000718000000| Untracked 
| 136|0x0000000718200000, 0x0000000718400000, 0x0000000718400000|100%| O|  |TAMS 0x0000000718200000| PB 0x0000000718200000| Untracked 
| 137|0x0000000718400000, 0x0000000718600000, 0x0000000718600000|100%| O|  |TAMS 0x0000000718400000| PB 0x0000000718400000| Untracked 
| 138|0x0000000718600000, 0x0000000718800000, 0x0000000718800000|100%| O|  |TAMS 0x0000000718600000| PB 0x0000000718600000| Untracked 
| 139|0x0000000718800000, 0x0000000718a00000, 0x0000000718a00000|100%| O|  |TAMS 0x0000000718800000| PB 0x0000000718800000| Untracked 
| 140|0x0000000718a00000, 0x0000000718c00000, 0x0000000718c00000|100%| O|  |TAMS 0x0000000718a00000| PB 0x0000000718a00000| Untracked 
| 141|0x0000000718c00000, 0x0000000718e00000, 0x0000000718e00000|100%| O|  |TAMS 0x0000000718c00000| PB 0x0000000718c00000| Untracked 
| 142|0x0000000718e00000, 0x0000000719000000, 0x0000000719000000|100%| O|  |TAMS 0x0000000718e00000| PB 0x0000000718e00000| Untracked 
| 143|0x0000000719000000, 0x0000000719200000, 0x0000000719200000|100%| O|  |TAMS 0x0000000719000000| PB 0x0000000719000000| Untracked 
| 144|0x0000000719200000, 0x0000000719400000, 0x0000000719400000|100%| O|  |TAMS 0x0000000719200000| PB 0x0000000719200000| Untracked 
| 145|0x0000000719400000, 0x0000000719600000, 0x0000000719600000|100%| O|  |TAMS 0x0000000719400000| PB 0x0000000719400000| Untracked 
| 146|0x0000000719600000, 0x0000000719800000, 0x0000000719800000|100%| O|  |TAMS 0x0000000719600000| PB 0x0000000719600000| Untracked 
| 147|0x0000000719800000, 0x0000000719a00000, 0x0000000719a00000|100%| O|  |TAMS 0x0000000719800000| PB 0x0000000719800000| Untracked 
| 148|0x0000000719a00000, 0x0000000719c00000, 0x0000000719c00000|100%| O|  |TAMS 0x0000000719a00000| PB 0x0000000719a00000| Untracked 
| 149|0x0000000719c00000, 0x0000000719e00000, 0x0000000719e00000|100%| O|  |TAMS 0x0000000719c00000| PB 0x0000000719c00000| Untracked 
| 150|0x0000000719e00000, 0x000000071a000000, 0x000000071a000000|100%| O|  |TAMS 0x0000000719e00000| PB 0x0000000719e00000| Untracked 
| 151|0x000000071a000000, 0x000000071a200000, 0x000000071a200000|100%| O|  |TAMS 0x000000071a000000| PB 0x000000071a000000| Untracked 
| 152|0x000000071a200000, 0x000000071a400000, 0x000000071a400000|100%| O|  |TAMS 0x000000071a200000| PB 0x000000071a200000| Untracked 
| 153|0x000000071a400000, 0x000000071a600000, 0x000000071a600000|100%| O|  |TAMS 0x000000071a400000| PB 0x000000071a400000| Untracked 
| 154|0x000000071a600000, 0x000000071a800000, 0x000000071a800000|100%| O|  |TAMS 0x000000071a600000| PB 0x000000071a600000| Untracked 
| 155|0x000000071a800000, 0x000000071aa00000, 0x000000071aa00000|100%| O|  |TAMS 0x000000071a800000| PB 0x000000071a800000| Untracked 
| 156|0x000000071aa00000, 0x000000071ac00000, 0x000000071ac00000|100%| O|  |TAMS 0x000000071aa00000| PB 0x000000071aa00000| Untracked 
| 157|0x000000071ac00000, 0x000000071ae00000, 0x000000071ae00000|100%| O|  |TAMS 0x000000071ac00000| PB 0x000000071ac00000| Untracked 
| 158|0x000000071ae00000, 0x000000071b000000, 0x000000071b000000|100%| O|  |TAMS 0x000000071ae00000| PB 0x000000071ae00000| Untracked 
| 159|0x000000071b000000, 0x000000071b200000, 0x000000071b200000|100%| O|  |TAMS 0x000000071b000000| PB 0x000000071b000000| Untracked 
| 160|0x000000071b200000, 0x000000071b400000, 0x000000071b400000|100%| O|  |TAMS 0x000000071b200000| PB 0x000000071b200000| Untracked 
| 161|0x000000071b400000, 0x000000071b600000, 0x000000071b600000|100%| O|  |TAMS 0x000000071b400000| PB 0x000000071b400000| Untracked 
| 162|0x000000071b600000, 0x000000071b800000, 0x000000071b800000|100%| O|  |TAMS 0x000000071b600000| PB 0x000000071b600000| Untracked 
| 163|0x000000071b800000, 0x000000071ba00000, 0x000000071ba00000|100%| O|  |TAMS 0x000000071b800000| PB 0x000000071b800000| Untracked 
| 164|0x000000071ba00000, 0x000000071bc00000, 0x000000071bc00000|100%| O|  |TAMS 0x000000071ba00000| PB 0x000000071ba00000| Untracked 
| 165|0x000000071bc00000, 0x000000071be00000, 0x000000071be00000|100%| O|  |TAMS 0x000000071bc00000| PB 0x000000071bc00000| Untracked 
| 166|0x000000071be00000, 0x000000071c000000, 0x000000071c000000|100%| O|  |TAMS 0x000000071be00000| PB 0x000000071be00000| Untracked 
| 167|0x000000071c000000, 0x000000071c200000, 0x000000071c200000|100%|HS|  |TAMS 0x000000071c000000| PB 0x000000071c000000| Complete 
| 168|0x000000071c200000, 0x000000071c400000, 0x000000071c400000|100%| O|  |TAMS 0x000000071c200000| PB 0x000000071c200000| Untracked 
| 169|0x000000071c400000, 0x000000071c600000, 0x000000071c600000|100%| O|  |TAMS 0x000000071c400000| PB 0x000000071c400000| Untracked 
| 170|0x000000071c600000, 0x000000071c800000, 0x000000071c800000|100%| O|  |TAMS 0x000000071c600000| PB 0x000000071c600000| Untracked 
| 171|0x000000071c800000, 0x000000071ca00000, 0x000000071ca00000|100%| O|  |TAMS 0x000000071c800000| PB 0x000000071c800000| Untracked 
| 172|0x000000071ca00000, 0x000000071cc00000, 0x000000071cc00000|100%| O|  |TAMS 0x000000071ca00000| PB 0x000000071ca00000| Untracked 
| 173|0x000000071cc00000, 0x000000071ce00000, 0x000000071ce00000|100%| O|  |TAMS 0x000000071cc00000| PB 0x000000071cc00000| Untracked 
| 174|0x000000071ce00000, 0x000000071d000000, 0x000000071d000000|100%| O|  |TAMS 0x000000071ce00000| PB 0x000000071ce00000| Untracked 
| 175|0x000000071d000000, 0x000000071d200000, 0x000000071d200000|100%| O|  |TAMS 0x000000071d000000| PB 0x000000071d000000| Untracked 
| 176|0x000000071d200000, 0x000000071d400000, 0x000000071d400000|100%| O|  |TAMS 0x000000071d200000| PB 0x000000071d200000| Untracked 
| 177|0x000000071d400000, 0x000000071d400000, 0x000000071d600000|  0%| F|  |TAMS 0x000000071d400000| PB 0x000000071d400000| Untracked 
| 178|0x000000071d600000, 0x000000071d800000, 0x000000071d800000|100%| O|  |TAMS 0x000000071d600000| PB 0x000000071d600000| Untracked 
| 179|0x000000071d800000, 0x000000071da00000, 0x000000071da00000|100%| O|Cm|TAMS 0x000000071d800000| PB 0x000000071d800000| Complete 
| 180|0x000000071da00000, 0x000000071dc00000, 0x000000071dc00000|100%| O|  |TAMS 0x000000071da00000| PB 0x000000071da00000| Untracked 
| 181|0x000000071dc00000, 0x000000071de00000, 0x000000071de00000|100%| O|  |TAMS 0x000000071dc00000| PB 0x000000071dc00000| Untracked 
| 182|0x000000071de00000, 0x000000071e000000, 0x000000071e000000|100%|HS|  |TAMS 0x000000071de00000| PB 0x000000071de00000| Complete 
| 183|0x000000071e000000, 0x000000071e200000, 0x000000071e200000|100%|HC|  |TAMS 0x000000071e000000| PB 0x000000071e000000| Complete 
| 184|0x000000071e200000, 0x000000071e400000, 0x000000071e400000|100%|HC|  |TAMS 0x000000071e200000| PB 0x000000071e200000| Complete 
| 185|0x000000071e400000, 0x000000071e400000, 0x000000071e600000|  0%| F|  |TAMS 0x000000071e400000| PB 0x000000071e400000| Untracked 
| 186|0x000000071e600000, 0x000000071e600000, 0x000000071e800000|  0%| F|  |TAMS 0x000000071e600000| PB 0x000000071e600000| Untracked 
| 187|0x000000071e800000, 0x000000071e800000, 0x000000071ea00000|  0%| F|  |TAMS 0x000000071e800000| PB 0x000000071e800000| Untracked 
| 188|0x000000071ea00000, 0x000000071ea00000, 0x000000071ec00000|  0%| F|  |TAMS 0x000000071ea00000| PB 0x000000071ea00000| Untracked 
| 189|0x000000071ec00000, 0x000000071ee00000, 0x000000071ee00000|100%| O|  |TAMS 0x000000071ec00000| PB 0x000000071ec00000| Untracked 
| 190|0x000000071ee00000, 0x000000071ee00000, 0x000000071f000000|  0%| F|  |TAMS 0x000000071ee00000| PB 0x000000071ee00000| Untracked 
| 191|0x000000071f000000, 0x000000071f200000, 0x000000071f200000|100%| O|  |TAMS 0x000000071f000000| PB 0x000000071f000000| Untracked 
| 192|0x000000071f200000, 0x000000071f200000, 0x000000071f400000|  0%| F|  |TAMS 0x000000071f200000| PB 0x000000071f200000| Untracked 
| 193|0x000000071f400000, 0x000000071f600000, 0x000000071f600000|100%| O|  |TAMS 0x000000071f400000| PB 0x000000071f400000| Untracked 
| 194|0x000000071f600000, 0x000000071f600000, 0x000000071f800000|  0%| F|  |TAMS 0x000000071f600000| PB 0x000000071f600000| Untracked 
| 195|0x000000071f800000, 0x000000071f800000, 0x000000071fa00000|  0%| F|  |TAMS 0x000000071f800000| PB 0x000000071f800000| Untracked 
| 196|0x000000071fa00000, 0x000000071fc00000, 0x000000071fc00000|100%| O|  |TAMS 0x000000071fa00000| PB 0x000000071fa00000| Untracked 
| 197|0x000000071fc00000, 0x000000071fc00000, 0x000000071fe00000|  0%| F|  |TAMS 0x000000071fc00000| PB 0x000000071fc00000| Untracked 
| 198|0x000000071fe00000, 0x000000071fe00000, 0x0000000720000000|  0%| F|  |TAMS 0x000000071fe00000| PB 0x000000071fe00000| Untracked 
| 199|0x0000000720000000, 0x0000000720200000, 0x0000000720200000|100%| O|  |TAMS 0x0000000720000000| PB 0x0000000720000000| Untracked 
| 200|0x0000000720200000, 0x0000000720400000, 0x0000000720400000|100%| O|  |TAMS 0x0000000720200000| PB 0x0000000720200000| Untracked 
| 201|0x0000000720400000, 0x0000000720600000, 0x0000000720600000|100%| O|  |TAMS 0x0000000720400000| PB 0x0000000720400000| Untracked 
| 202|0x0000000720600000, 0x0000000720800000, 0x0000000720800000|100%| O|  |TAMS 0x0000000720600000| PB 0x0000000720600000| Untracked 
| 203|0x0000000720800000, 0x0000000720a00000, 0x0000000720a00000|100%|HS|  |TAMS 0x0000000720800000| PB 0x0000000720800000| Complete 
| 204|0x0000000720a00000, 0x0000000720c00000, 0x0000000720c00000|100%|HC|  |TAMS 0x0000000720a00000| PB 0x0000000720a00000| Complete 
| 205|0x0000000720c00000, 0x0000000720e00000, 0x0000000720e00000|100%|HC|  |TAMS 0x0000000720c00000| PB 0x0000000720c00000| Complete 
| 206|0x0000000720e00000, 0x0000000721000000, 0x0000000721000000|100%|HC|  |TAMS 0x0000000720e00000| PB 0x0000000720e00000| Complete 
| 207|0x0000000721000000, 0x0000000721200000, 0x0000000721200000|100%|HC|  |TAMS 0x0000000721000000| PB 0x0000000721000000| Complete 
| 208|0x0000000721200000, 0x0000000721200000, 0x0000000721400000|  0%| F|  |TAMS 0x0000000721200000| PB 0x0000000721200000| Untracked 
| 209|0x0000000721400000, 0x0000000721400000, 0x0000000721600000|  0%| F|  |TAMS 0x0000000721400000| PB 0x0000000721400000| Untracked 
| 210|0x0000000721600000, 0x0000000721800000, 0x0000000721800000|100%| O|  |TAMS 0x0000000721600000| PB 0x0000000721600000| Untracked 
| 211|0x0000000721800000, 0x0000000721a00000, 0x0000000721a00000|100%| O|  |TAMS 0x0000000721800000| PB 0x0000000721800000| Untracked 
| 212|0x0000000721a00000, 0x0000000721a00000, 0x0000000721c00000|  0%| F|  |TAMS 0x0000000721a00000| PB 0x0000000721a00000| Untracked 
| 213|0x0000000721c00000, 0x0000000721c00000, 0x0000000721e00000|  0%| F|  |TAMS 0x0000000721c00000| PB 0x0000000721c00000| Untracked 
| 214|0x0000000721e00000, 0x0000000722000000, 0x0000000722000000|100%| O|  |TAMS 0x0000000721e00000| PB 0x0000000721e00000| Untracked 
| 215|0x0000000722000000, 0x0000000722200000, 0x0000000722200000|100%| O|  |TAMS 0x0000000722000000| PB 0x0000000722000000| Untracked 
| 216|0x0000000722200000, 0x0000000722400000, 0x0000000722400000|100%| O|  |TAMS 0x0000000722200000| PB 0x0000000722200000| Untracked 
| 217|0x0000000722400000, 0x0000000722600000, 0x0000000722600000|100%| O|  |TAMS 0x0000000722400000| PB 0x0000000722400000| Untracked 
| 218|0x0000000722600000, 0x0000000722800000, 0x0000000722800000|100%| O|  |TAMS 0x0000000722600000| PB 0x0000000722600000| Untracked 
| 219|0x0000000722800000, 0x0000000722a00000, 0x0000000722a00000|100%| O|  |TAMS 0x0000000722800000| PB 0x0000000722800000| Untracked 
| 220|0x0000000722a00000, 0x0000000722c00000, 0x0000000722c00000|100%| O|Cm|TAMS 0x0000000722a00000| PB 0x0000000722a00000| Complete 
| 221|0x0000000722c00000, 0x0000000722c00000, 0x0000000722e00000|  0%| F|  |TAMS 0x0000000722c00000| PB 0x0000000722c00000| Untracked 
| 222|0x0000000722e00000, 0x0000000723000000, 0x0000000723000000|100%| O|  |TAMS 0x0000000722e00000| PB 0x0000000722e00000| Untracked 
| 223|0x0000000723000000, 0x0000000723000000, 0x0000000723200000|  0%| F|  |TAMS 0x0000000723000000| PB 0x0000000723000000| Untracked 
| 224|0x0000000723200000, 0x0000000723200000, 0x0000000723400000|  0%| F|  |TAMS 0x0000000723200000| PB 0x0000000723200000| Untracked 
| 225|0x0000000723400000, 0x0000000723400000, 0x0000000723600000|  0%| F|  |TAMS 0x0000000723400000| PB 0x0000000723400000| Untracked 
| 226|0x0000000723600000, 0x0000000723600000, 0x0000000723800000|  0%| F|  |TAMS 0x0000000723600000| PB 0x0000000723600000| Untracked 
| 227|0x0000000723800000, 0x0000000723a00000, 0x0000000723a00000|100%| O|  |TAMS 0x0000000723800000| PB 0x0000000723800000| Untracked 
| 228|0x0000000723a00000, 0x0000000723c00000, 0x0000000723c00000|100%| O|  |TAMS 0x0000000723a00000| PB 0x0000000723a00000| Untracked 
| 229|0x0000000723c00000, 0x0000000723e00000, 0x0000000723e00000|100%| O|  |TAMS 0x0000000723c00000| PB 0x0000000723c00000| Untracked 
| 230|0x0000000723e00000, 0x0000000724000000, 0x0000000724000000|100%| O|  |TAMS 0x0000000723e00000| PB 0x0000000723e00000| Untracked 
| 231|0x0000000724000000, 0x0000000724200000, 0x0000000724200000|100%| O|Cm|TAMS 0x0000000724000000| PB 0x0000000724000000| Complete 
| 232|0x0000000724200000, 0x0000000724200000, 0x0000000724400000|  0%| F|  |TAMS 0x0000000724200000| PB 0x0000000724200000| Untracked 
| 233|0x0000000724400000, 0x0000000724400000, 0x0000000724600000|  0%| F|  |TAMS 0x0000000724400000| PB 0x0000000724400000| Untracked 
| 234|0x0000000724600000, 0x0000000724600000, 0x0000000724800000|  0%| F|  |TAMS 0x0000000724600000| PB 0x0000000724600000| Untracked 
| 235|0x0000000724800000, 0x0000000724a00000, 0x0000000724a00000|100%|HS|  |TAMS 0x0000000724800000| PB 0x0000000724800000| Complete 
| 236|0x0000000724a00000, 0x0000000724c00000, 0x0000000724c00000|100%|HC|  |TAMS 0x0000000724a00000| PB 0x0000000724a00000| Complete 
| 237|0x0000000724c00000, 0x0000000724e00000, 0x0000000724e00000|100%|HC|  |TAMS 0x0000000724c00000| PB 0x0000000724c00000| Complete 
| 238|0x0000000724e00000, 0x0000000725000000, 0x0000000725000000|100%|HC|  |TAMS 0x0000000724e00000| PB 0x0000000724e00000| Complete 
| 239|0x0000000725000000, 0x0000000725000000, 0x0000000725200000|  0%| F|  |TAMS 0x0000000725000000| PB 0x0000000725000000| Untracked 
| 240|0x0000000725200000, 0x0000000725200000, 0x0000000725400000|  0%| F|  |TAMS 0x0000000725200000| PB 0x0000000725200000| Untracked 
| 241|0x0000000725400000, 0x0000000725400000, 0x0000000725600000|  0%| F|  |TAMS 0x0000000725400000| PB 0x0000000725400000| Untracked 
| 242|0x0000000725600000, 0x0000000725600000, 0x0000000725800000|  0%| F|  |TAMS 0x0000000725600000| PB 0x0000000725600000| Untracked 
| 243|0x0000000725800000, 0x0000000725800000, 0x0000000725a00000|  0%| F|  |TAMS 0x0000000725800000| PB 0x0000000725800000| Untracked 
| 244|0x0000000725a00000, 0x0000000725a00000, 0x0000000725c00000|  0%| F|  |TAMS 0x0000000725a00000| PB 0x0000000725a00000| Untracked 
| 245|0x0000000725c00000, 0x0000000725c00000, 0x0000000725e00000|  0%| F|  |TAMS 0x0000000725c00000| PB 0x0000000725c00000| Untracked 
| 246|0x0000000725e00000, 0x0000000725e00000, 0x0000000726000000|  0%| F|  |TAMS 0x0000000725e00000| PB 0x0000000725e00000| Untracked 
| 247|0x0000000726000000, 0x0000000726000000, 0x0000000726200000|  0%| F|  |TAMS 0x0000000726000000| PB 0x0000000726000000| Untracked 
| 248|0x0000000726200000, 0x0000000726200000, 0x0000000726400000|  0%| F|  |TAMS 0x0000000726200000| PB 0x0000000726200000| Untracked 
| 249|0x0000000726400000, 0x0000000726400000, 0x0000000726600000|  0%| F|  |TAMS 0x0000000726400000| PB 0x0000000726400000| Untracked 
| 250|0x0000000726600000, 0x0000000726600000, 0x0000000726800000|  0%| F|  |TAMS 0x0000000726600000| PB 0x0000000726600000| Untracked 
| 251|0x0000000726800000, 0x0000000726800000, 0x0000000726a00000|  0%| F|  |TAMS 0x0000000726800000| PB 0x0000000726800000| Untracked 
| 252|0x0000000726a00000, 0x0000000726a00000, 0x0000000726c00000|  0%| F|  |TAMS 0x0000000726a00000| PB 0x0000000726a00000| Untracked 
| 253|0x0000000726c00000, 0x0000000726c00000, 0x0000000726e00000|  0%| F|  |TAMS 0x0000000726c00000| PB 0x0000000726c00000| Untracked 
| 254|0x0000000726e00000, 0x0000000726e00000, 0x0000000727000000|  0%| F|  |TAMS 0x0000000726e00000| PB 0x0000000726e00000| Untracked 
| 255|0x0000000727000000, 0x0000000727000000, 0x0000000727200000|  0%| F|  |TAMS 0x0000000727000000| PB 0x0000000727000000| Untracked 
| 256|0x0000000727200000, 0x0000000727200000, 0x0000000727400000|  0%| F|  |TAMS 0x0000000727200000| PB 0x0000000727200000| Untracked 
| 257|0x0000000727400000, 0x0000000727400000, 0x0000000727600000|  0%| F|  |TAMS 0x0000000727400000| PB 0x0000000727400000| Untracked 
| 258|0x0000000727600000, 0x0000000727800000, 0x0000000727800000|100%| O|  |TAMS 0x0000000727600000| PB 0x0000000727600000| Untracked 
| 259|0x0000000727800000, 0x0000000727a00000, 0x0000000727a00000|100%| O|  |TAMS 0x0000000727800000| PB 0x0000000727800000| Untracked 
| 260|0x0000000727a00000, 0x0000000727a00000, 0x0000000727c00000|  0%| F|  |TAMS 0x0000000727a00000| PB 0x0000000727a00000| Untracked 
| 261|0x0000000727c00000, 0x0000000727c00000, 0x0000000727e00000|  0%| F|  |TAMS 0x0000000727c00000| PB 0x0000000727c00000| Untracked 
| 262|0x0000000727e00000, 0x0000000727e00000, 0x0000000728000000|  0%| F|  |TAMS 0x0000000727e00000| PB 0x0000000727e00000| Untracked 
| 263|0x0000000728000000, 0x0000000728000000, 0x0000000728200000|  0%| F|  |TAMS 0x0000000728000000| PB 0x0000000728000000| Untracked 
| 264|0x0000000728200000, 0x0000000728200000, 0x0000000728400000|  0%| F|  |TAMS 0x0000000728200000| PB 0x0000000728200000| Untracked 
| 265|0x0000000728400000, 0x0000000728400000, 0x0000000728600000|  0%| F|  |TAMS 0x0000000728400000| PB 0x0000000728400000| Untracked 
| 266|0x0000000728600000, 0x0000000728600000, 0x0000000728800000|  0%| F|  |TAMS 0x0000000728600000| PB 0x0000000728600000| Untracked 
| 267|0x0000000728800000, 0x0000000728a00000, 0x0000000728a00000|100%| O|  |TAMS 0x0000000728800000| PB 0x0000000728800000| Untracked 
| 268|0x0000000728a00000, 0x0000000728c00000, 0x0000000728c00000|100%| O|  |TAMS 0x0000000728a00000| PB 0x0000000728a00000| Untracked 
| 269|0x0000000728c00000, 0x0000000728e00000, 0x0000000728e00000|100%| O|  |TAMS 0x0000000728c00000| PB 0x0000000728c00000| Untracked 
| 270|0x0000000728e00000, 0x0000000729000000, 0x0000000729000000|100%| O|  |TAMS 0x0000000728e00000| PB 0x0000000728e00000| Untracked 
| 271|0x0000000729000000, 0x0000000729000000, 0x0000000729200000|  0%| F|  |TAMS 0x0000000729000000| PB 0x0000000729000000| Untracked 
| 272|0x0000000729200000, 0x0000000729200000, 0x0000000729400000|  0%| F|  |TAMS 0x0000000729200000| PB 0x0000000729200000| Untracked 
| 273|0x0000000729400000, 0x0000000729400000, 0x0000000729600000|  0%| F|  |TAMS 0x0000000729400000| PB 0x0000000729400000| Untracked 
| 274|0x0000000729600000, 0x0000000729600000, 0x0000000729800000|  0%| F|  |TAMS 0x0000000729600000| PB 0x0000000729600000| Untracked 
| 275|0x0000000729800000, 0x0000000729800000, 0x0000000729a00000|  0%| F|  |TAMS 0x0000000729800000| PB 0x0000000729800000| Untracked 
| 276|0x0000000729a00000, 0x0000000729a00000, 0x0000000729c00000|  0%| F|  |TAMS 0x0000000729a00000| PB 0x0000000729a00000| Untracked 
| 277|0x0000000729c00000, 0x0000000729e00000, 0x0000000729e00000|100%| O|  |TAMS 0x0000000729c00000| PB 0x0000000729c00000| Untracked 
| 278|0x0000000729e00000, 0x000000072a000000, 0x000000072a000000|100%| O|  |TAMS 0x0000000729e00000| PB 0x0000000729e00000| Untracked 
| 279|0x000000072a000000, 0x000000072a200000, 0x000000072a200000|100%| O|  |TAMS 0x000000072a000000| PB 0x000000072a000000| Untracked 
| 280|0x000000072a200000, 0x000000072a400000, 0x000000072a400000|100%| O|  |TAMS 0x000000072a200000| PB 0x000000072a200000| Untracked 
| 281|0x000000072a400000, 0x000000072a400000, 0x000000072a600000|  0%| F|  |TAMS 0x000000072a400000| PB 0x000000072a400000| Untracked 
| 282|0x000000072a600000, 0x000000072a600000, 0x000000072a800000|  0%| F|  |TAMS 0x000000072a600000| PB 0x000000072a600000| Untracked 
| 283|0x000000072a800000, 0x000000072a800000, 0x000000072aa00000|  0%| F|  |TAMS 0x000000072a800000| PB 0x000000072a800000| Untracked 
| 284|0x000000072aa00000, 0x000000072aa00000, 0x000000072ac00000|  0%| F|  |TAMS 0x000000072aa00000| PB 0x000000072aa00000| Untracked 
| 285|0x000000072ac00000, 0x000000072ac00000, 0x000000072ae00000|  0%| F|  |TAMS 0x000000072ac00000| PB 0x000000072ac00000| Untracked 
| 286|0x000000072ae00000, 0x000000072ae00000, 0x000000072b000000|  0%| F|  |TAMS 0x000000072ae00000| PB 0x000000072ae00000| Untracked 
| 287|0x000000072b000000, 0x000000072b158828, 0x000000072b200000| 67%| S|CS|TAMS 0x000000072b000000| PB 0x000000072b000000| Complete 
| 288|0x000000072b200000, 0x000000072b400000, 0x000000072b400000|100%| S|CS|TAMS 0x000000072b200000| PB 0x000000072b200000| Complete 
| 289|0x000000072b400000, 0x000000072b600000, 0x000000072b600000|100%| S|CS|TAMS 0x000000072b400000| PB 0x000000072b400000| Complete 
| 290|0x000000072b600000, 0x000000072b800000, 0x000000072b800000|100%| S|CS|TAMS 0x000000072b600000| PB 0x000000072b600000| Complete 
| 291|0x000000072b800000, 0x000000072ba00000, 0x000000072ba00000|100%| S|CS|TAMS 0x000000072b800000| PB 0x000000072b800000| Complete 
| 292|0x000000072ba00000, 0x000000072bc00000, 0x000000072bc00000|100%| S|CS|TAMS 0x000000072ba00000| PB 0x000000072ba00000| Complete 
| 293|0x000000072bc00000, 0x000000072be00000, 0x000000072be00000|100%| S|CS|TAMS 0x000000072bc00000| PB 0x000000072bc00000| Complete 
| 294|0x000000072be00000, 0x000000072c000000, 0x000000072c000000|100%| S|CS|TAMS 0x000000072be00000| PB 0x000000072be00000| Complete 
| 295|0x000000072c000000, 0x000000072c200000, 0x000000072c200000|100%| S|CS|TAMS 0x000000072c000000| PB 0x000000072c000000| Complete 
| 296|0x000000072c200000, 0x000000072c200000, 0x000000072c400000|  0%| F|  |TAMS 0x000000072c200000| PB 0x000000072c200000| Untracked 
| 297|0x000000072c400000, 0x000000072c400000, 0x000000072c600000|  0%| F|  |TAMS 0x000000072c400000| PB 0x000000072c400000| Untracked 
| 298|0x000000072c600000, 0x000000072c600000, 0x000000072c800000|  0%| F|  |TAMS 0x000000072c600000| PB 0x000000072c600000| Untracked 
| 299|0x000000072c800000, 0x000000072c800000, 0x000000072ca00000|  0%| F|  |TAMS 0x000000072c800000| PB 0x000000072c800000| Untracked 
| 300|0x000000072ca00000, 0x000000072ca00000, 0x000000072cc00000|  0%| F|  |TAMS 0x000000072ca00000| PB 0x000000072ca00000| Untracked 
| 301|0x000000072cc00000, 0x000000072cc00000, 0x000000072ce00000|  0%| F|  |TAMS 0x000000072cc00000| PB 0x000000072cc00000| Untracked 
| 302|0x000000072ce00000, 0x000000072ce00000, 0x000000072d000000|  0%| F|  |TAMS 0x000000072ce00000| PB 0x000000072ce00000| Untracked 
| 303|0x000000072d000000, 0x000000072d000000, 0x000000072d200000|  0%| F|  |TAMS 0x000000072d000000| PB 0x000000072d000000| Untracked 
| 304|0x000000072d200000, 0x000000072d200000, 0x000000072d400000|  0%| F|  |TAMS 0x000000072d200000| PB 0x000000072d200000| Untracked 
| 305|0x000000072d400000, 0x000000072d400000, 0x000000072d600000|  0%| F|  |TAMS 0x000000072d400000| PB 0x000000072d400000| Untracked 
| 306|0x000000072d600000, 0x000000072d800000, 0x000000072d800000|100%| O|  |TAMS 0x000000072d600000| PB 0x000000072d600000| Untracked 
| 307|0x000000072d800000, 0x000000072da00000, 0x000000072da00000|100%| O|  |TAMS 0x000000072d800000| PB 0x000000072d800000| Untracked 
| 308|0x000000072da00000, 0x000000072dc00000, 0x000000072dc00000|100%| O|  |TAMS 0x000000072da00000| PB 0x000000072da00000| Untracked 
| 309|0x000000072dc00000, 0x000000072de00000, 0x000000072de00000|100%| O|  |TAMS 0x000000072dc00000| PB 0x000000072dc00000| Untracked 
| 310|0x000000072de00000, 0x000000072de00000, 0x000000072e000000|  0%| F|  |TAMS 0x000000072de00000| PB 0x000000072de00000| Untracked 
| 311|0x000000072e000000, 0x000000072e000000, 0x000000072e200000|  0%| F|  |TAMS 0x000000072e000000| PB 0x000000072e000000| Untracked 
| 312|0x000000072e200000, 0x000000072e200000, 0x000000072e400000|  0%| F|  |TAMS 0x000000072e200000| PB 0x000000072e200000| Untracked 
| 313|0x000000072e400000, 0x000000072e600000, 0x000000072e600000|100%| O|  |TAMS 0x000000072e400000| PB 0x000000072e400000| Untracked 
| 314|0x000000072e600000, 0x000000072e800000, 0x000000072e800000|100%| O|  |TAMS 0x000000072e600000| PB 0x000000072e600000| Untracked 
| 315|0x000000072e800000, 0x000000072e800000, 0x000000072ea00000|  0%| F|  |TAMS 0x000000072e800000| PB 0x000000072e800000| Untracked 
| 316|0x000000072ea00000, 0x000000072ec00000, 0x000000072ec00000|100%| O|  |TAMS 0x000000072ea00000| PB 0x000000072ea00000| Untracked 
| 317|0x000000072ec00000, 0x000000072ec00000, 0x000000072ee00000|  0%| F|  |TAMS 0x000000072ec00000| PB 0x000000072ec00000| Untracked 
| 318|0x000000072ee00000, 0x000000072ee00000, 0x000000072f000000|  0%| F|  |TAMS 0x000000072ee00000| PB 0x000000072ee00000| Untracked 
| 319|0x000000072f000000, 0x000000072f000000, 0x000000072f200000|  0%| F|  |TAMS 0x000000072f000000| PB 0x000000072f000000| Untracked 
| 320|0x000000072f200000, 0x000000072f200000, 0x000000072f400000|  0%| F|  |TAMS 0x000000072f200000| PB 0x000000072f200000| Untracked 
| 321|0x000000072f400000, 0x000000072f400000, 0x000000072f600000|  0%| F|  |TAMS 0x000000072f400000| PB 0x000000072f400000| Untracked 
| 322|0x000000072f600000, 0x000000072f600000, 0x000000072f800000|  0%| F|  |TAMS 0x000000072f600000| PB 0x000000072f600000| Untracked 
| 323|0x000000072f800000, 0x000000072f800000, 0x000000072fa00000|  0%| F|  |TAMS 0x000000072f800000| PB 0x000000072f800000| Untracked 
| 324|0x000000072fa00000, 0x000000072fa00000, 0x000000072fc00000|  0%| F|  |TAMS 0x000000072fa00000| PB 0x000000072fa00000| Untracked 
| 325|0x000000072fc00000, 0x000000072fc00000, 0x000000072fe00000|  0%| F|  |TAMS 0x000000072fc00000| PB 0x000000072fc00000| Untracked 
| 326|0x000000072fe00000, 0x000000072fe00000, 0x0000000730000000|  0%| F|  |TAMS 0x000000072fe00000| PB 0x000000072fe00000| Untracked 
| 327|0x0000000730000000, 0x0000000730000000, 0x0000000730200000|  0%| F|  |TAMS 0x0000000730000000| PB 0x0000000730000000| Untracked 
| 328|0x0000000730200000, 0x0000000730200000, 0x0000000730400000|  0%| F|  |TAMS 0x0000000730200000| PB 0x0000000730200000| Untracked 
| 329|0x0000000730400000, 0x0000000730400000, 0x0000000730600000|  0%| F|  |TAMS 0x0000000730400000| PB 0x0000000730400000| Untracked 
| 330|0x0000000730600000, 0x0000000730600000, 0x0000000730800000|  0%| F|  |TAMS 0x0000000730600000| PB 0x0000000730600000| Untracked 
| 331|0x0000000730800000, 0x0000000730800000, 0x0000000730a00000|  0%| F|  |TAMS 0x0000000730800000| PB 0x0000000730800000| Untracked 
| 332|0x0000000730a00000, 0x0000000730a00000, 0x0000000730c00000|  0%| F|  |TAMS 0x0000000730a00000| PB 0x0000000730a00000| Untracked 
| 333|0x0000000730c00000, 0x0000000730c00000, 0x0000000730e00000|  0%| F|  |TAMS 0x0000000730c00000| PB 0x0000000730c00000| Untracked 
| 334|0x0000000730e00000, 0x0000000730e00000, 0x0000000731000000|  0%| F|  |TAMS 0x0000000730e00000| PB 0x0000000730e00000| Untracked 
| 335|0x0000000731000000, 0x0000000731000000, 0x0000000731200000|  0%| F|  |TAMS 0x0000000731000000| PB 0x0000000731000000| Untracked 
| 336|0x0000000731200000, 0x0000000731200000, 0x0000000731400000|  0%| F|  |TAMS 0x0000000731200000| PB 0x0000000731200000| Untracked 
| 337|0x0000000731400000, 0x0000000731400000, 0x0000000731600000|  0%| F|  |TAMS 0x0000000731400000| PB 0x0000000731400000| Untracked 
| 338|0x0000000731600000, 0x0000000731600000, 0x0000000731800000|  0%| F|  |TAMS 0x0000000731600000| PB 0x0000000731600000| Untracked 
| 339|0x0000000731800000, 0x0000000731800000, 0x0000000731a00000|  0%| F|  |TAMS 0x0000000731800000| PB 0x0000000731800000| Untracked 
| 340|0x0000000731a00000, 0x0000000731a00000, 0x0000000731c00000|  0%| F|  |TAMS 0x0000000731a00000| PB 0x0000000731a00000| Untracked 
| 341|0x0000000731c00000, 0x0000000731c00000, 0x0000000731e00000|  0%| F|  |TAMS 0x0000000731c00000| PB 0x0000000731c00000| Untracked 
| 342|0x0000000731e00000, 0x0000000731e00000, 0x0000000732000000|  0%| F|  |TAMS 0x0000000731e00000| PB 0x0000000731e00000| Untracked 
| 343|0x0000000732000000, 0x0000000732000000, 0x0000000732200000|  0%| F|  |TAMS 0x0000000732000000| PB 0x0000000732000000| Untracked 
| 344|0x0000000732200000, 0x0000000732200000, 0x0000000732400000|  0%| F|  |TAMS 0x0000000732200000| PB 0x0000000732200000| Untracked 
| 345|0x0000000732400000, 0x0000000732400000, 0x0000000732600000|  0%| F|  |TAMS 0x0000000732400000| PB 0x0000000732400000| Untracked 
| 346|0x0000000732600000, 0x0000000732600000, 0x0000000732800000|  0%| F|  |TAMS 0x0000000732600000| PB 0x0000000732600000| Untracked 
| 347|0x0000000732800000, 0x0000000732800000, 0x0000000732a00000|  0%| F|  |TAMS 0x0000000732800000| PB 0x0000000732800000| Untracked 
| 348|0x0000000732a00000, 0x0000000732a00000, 0x0000000732c00000|  0%| F|  |TAMS 0x0000000732a00000| PB 0x0000000732a00000| Untracked 
| 349|0x0000000732c00000, 0x0000000732c00000, 0x0000000732e00000|  0%| F|  |TAMS 0x0000000732c00000| PB 0x0000000732c00000| Untracked 
| 350|0x0000000732e00000, 0x0000000732e00000, 0x0000000733000000|  0%| F|  |TAMS 0x0000000732e00000| PB 0x0000000732e00000| Untracked 
| 351|0x0000000733000000, 0x0000000733000000, 0x0000000733200000|  0%| F|  |TAMS 0x0000000733000000| PB 0x0000000733000000| Untracked 
| 352|0x0000000733200000, 0x0000000733200000, 0x0000000733400000|  0%| F|  |TAMS 0x0000000733200000| PB 0x0000000733200000| Untracked 
| 353|0x0000000733400000, 0x0000000733400000, 0x0000000733600000|  0%| F|  |TAMS 0x0000000733400000| PB 0x0000000733400000| Untracked 
| 354|0x0000000733600000, 0x0000000733600000, 0x0000000733800000|  0%| F|  |TAMS 0x0000000733600000| PB 0x0000000733600000| Untracked 
| 355|0x0000000733800000, 0x0000000733800000, 0x0000000733a00000|  0%| F|  |TAMS 0x0000000733800000| PB 0x0000000733800000| Untracked 
| 356|0x0000000733a00000, 0x0000000733a00000, 0x0000000733c00000|  0%| F|  |TAMS 0x0000000733a00000| PB 0x0000000733a00000| Untracked 
| 357|0x0000000733c00000, 0x0000000733c00000, 0x0000000733e00000|  0%| F|  |TAMS 0x0000000733c00000| PB 0x0000000733c00000| Untracked 
| 358|0x0000000733e00000, 0x0000000733e00000, 0x0000000734000000|  0%| F|  |TAMS 0x0000000733e00000| PB 0x0000000733e00000| Untracked 
| 359|0x0000000734000000, 0x0000000734000000, 0x0000000734200000|  0%| F|  |TAMS 0x0000000734000000| PB 0x0000000734000000| Untracked 
| 360|0x0000000734200000, 0x0000000734200000, 0x0000000734400000|  0%| F|  |TAMS 0x0000000734200000| PB 0x0000000734200000| Untracked 
| 361|0x0000000734400000, 0x0000000734400000, 0x0000000734600000|  0%| F|  |TAMS 0x0000000734400000| PB 0x0000000734400000| Untracked 
| 362|0x0000000734600000, 0x0000000734600000, 0x0000000734800000|  0%| F|  |TAMS 0x0000000734600000| PB 0x0000000734600000| Untracked 
| 363|0x0000000734800000, 0x0000000734800000, 0x0000000734a00000|  0%| F|  |TAMS 0x0000000734800000| PB 0x0000000734800000| Untracked 
| 364|0x0000000734a00000, 0x0000000734a00000, 0x0000000734c00000|  0%| F|  |TAMS 0x0000000734a00000| PB 0x0000000734a00000| Untracked 
| 365|0x0000000734c00000, 0x0000000734c00000, 0x0000000734e00000|  0%| F|  |TAMS 0x0000000734c00000| PB 0x0000000734c00000| Untracked 
| 366|0x0000000734e00000, 0x0000000734e00000, 0x0000000735000000|  0%| F|  |TAMS 0x0000000734e00000| PB 0x0000000734e00000| Untracked 
| 367|0x0000000735000000, 0x0000000735000000, 0x0000000735200000|  0%| F|  |TAMS 0x0000000735000000| PB 0x0000000735000000| Untracked 
| 368|0x0000000735200000, 0x0000000735200000, 0x0000000735400000|  0%| F|  |TAMS 0x0000000735200000| PB 0x0000000735200000| Untracked 
| 369|0x0000000735400000, 0x0000000735400000, 0x0000000735600000|  0%| F|  |TAMS 0x0000000735400000| PB 0x0000000735400000| Untracked 
| 370|0x0000000735600000, 0x0000000735600000, 0x0000000735800000|  0%| F|  |TAMS 0x0000000735600000| PB 0x0000000735600000| Untracked 
| 371|0x0000000735800000, 0x0000000735800000, 0x0000000735a00000|  0%| F|  |TAMS 0x0000000735800000| PB 0x0000000735800000| Untracked 
| 372|0x0000000735a00000, 0x0000000735a00000, 0x0000000735c00000|  0%| F|  |TAMS 0x0000000735a00000| PB 0x0000000735a00000| Untracked 
| 373|0x0000000735c00000, 0x0000000735c00000, 0x0000000735e00000|  0%| F|  |TAMS 0x0000000735c00000| PB 0x0000000735c00000| Untracked 
| 374|0x0000000735e00000, 0x0000000735e00000, 0x0000000736000000|  0%| F|  |TAMS 0x0000000735e00000| PB 0x0000000735e00000| Untracked 
| 375|0x0000000736000000, 0x0000000736000000, 0x0000000736200000|  0%| F|  |TAMS 0x0000000736000000| PB 0x0000000736000000| Untracked 
| 376|0x0000000736200000, 0x0000000736200000, 0x0000000736400000|  0%| F|  |TAMS 0x0000000736200000| PB 0x0000000736200000| Untracked 
| 377|0x0000000736400000, 0x0000000736400000, 0x0000000736600000|  0%| F|  |TAMS 0x0000000736400000| PB 0x0000000736400000| Untracked 
| 378|0x0000000736600000, 0x0000000736600000, 0x0000000736800000|  0%| F|  |TAMS 0x0000000736600000| PB 0x0000000736600000| Untracked 
| 379|0x0000000736800000, 0x0000000736800000, 0x0000000736a00000|  0%| F|  |TAMS 0x0000000736800000| PB 0x0000000736800000| Untracked 
| 380|0x0000000736a00000, 0x0000000736a00000, 0x0000000736c00000|  0%| F|  |TAMS 0x0000000736a00000| PB 0x0000000736a00000| Untracked 
| 381|0x0000000736c00000, 0x0000000736c00000, 0x0000000736e00000|  0%| F|  |TAMS 0x0000000736c00000| PB 0x0000000736c00000| Untracked 
| 382|0x0000000736e00000, 0x0000000736e00000, 0x0000000737000000|  0%| F|  |TAMS 0x0000000736e00000| PB 0x0000000736e00000| Untracked 
| 383|0x0000000737000000, 0x0000000737000000, 0x0000000737200000|  0%| F|  |TAMS 0x0000000737000000| PB 0x0000000737000000| Untracked 
| 384|0x0000000737200000, 0x0000000737200000, 0x0000000737400000|  0%| F|  |TAMS 0x0000000737200000| PB 0x0000000737200000| Untracked 
| 385|0x0000000737400000, 0x0000000737400000, 0x0000000737600000|  0%| F|  |TAMS 0x0000000737400000| PB 0x0000000737400000| Untracked 
| 386|0x0000000737600000, 0x0000000737600000, 0x0000000737800000|  0%| F|  |TAMS 0x0000000737600000| PB 0x0000000737600000| Untracked 
| 387|0x0000000737800000, 0x0000000737800000, 0x0000000737a00000|  0%| F|  |TAMS 0x0000000737800000| PB 0x0000000737800000| Untracked 
| 388|0x0000000737a00000, 0x0000000737a00000, 0x0000000737c00000|  0%| F|  |TAMS 0x0000000737a00000| PB 0x0000000737a00000| Untracked 
| 389|0x0000000737c00000, 0x0000000737c00000, 0x0000000737e00000|  0%| F|  |TAMS 0x0000000737c00000| PB 0x0000000737c00000| Untracked 
| 390|0x0000000737e00000, 0x0000000737e00000, 0x0000000738000000|  0%| F|  |TAMS 0x0000000737e00000| PB 0x0000000737e00000| Untracked 
| 391|0x0000000738000000, 0x0000000738000000, 0x0000000738200000|  0%| F|  |TAMS 0x0000000738000000| PB 0x0000000738000000| Untracked 
| 392|0x0000000738200000, 0x0000000738200000, 0x0000000738400000|  0%| F|  |TAMS 0x0000000738200000| PB 0x0000000738200000| Untracked 
| 393|0x0000000738400000, 0x0000000738400000, 0x0000000738600000|  0%| F|  |TAMS 0x0000000738400000| PB 0x0000000738400000| Untracked 
| 394|0x0000000738600000, 0x0000000738600000, 0x0000000738800000|  0%| F|  |TAMS 0x0000000738600000| PB 0x0000000738600000| Untracked 
| 395|0x0000000738800000, 0x0000000738800000, 0x0000000738a00000|  0%| F|  |TAMS 0x0000000738800000| PB 0x0000000738800000| Untracked 
| 396|0x0000000738a00000, 0x0000000738a00000, 0x0000000738c00000|  0%| F|  |TAMS 0x0000000738a00000| PB 0x0000000738a00000| Untracked 
| 397|0x0000000738c00000, 0x0000000738c00000, 0x0000000738e00000|  0%| F|  |TAMS 0x0000000738c00000| PB 0x0000000738c00000| Untracked 
| 398|0x0000000738e00000, 0x0000000738e00000, 0x0000000739000000|  0%| F|  |TAMS 0x0000000738e00000| PB 0x0000000738e00000| Untracked 
| 399|0x0000000739000000, 0x0000000739000000, 0x0000000739200000|  0%| F|  |TAMS 0x0000000739000000| PB 0x0000000739000000| Untracked 
| 400|0x0000000739200000, 0x0000000739200000, 0x0000000739400000|  0%| F|  |TAMS 0x0000000739200000| PB 0x0000000739200000| Untracked 
| 401|0x0000000739400000, 0x0000000739400000, 0x0000000739600000|  0%| F|  |TAMS 0x0000000739400000| PB 0x0000000739400000| Untracked 
| 402|0x0000000739600000, 0x0000000739600000, 0x0000000739800000|  0%| F|  |TAMS 0x0000000739600000| PB 0x0000000739600000| Untracked 
| 403|0x0000000739800000, 0x0000000739800000, 0x0000000739a00000|  0%| F|  |TAMS 0x0000000739800000| PB 0x0000000739800000| Untracked 
| 404|0x0000000739a00000, 0x0000000739a00000, 0x0000000739c00000|  0%| F|  |TAMS 0x0000000739a00000| PB 0x0000000739a00000| Untracked 
| 405|0x0000000739c00000, 0x0000000739c00000, 0x0000000739e00000|  0%| F|  |TAMS 0x0000000739c00000| PB 0x0000000739c00000| Untracked 
| 406|0x0000000739e00000, 0x0000000739e00000, 0x000000073a000000|  0%| F|  |TAMS 0x0000000739e00000| PB 0x0000000739e00000| Untracked 
| 407|0x000000073a000000, 0x000000073a000000, 0x000000073a200000|  0%| F|  |TAMS 0x000000073a000000| PB 0x000000073a000000| Untracked 
| 408|0x000000073a200000, 0x000000073a200000, 0x000000073a400000|  0%| F|  |TAMS 0x000000073a200000| PB 0x000000073a200000| Untracked 
| 409|0x000000073a400000, 0x000000073a400000, 0x000000073a600000|  0%| F|  |TAMS 0x000000073a400000| PB 0x000000073a400000| Untracked 
| 410|0x000000073a600000, 0x000000073a600000, 0x000000073a800000|  0%| F|  |TAMS 0x000000073a600000| PB 0x000000073a600000| Untracked 
| 411|0x000000073a800000, 0x000000073a800000, 0x000000073aa00000|  0%| F|  |TAMS 0x000000073a800000| PB 0x000000073a800000| Untracked 
| 412|0x000000073aa00000, 0x000000073aa00000, 0x000000073ac00000|  0%| F|  |TAMS 0x000000073aa00000| PB 0x000000073aa00000| Untracked 
| 413|0x000000073ac00000, 0x000000073ac00000, 0x000000073ae00000|  0%| F|  |TAMS 0x000000073ac00000| PB 0x000000073ac00000| Untracked 
| 414|0x000000073ae00000, 0x000000073ae00000, 0x000000073b000000|  0%| F|  |TAMS 0x000000073ae00000| PB 0x000000073ae00000| Untracked 
| 415|0x000000073b000000, 0x000000073b000000, 0x000000073b200000|  0%| F|  |TAMS 0x000000073b000000| PB 0x000000073b000000| Untracked 
| 416|0x000000073b200000, 0x000000073b200000, 0x000000073b400000|  0%| F|  |TAMS 0x000000073b200000| PB 0x000000073b200000| Untracked 
| 417|0x000000073b400000, 0x000000073b400000, 0x000000073b600000|  0%| F|  |TAMS 0x000000073b400000| PB 0x000000073b400000| Untracked 
| 418|0x000000073b600000, 0x000000073b600000, 0x000000073b800000|  0%| F|  |TAMS 0x000000073b600000| PB 0x000000073b600000| Untracked 
| 419|0x000000073b800000, 0x000000073b800000, 0x000000073ba00000|  0%| F|  |TAMS 0x000000073b800000| PB 0x000000073b800000| Untracked 
| 420|0x000000073ba00000, 0x000000073ba00000, 0x000000073bc00000|  0%| F|  |TAMS 0x000000073ba00000| PB 0x000000073ba00000| Untracked 
| 421|0x000000073bc00000, 0x000000073bc00000, 0x000000073be00000|  0%| F|  |TAMS 0x000000073bc00000| PB 0x000000073bc00000| Untracked 
| 422|0x000000073be00000, 0x000000073be00000, 0x000000073c000000|  0%| F|  |TAMS 0x000000073be00000| PB 0x000000073be00000| Untracked 
| 423|0x000000073c000000, 0x000000073c000000, 0x000000073c200000|  0%| F|  |TAMS 0x000000073c000000| PB 0x000000073c000000| Untracked 
| 424|0x000000073c200000, 0x000000073c200000, 0x000000073c400000|  0%| F|  |TAMS 0x000000073c200000| PB 0x000000073c200000| Untracked 
| 425|0x000000073c400000, 0x000000073c400000, 0x000000073c600000|  0%| F|  |TAMS 0x000000073c400000| PB 0x000000073c400000| Untracked 
| 426|0x000000073c600000, 0x000000073c600000, 0x000000073c800000|  0%| F|  |TAMS 0x000000073c600000| PB 0x000000073c600000| Untracked 
| 427|0x000000073c800000, 0x000000073c800000, 0x000000073ca00000|  0%| F|  |TAMS 0x000000073c800000| PB 0x000000073c800000| Untracked 
| 428|0x000000073ca00000, 0x000000073ca00000, 0x000000073cc00000|  0%| F|  |TAMS 0x000000073ca00000| PB 0x000000073ca00000| Untracked 
| 429|0x000000073cc00000, 0x000000073cc00000, 0x000000073ce00000|  0%| F|  |TAMS 0x000000073cc00000| PB 0x000000073cc00000| Untracked 
| 430|0x000000073ce00000, 0x000000073ce00000, 0x000000073d000000|  0%| F|  |TAMS 0x000000073ce00000| PB 0x000000073ce00000| Untracked 
| 431|0x000000073d000000, 0x000000073d000000, 0x000000073d200000|  0%| F|  |TAMS 0x000000073d000000| PB 0x000000073d000000| Untracked 
| 432|0x000000073d200000, 0x000000073d200000, 0x000000073d400000|  0%| F|  |TAMS 0x000000073d200000| PB 0x000000073d200000| Untracked 
| 433|0x000000073d400000, 0x000000073d400000, 0x000000073d600000|  0%| F|  |TAMS 0x000000073d400000| PB 0x000000073d400000| Untracked 
| 434|0x000000073d600000, 0x000000073d600000, 0x000000073d800000|  0%| F|  |TAMS 0x000000073d600000| PB 0x000000073d600000| Untracked 
| 435|0x000000073d800000, 0x000000073d800000, 0x000000073da00000|  0%| F|  |TAMS 0x000000073d800000| PB 0x000000073d800000| Untracked 
| 436|0x000000073da00000, 0x000000073da00000, 0x000000073dc00000|  0%| F|  |TAMS 0x000000073da00000| PB 0x000000073da00000| Untracked 
| 437|0x000000073dc00000, 0x000000073dc00000, 0x000000073de00000|  0%| F|  |TAMS 0x000000073dc00000| PB 0x000000073dc00000| Untracked 
| 438|0x000000073de00000, 0x000000073de00000, 0x000000073e000000|  0%| F|  |TAMS 0x000000073de00000| PB 0x000000073de00000| Untracked 
| 439|0x000000073e000000, 0x000000073e000000, 0x000000073e200000|  0%| F|  |TAMS 0x000000073e000000| PB 0x000000073e000000| Untracked 
| 440|0x000000073e200000, 0x000000073e200000, 0x000000073e400000|  0%| F|  |TAMS 0x000000073e200000| PB 0x000000073e200000| Untracked 
| 441|0x000000073e400000, 0x000000073e400000, 0x000000073e600000|  0%| F|  |TAMS 0x000000073e400000| PB 0x000000073e400000| Untracked 
| 442|0x000000073e600000, 0x000000073e600000, 0x000000073e800000|  0%| F|  |TAMS 0x000000073e600000| PB 0x000000073e600000| Untracked 
| 443|0x000000073e800000, 0x000000073e800000, 0x000000073ea00000|  0%| F|  |TAMS 0x000000073e800000| PB 0x000000073e800000| Untracked 
| 444|0x000000073ea00000, 0x000000073ea00000, 0x000000073ec00000|  0%| F|  |TAMS 0x000000073ea00000| PB 0x000000073ea00000| Untracked 
| 445|0x000000073ec00000, 0x000000073ec00000, 0x000000073ee00000|  0%| F|  |TAMS 0x000000073ec00000| PB 0x000000073ec00000| Untracked 
| 446|0x000000073ee00000, 0x000000073ee00000, 0x000000073f000000|  0%| F|  |TAMS 0x000000073ee00000| PB 0x000000073ee00000| Untracked 
| 447|0x000000073f000000, 0x000000073f000000, 0x000000073f200000|  0%| F|  |TAMS 0x000000073f000000| PB 0x000000073f000000| Untracked 
| 448|0x000000073f200000, 0x000000073f200000, 0x000000073f400000|  0%| F|  |TAMS 0x000000073f200000| PB 0x000000073f200000| Untracked 
| 449|0x000000073f400000, 0x000000073f400000, 0x000000073f600000|  0%| F|  |TAMS 0x000000073f400000| PB 0x000000073f400000| Untracked 
| 450|0x000000073f600000, 0x000000073f600000, 0x000000073f800000|  0%| F|  |TAMS 0x000000073f600000| PB 0x000000073f600000| Untracked 
| 451|0x000000073f800000, 0x000000073f800000, 0x000000073fa00000|  0%| F|  |TAMS 0x000000073f800000| PB 0x000000073f800000| Untracked 
| 452|0x000000073fa00000, 0x000000073fa00000, 0x000000073fc00000|  0%| F|  |TAMS 0x000000073fa00000| PB 0x000000073fa00000| Untracked 
| 453|0x000000073fc00000, 0x000000073fc00000, 0x000000073fe00000|  0%| F|  |TAMS 0x000000073fc00000| PB 0x000000073fc00000| Untracked 
| 454|0x000000073fe00000, 0x000000073fe00000, 0x0000000740000000|  0%| F|  |TAMS 0x000000073fe00000| PB 0x000000073fe00000| Untracked 
| 455|0x0000000740000000, 0x0000000740000000, 0x0000000740200000|  0%| F|  |TAMS 0x0000000740000000| PB 0x0000000740000000| Untracked 
| 456|0x0000000740200000, 0x0000000740200000, 0x0000000740400000|  0%| F|  |TAMS 0x0000000740200000| PB 0x0000000740200000| Untracked 
| 457|0x0000000740400000, 0x0000000740400000, 0x0000000740600000|  0%| F|  |TAMS 0x0000000740400000| PB 0x0000000740400000| Untracked 
| 458|0x0000000740600000, 0x0000000740600000, 0x0000000740800000|  0%| F|  |TAMS 0x0000000740600000| PB 0x0000000740600000| Untracked 
| 459|0x0000000740800000, 0x0000000740800000, 0x0000000740a00000|  0%| F|  |TAMS 0x0000000740800000| PB 0x0000000740800000| Untracked 
| 460|0x0000000740a00000, 0x0000000740a00000, 0x0000000740c00000|  0%| F|  |TAMS 0x0000000740a00000| PB 0x0000000740a00000| Untracked 
| 461|0x0000000740c00000, 0x0000000740c00000, 0x0000000740e00000|  0%| F|  |TAMS 0x0000000740c00000| PB 0x0000000740c00000| Untracked 
| 462|0x0000000740e00000, 0x0000000740e00000, 0x0000000741000000|  0%| F|  |TAMS 0x0000000740e00000| PB 0x0000000740e00000| Untracked 
| 463|0x0000000741000000, 0x0000000741000000, 0x0000000741200000|  0%| F|  |TAMS 0x0000000741000000| PB 0x0000000741000000| Untracked 
| 464|0x0000000741200000, 0x0000000741200000, 0x0000000741400000|  0%| F|  |TAMS 0x0000000741200000| PB 0x0000000741200000| Untracked 
| 465|0x0000000741400000, 0x0000000741400000, 0x0000000741600000|  0%| F|  |TAMS 0x0000000741400000| PB 0x0000000741400000| Untracked 
| 466|0x0000000741600000, 0x0000000741600000, 0x0000000741800000|  0%| F|  |TAMS 0x0000000741600000| PB 0x0000000741600000| Untracked 
| 467|0x0000000741800000, 0x0000000741800000, 0x0000000741a00000|  0%| F|  |TAMS 0x0000000741800000| PB 0x0000000741800000| Untracked 
| 468|0x0000000741a00000, 0x0000000741a00000, 0x0000000741c00000|  0%| F|  |TAMS 0x0000000741a00000| PB 0x0000000741a00000| Untracked 
| 469|0x0000000741c00000, 0x0000000741c00000, 0x0000000741e00000|  0%| F|  |TAMS 0x0000000741c00000| PB 0x0000000741c00000| Untracked 
| 470|0x0000000741e00000, 0x0000000741e00000, 0x0000000742000000|  0%| F|  |TAMS 0x0000000741e00000| PB 0x0000000741e00000| Untracked 
| 471|0x0000000742000000, 0x0000000742000000, 0x0000000742200000|  0%| F|  |TAMS 0x0000000742000000| PB 0x0000000742000000| Untracked 
| 472|0x0000000742200000, 0x0000000742200000, 0x0000000742400000|  0%| F|  |TAMS 0x0000000742200000| PB 0x0000000742200000| Untracked 
| 473|0x0000000742400000, 0x0000000742400000, 0x0000000742600000|  0%| F|  |TAMS 0x0000000742400000| PB 0x0000000742400000| Untracked 
| 474|0x0000000742600000, 0x0000000742600000, 0x0000000742800000|  0%| F|  |TAMS 0x0000000742600000| PB 0x0000000742600000| Untracked 
| 475|0x0000000742800000, 0x0000000742800000, 0x0000000742a00000|  0%| F|  |TAMS 0x0000000742800000| PB 0x0000000742800000| Untracked 
| 476|0x0000000742a00000, 0x0000000742a00000, 0x0000000742c00000|  0%| F|  |TAMS 0x0000000742a00000| PB 0x0000000742a00000| Untracked 
| 477|0x0000000742c00000, 0x0000000742c00000, 0x0000000742e00000|  0%| F|  |TAMS 0x0000000742c00000| PB 0x0000000742c00000| Untracked 
| 478|0x0000000742e00000, 0x0000000742e00000, 0x0000000743000000|  0%| F|  |TAMS 0x0000000742e00000| PB 0x0000000742e00000| Untracked 
| 479|0x0000000743000000, 0x0000000743000000, 0x0000000743200000|  0%| F|  |TAMS 0x0000000743000000| PB 0x0000000743000000| Untracked 
| 480|0x0000000743200000, 0x0000000743200000, 0x0000000743400000|  0%| F|  |TAMS 0x0000000743200000| PB 0x0000000743200000| Untracked 
| 481|0x0000000743400000, 0x0000000743400000, 0x0000000743600000|  0%| F|  |TAMS 0x0000000743400000| PB 0x0000000743400000| Untracked 
| 482|0x0000000743600000, 0x0000000743600000, 0x0000000743800000|  0%| F|  |TAMS 0x0000000743600000| PB 0x0000000743600000| Untracked 
| 483|0x0000000743800000, 0x0000000743800000, 0x0000000743a00000|  0%| F|  |TAMS 0x0000000743800000| PB 0x0000000743800000| Untracked 
| 484|0x0000000743a00000, 0x0000000743a00000, 0x0000000743c00000|  0%| F|  |TAMS 0x0000000743a00000| PB 0x0000000743a00000| Untracked 
| 485|0x0000000743c00000, 0x0000000743c00000, 0x0000000743e00000|  0%| F|  |TAMS 0x0000000743c00000| PB 0x0000000743c00000| Untracked 
| 486|0x0000000743e00000, 0x0000000743e00000, 0x0000000744000000|  0%| F|  |TAMS 0x0000000743e00000| PB 0x0000000743e00000| Untracked 
| 487|0x0000000744000000, 0x0000000744000000, 0x0000000744200000|  0%| F|  |TAMS 0x0000000744000000| PB 0x0000000744000000| Untracked 
| 488|0x0000000744200000, 0x0000000744200000, 0x0000000744400000|  0%| F|  |TAMS 0x0000000744200000| PB 0x0000000744200000| Untracked 
| 489|0x0000000744400000, 0x0000000744400000, 0x0000000744600000|  0%| F|  |TAMS 0x0000000744400000| PB 0x0000000744400000| Untracked 
| 490|0x0000000744600000, 0x0000000744600000, 0x0000000744800000|  0%| F|  |TAMS 0x0000000744600000| PB 0x0000000744600000| Untracked 
| 491|0x0000000744800000, 0x0000000744800000, 0x0000000744a00000|  0%| F|  |TAMS 0x0000000744800000| PB 0x0000000744800000| Untracked 
| 492|0x0000000744a00000, 0x0000000744a00000, 0x0000000744c00000|  0%| F|  |TAMS 0x0000000744a00000| PB 0x0000000744a00000| Untracked 
| 493|0x0000000744c00000, 0x0000000744c00000, 0x0000000744e00000|  0%| F|  |TAMS 0x0000000744c00000| PB 0x0000000744c00000| Untracked 
| 494|0x0000000744e00000, 0x0000000744e00000, 0x0000000745000000|  0%| F|  |TAMS 0x0000000744e00000| PB 0x0000000744e00000| Untracked 
| 495|0x0000000745000000, 0x0000000745000000, 0x0000000745200000|  0%| F|  |TAMS 0x0000000745000000| PB 0x0000000745000000| Untracked 
| 496|0x0000000745200000, 0x0000000745200000, 0x0000000745400000|  0%| F|  |TAMS 0x0000000745200000| PB 0x0000000745200000| Untracked 
| 497|0x0000000745400000, 0x0000000745400000, 0x0000000745600000|  0%| F|  |TAMS 0x0000000745400000| PB 0x0000000745400000| Untracked 
| 498|0x0000000745600000, 0x0000000745600000, 0x0000000745800000|  0%| F|  |TAMS 0x0000000745600000| PB 0x0000000745600000| Untracked 
| 499|0x0000000745800000, 0x0000000745800000, 0x0000000745a00000|  0%| F|  |TAMS 0x0000000745800000| PB 0x0000000745800000| Untracked 
| 500|0x0000000745a00000, 0x0000000745a00000, 0x0000000745c00000|  0%| F|  |TAMS 0x0000000745a00000| PB 0x0000000745a00000| Untracked 
| 501|0x0000000745c00000, 0x0000000745c00000, 0x0000000745e00000|  0%| F|  |TAMS 0x0000000745c00000| PB 0x0000000745c00000| Untracked 
| 502|0x0000000745e00000, 0x0000000745e00000, 0x0000000746000000|  0%| F|  |TAMS 0x0000000745e00000| PB 0x0000000745e00000| Untracked 
| 503|0x0000000746000000, 0x0000000746000000, 0x0000000746200000|  0%| F|  |TAMS 0x0000000746000000| PB 0x0000000746000000| Untracked 
| 504|0x0000000746200000, 0x0000000746200000, 0x0000000746400000|  0%| F|  |TAMS 0x0000000746200000| PB 0x0000000746200000| Untracked 
| 505|0x0000000746400000, 0x0000000746400000, 0x0000000746600000|  0%| F|  |TAMS 0x0000000746400000| PB 0x0000000746400000| Untracked 
| 506|0x0000000746600000, 0x0000000746600000, 0x0000000746800000|  0%| F|  |TAMS 0x0000000746600000| PB 0x0000000746600000| Untracked 
| 507|0x0000000746800000, 0x0000000746800000, 0x0000000746a00000|  0%| F|  |TAMS 0x0000000746800000| PB 0x0000000746800000| Untracked 
| 508|0x0000000746a00000, 0x0000000746a00000, 0x0000000746c00000|  0%| F|  |TAMS 0x0000000746a00000| PB 0x0000000746a00000| Untracked 
| 509|0x0000000746c00000, 0x0000000746d857b8, 0x0000000746e00000| 76%| E|  |TAMS 0x0000000746c00000| PB 0x0000000746c00000| Complete 
| 510|0x0000000746e00000, 0x0000000747000000, 0x0000000747000000|100%| E|CS|TAMS 0x0000000746e00000| PB 0x0000000746e00000| Complete 
| 511|0x0000000747000000, 0x0000000747200000, 0x0000000747200000|100%| E|CS|TAMS 0x0000000747000000| PB 0x0000000747000000| Complete 
| 512|0x0000000747200000, 0x0000000747400000, 0x0000000747400000|100%| E|CS|TAMS 0x0000000747200000| PB 0x0000000747200000| Complete 
| 513|0x0000000747400000, 0x0000000747600000, 0x0000000747600000|100%| E|CS|TAMS 0x0000000747400000| PB 0x0000000747400000| Complete 
| 514|0x0000000747600000, 0x0000000747800000, 0x0000000747800000|100%| E|CS|TAMS 0x0000000747600000| PB 0x0000000747600000| Complete 
| 515|0x0000000747800000, 0x0000000747a00000, 0x0000000747a00000|100%| E|CS|TAMS 0x0000000747800000| PB 0x0000000747800000| Complete 
| 516|0x0000000747a00000, 0x0000000747c00000, 0x0000000747c00000|100%| E|CS|TAMS 0x0000000747a00000| PB 0x0000000747a00000| Complete 
| 517|0x0000000747c00000, 0x0000000747e00000, 0x0000000747e00000|100%| E|CS|TAMS 0x0000000747c00000| PB 0x0000000747c00000| Complete 
| 518|0x0000000747e00000, 0x0000000748000000, 0x0000000748000000|100%| E|CS|TAMS 0x0000000747e00000| PB 0x0000000747e00000| Complete 
| 519|0x0000000748000000, 0x0000000748200000, 0x0000000748200000|100%| E|CS|TAMS 0x0000000748000000| PB 0x0000000748000000| Complete 
| 520|0x0000000748200000, 0x0000000748400000, 0x0000000748400000|100%| E|CS|TAMS 0x0000000748200000| PB 0x0000000748200000| Complete 
| 521|0x0000000748400000, 0x0000000748600000, 0x0000000748600000|100%| E|CS|TAMS 0x0000000748400000| PB 0x0000000748400000| Complete 
| 522|0x0000000748600000, 0x0000000748800000, 0x0000000748800000|100%| E|CS|TAMS 0x0000000748600000| PB 0x0000000748600000| Complete 
| 523|0x0000000748800000, 0x0000000748a00000, 0x0000000748a00000|100%| E|CS|TAMS 0x0000000748800000| PB 0x0000000748800000| Complete 
| 524|0x0000000748a00000, 0x0000000748c00000, 0x0000000748c00000|100%| E|CS|TAMS 0x0000000748a00000| PB 0x0000000748a00000| Complete 
| 525|0x0000000748c00000, 0x0000000748e00000, 0x0000000748e00000|100%| E|CS|TAMS 0x0000000748c00000| PB 0x0000000748c00000| Complete 
| 526|0x0000000748e00000, 0x0000000749000000, 0x0000000749000000|100%| E|CS|TAMS 0x0000000748e00000| PB 0x0000000748e00000| Complete 
| 527|0x0000000749000000, 0x0000000749200000, 0x0000000749200000|100%| E|CS|TAMS 0x0000000749000000| PB 0x0000000749000000| Complete 
| 528|0x0000000749200000, 0x0000000749400000, 0x0000000749400000|100%| E|CS|TAMS 0x0000000749200000| PB 0x0000000749200000| Complete 
| 529|0x0000000749400000, 0x0000000749600000, 0x0000000749600000|100%| E|CS|TAMS 0x0000000749400000| PB 0x0000000749400000| Complete 
| 530|0x0000000749600000, 0x0000000749800000, 0x0000000749800000|100%| E|CS|TAMS 0x0000000749600000| PB 0x0000000749600000| Complete 
| 531|0x0000000749800000, 0x0000000749a00000, 0x0000000749a00000|100%| E|CS|TAMS 0x0000000749800000| PB 0x0000000749800000| Complete 
| 532|0x0000000749a00000, 0x0000000749c00000, 0x0000000749c00000|100%| E|CS|TAMS 0x0000000749a00000| PB 0x0000000749a00000| Complete 
| 533|0x0000000749c00000, 0x0000000749e00000, 0x0000000749e00000|100%| E|CS|TAMS 0x0000000749c00000| PB 0x0000000749c00000| Complete 
| 534|0x0000000749e00000, 0x000000074a000000, 0x000000074a000000|100%| E|CS|TAMS 0x0000000749e00000| PB 0x0000000749e00000| Complete 
| 535|0x000000074a000000, 0x000000074a200000, 0x000000074a200000|100%| E|CS|TAMS 0x000000074a000000| PB 0x000000074a000000| Complete 
| 536|0x000000074a200000, 0x000000074a400000, 0x000000074a400000|100%| E|CS|TAMS 0x000000074a200000| PB 0x000000074a200000| Complete 
| 537|0x000000074a400000, 0x000000074a600000, 0x000000074a600000|100%| E|CS|TAMS 0x000000074a400000| PB 0x000000074a400000| Complete 
| 538|0x000000074a600000, 0x000000074a800000, 0x000000074a800000|100%| E|CS|TAMS 0x000000074a600000| PB 0x000000074a600000| Complete 
| 539|0x000000074a800000, 0x000000074aa00000, 0x000000074aa00000|100%| E|CS|TAMS 0x000000074a800000| PB 0x000000074a800000| Complete 
| 540|0x000000074aa00000, 0x000000074ac00000, 0x000000074ac00000|100%| E|CS|TAMS 0x000000074aa00000| PB 0x000000074aa00000| Complete 
| 541|0x000000074ac00000, 0x000000074ae00000, 0x000000074ae00000|100%| E|CS|TAMS 0x000000074ac00000| PB 0x000000074ac00000| Complete 
| 542|0x000000074ae00000, 0x000000074b000000, 0x000000074b000000|100%| E|CS|TAMS 0x000000074ae00000| PB 0x000000074ae00000| Complete 
| 543|0x000000074b000000, 0x000000074b200000, 0x000000074b200000|100%| E|CS|TAMS 0x000000074b000000| PB 0x000000074b000000| Complete 
| 544|0x000000074b200000, 0x000000074b400000, 0x000000074b400000|100%| E|CS|TAMS 0x000000074b200000| PB 0x000000074b200000| Complete 
| 545|0x000000074b400000, 0x000000074b600000, 0x000000074b600000|100%| E|CS|TAMS 0x000000074b400000| PB 0x000000074b400000| Complete 
| 546|0x000000074b600000, 0x000000074b800000, 0x000000074b800000|100%| E|CS|TAMS 0x000000074b600000| PB 0x000000074b600000| Complete 
| 547|0x000000074b800000, 0x000000074ba00000, 0x000000074ba00000|100%| E|CS|TAMS 0x000000074b800000| PB 0x000000074b800000| Complete 
| 548|0x000000074ba00000, 0x000000074bc00000, 0x000000074bc00000|100%| E|CS|TAMS 0x000000074ba00000| PB 0x000000074ba00000| Complete 
| 549|0x000000074bc00000, 0x000000074be00000, 0x000000074be00000|100%| E|CS|TAMS 0x000000074bc00000| PB 0x000000074bc00000| Complete 
| 550|0x000000074be00000, 0x000000074c000000, 0x000000074c000000|100%| E|CS|TAMS 0x000000074be00000| PB 0x000000074be00000| Complete 
| 551|0x000000074c000000, 0x000000074c200000, 0x000000074c200000|100%| E|CS|TAMS 0x000000074c000000| PB 0x000000074c000000| Complete 
| 552|0x000000074c200000, 0x000000074c400000, 0x000000074c400000|100%| E|CS|TAMS 0x000000074c200000| PB 0x000000074c200000| Complete 
| 553|0x000000074c400000, 0x000000074c600000, 0x000000074c600000|100%| E|CS|TAMS 0x000000074c400000| PB 0x000000074c400000| Complete 
| 554|0x000000074c600000, 0x000000074c800000, 0x000000074c800000|100%| E|CS|TAMS 0x000000074c600000| PB 0x000000074c600000| Complete 
| 555|0x000000074c800000, 0x000000074ca00000, 0x000000074ca00000|100%| E|CS|TAMS 0x000000074c800000| PB 0x000000074c800000| Complete 
| 556|0x000000074ca00000, 0x000000074cc00000, 0x000000074cc00000|100%| E|CS|TAMS 0x000000074ca00000| PB 0x000000074ca00000| Complete 
| 557|0x000000074cc00000, 0x000000074ce00000, 0x000000074ce00000|100%| E|CS|TAMS 0x000000074cc00000| PB 0x000000074cc00000| Complete 
| 558|0x000000074ce00000, 0x000000074d000000, 0x000000074d000000|100%| E|CS|TAMS 0x000000074ce00000| PB 0x000000074ce00000| Complete 
| 559|0x000000074d000000, 0x000000074d200000, 0x000000074d200000|100%| E|CS|TAMS 0x000000074d000000| PB 0x000000074d000000| Complete 
| 560|0x000000074d200000, 0x000000074d400000, 0x000000074d400000|100%| E|CS|TAMS 0x000000074d200000| PB 0x000000074d200000| Complete 
| 561|0x000000074d400000, 0x000000074d600000, 0x000000074d600000|100%| E|CS|TAMS 0x000000074d400000| PB 0x000000074d400000| Complete 
| 562|0x000000074d600000, 0x000000074d800000, 0x000000074d800000|100%| E|CS|TAMS 0x000000074d600000| PB 0x000000074d600000| Complete 
| 563|0x000000074d800000, 0x000000074da00000, 0x000000074da00000|100%| E|CS|TAMS 0x000000074d800000| PB 0x000000074d800000| Complete 
| 564|0x000000074da00000, 0x000000074dc00000, 0x000000074dc00000|100%| E|CS|TAMS 0x000000074da00000| PB 0x000000074da00000| Complete 
| 565|0x000000074dc00000, 0x000000074de00000, 0x000000074de00000|100%| E|CS|TAMS 0x000000074dc00000| PB 0x000000074dc00000| Complete 
| 566|0x000000074de00000, 0x000000074e000000, 0x000000074e000000|100%| E|CS|TAMS 0x000000074de00000| PB 0x000000074de00000| Complete 
| 567|0x000000074e000000, 0x000000074e200000, 0x000000074e200000|100%| E|CS|TAMS 0x000000074e000000| PB 0x000000074e000000| Complete 
| 568|0x000000074e200000, 0x000000074e400000, 0x000000074e400000|100%| E|CS|TAMS 0x000000074e200000| PB 0x000000074e200000| Complete 
| 569|0x000000074e400000, 0x000000074e600000, 0x000000074e600000|100%| E|CS|TAMS 0x000000074e400000| PB 0x000000074e400000| Complete 
| 570|0x000000074e600000, 0x000000074e800000, 0x000000074e800000|100%| E|CS|TAMS 0x000000074e600000| PB 0x000000074e600000| Complete 
| 571|0x000000074e800000, 0x000000074ea00000, 0x000000074ea00000|100%| E|CS|TAMS 0x000000074e800000| PB 0x000000074e800000| Complete 
| 572|0x000000074ea00000, 0x000000074ec00000, 0x000000074ec00000|100%| E|CS|TAMS 0x000000074ea00000| PB 0x000000074ea00000| Complete 
| 573|0x000000074ec00000, 0x000000074ee00000, 0x000000074ee00000|100%| E|CS|TAMS 0x000000074ec00000| PB 0x000000074ec00000| Complete 
| 574|0x000000074ee00000, 0x000000074f000000, 0x000000074f000000|100%| E|CS|TAMS 0x000000074ee00000| PB 0x000000074ee00000| Complete 
| 575|0x000000074f000000, 0x000000074f200000, 0x000000074f200000|100%| E|CS|TAMS 0x000000074f000000| PB 0x000000074f000000| Complete 
| 576|0x000000074f200000, 0x000000074f400000, 0x000000074f400000|100%| E|CS|TAMS 0x000000074f200000| PB 0x000000074f200000| Complete 
| 577|0x000000074f400000, 0x000000074f600000, 0x000000074f600000|100%| E|CS|TAMS 0x000000074f400000| PB 0x000000074f400000| Complete 
| 578|0x000000074f600000, 0x000000074f800000, 0x000000074f800000|100%| E|CS|TAMS 0x000000074f600000| PB 0x000000074f600000| Complete 
| 579|0x000000074f800000, 0x000000074fa00000, 0x000000074fa00000|100%| E|CS|TAMS 0x000000074f800000| PB 0x000000074f800000| Complete 
| 580|0x000000074fa00000, 0x000000074fc00000, 0x000000074fc00000|100%| E|CS|TAMS 0x000000074fa00000| PB 0x000000074fa00000| Complete 
| 581|0x000000074fc00000, 0x000000074fe00000, 0x000000074fe00000|100%| E|CS|TAMS 0x000000074fc00000| PB 0x000000074fc00000| Complete 
| 582|0x000000074fe00000, 0x0000000750000000, 0x0000000750000000|100%| E|CS|TAMS 0x000000074fe00000| PB 0x000000074fe00000| Complete 
| 583|0x0000000750000000, 0x0000000750200000, 0x0000000750200000|100%| E|CS|TAMS 0x0000000750000000| PB 0x0000000750000000| Complete 
| 584|0x0000000750200000, 0x0000000750400000, 0x0000000750400000|100%| E|CS|TAMS 0x0000000750200000| PB 0x0000000750200000| Complete 
| 585|0x0000000750400000, 0x0000000750600000, 0x0000000750600000|100%| E|CS|TAMS 0x0000000750400000| PB 0x0000000750400000| Complete 
| 586|0x0000000750600000, 0x0000000750800000, 0x0000000750800000|100%| E|CS|TAMS 0x0000000750600000| PB 0x0000000750600000| Complete 
| 587|0x0000000750800000, 0x0000000750a00000, 0x0000000750a00000|100%| E|CS|TAMS 0x0000000750800000| PB 0x0000000750800000| Complete 
| 588|0x0000000750a00000, 0x0000000750c00000, 0x0000000750c00000|100%| E|CS|TAMS 0x0000000750a00000| PB 0x0000000750a00000| Complete 
| 589|0x0000000750c00000, 0x0000000750e00000, 0x0000000750e00000|100%| E|CS|TAMS 0x0000000750c00000| PB 0x0000000750c00000| Complete 
| 590|0x0000000750e00000, 0x0000000751000000, 0x0000000751000000|100%| E|CS|TAMS 0x0000000750e00000| PB 0x0000000750e00000| Complete 
| 591|0x0000000751000000, 0x0000000751200000, 0x0000000751200000|100%| E|CS|TAMS 0x0000000751000000| PB 0x0000000751000000| Complete 
| 592|0x0000000751200000, 0x0000000751400000, 0x0000000751400000|100%| E|CS|TAMS 0x0000000751200000| PB 0x0000000751200000| Complete 
| 593|0x0000000751400000, 0x0000000751600000, 0x0000000751600000|100%| E|CS|TAMS 0x0000000751400000| PB 0x0000000751400000| Complete 
| 594|0x0000000751600000, 0x0000000751800000, 0x0000000751800000|100%| E|CS|TAMS 0x0000000751600000| PB 0x0000000751600000| Complete 
| 595|0x0000000751800000, 0x0000000751a00000, 0x0000000751a00000|100%| E|CS|TAMS 0x0000000751800000| PB 0x0000000751800000| Complete 
| 596|0x0000000751a00000, 0x0000000751c00000, 0x0000000751c00000|100%| E|CS|TAMS 0x0000000751a00000| PB 0x0000000751a00000| Complete 
| 597|0x0000000751c00000, 0x0000000751e00000, 0x0000000751e00000|100%| E|CS|TAMS 0x0000000751c00000| PB 0x0000000751c00000| Complete 
| 598|0x0000000751e00000, 0x0000000752000000, 0x0000000752000000|100%| E|CS|TAMS 0x0000000751e00000| PB 0x0000000751e00000| Complete 
| 599|0x0000000752000000, 0x0000000752200000, 0x0000000752200000|100%| E|CS|TAMS 0x0000000752000000| PB 0x0000000752000000| Complete 
| 600|0x0000000752200000, 0x0000000752400000, 0x0000000752400000|100%| E|CS|TAMS 0x0000000752200000| PB 0x0000000752200000| Complete 
| 601|0x0000000752400000, 0x0000000752600000, 0x0000000752600000|100%| E|CS|TAMS 0x0000000752400000| PB 0x0000000752400000| Complete 
| 602|0x0000000752600000, 0x0000000752800000, 0x0000000752800000|100%| E|CS|TAMS 0x0000000752600000| PB 0x0000000752600000| Complete 
| 603|0x0000000752800000, 0x0000000752a00000, 0x0000000752a00000|100%| E|CS|TAMS 0x0000000752800000| PB 0x0000000752800000| Complete 
| 604|0x0000000752a00000, 0x0000000752c00000, 0x0000000752c00000|100%| E|CS|TAMS 0x0000000752a00000| PB 0x0000000752a00000| Complete 
| 605|0x0000000752c00000, 0x0000000752e00000, 0x0000000752e00000|100%| E|CS|TAMS 0x0000000752c00000| PB 0x0000000752c00000| Complete 
| 606|0x0000000752e00000, 0x0000000753000000, 0x0000000753000000|100%| E|CS|TAMS 0x0000000752e00000| PB 0x0000000752e00000| Complete 
| 607|0x0000000753000000, 0x0000000753200000, 0x0000000753200000|100%| E|CS|TAMS 0x0000000753000000| PB 0x0000000753000000| Complete 
| 608|0x0000000753200000, 0x0000000753400000, 0x0000000753400000|100%| E|CS|TAMS 0x0000000753200000| PB 0x0000000753200000| Complete 
| 609|0x0000000753400000, 0x0000000753600000, 0x0000000753600000|100%| E|CS|TAMS 0x0000000753400000| PB 0x0000000753400000| Complete 
| 610|0x0000000753600000, 0x0000000753800000, 0x0000000753800000|100%| E|CS|TAMS 0x0000000753600000| PB 0x0000000753600000| Complete 
| 611|0x0000000753800000, 0x0000000753a00000, 0x0000000753a00000|100%| E|CS|TAMS 0x0000000753800000| PB 0x0000000753800000| Complete 
| 612|0x0000000753a00000, 0x0000000753c00000, 0x0000000753c00000|100%| E|CS|TAMS 0x0000000753a00000| PB 0x0000000753a00000| Complete 
| 613|0x0000000753c00000, 0x0000000753e00000, 0x0000000753e00000|100%| E|CS|TAMS 0x0000000753c00000| PB 0x0000000753c00000| Complete 
| 614|0x0000000753e00000, 0x0000000754000000, 0x0000000754000000|100%| E|CS|TAMS 0x0000000753e00000| PB 0x0000000753e00000| Complete 
| 615|0x0000000754000000, 0x0000000754200000, 0x0000000754200000|100%| E|CS|TAMS 0x0000000754000000| PB 0x0000000754000000| Complete 
| 616|0x0000000754200000, 0x0000000754400000, 0x0000000754400000|100%| E|CS|TAMS 0x0000000754200000| PB 0x0000000754200000| Complete 
| 617|0x0000000754400000, 0x0000000754600000, 0x0000000754600000|100%| E|CS|TAMS 0x0000000754400000| PB 0x0000000754400000| Complete 
| 618|0x0000000754600000, 0x0000000754800000, 0x0000000754800000|100%| E|CS|TAMS 0x0000000754600000| PB 0x0000000754600000| Complete 
| 619|0x0000000754800000, 0x0000000754a00000, 0x0000000754a00000|100%| E|CS|TAMS 0x0000000754800000| PB 0x0000000754800000| Complete 
| 620|0x0000000754a00000, 0x0000000754c00000, 0x0000000754c00000|100%| E|CS|TAMS 0x0000000754a00000| PB 0x0000000754a00000| Complete 
| 621|0x0000000754c00000, 0x0000000754e00000, 0x0000000754e00000|100%| E|CS|TAMS 0x0000000754c00000| PB 0x0000000754c00000| Complete 
| 622|0x0000000754e00000, 0x0000000755000000, 0x0000000755000000|100%| E|CS|TAMS 0x0000000754e00000| PB 0x0000000754e00000| Complete 
| 623|0x0000000755000000, 0x0000000755200000, 0x0000000755200000|100%| E|CS|TAMS 0x0000000755000000| PB 0x0000000755000000| Complete 
| 624|0x0000000755200000, 0x0000000755400000, 0x0000000755400000|100%| E|CS|TAMS 0x0000000755200000| PB 0x0000000755200000| Complete 
| 625|0x0000000755400000, 0x0000000755600000, 0x0000000755600000|100%| E|CS|TAMS 0x0000000755400000| PB 0x0000000755400000| Complete 
| 626|0x0000000755600000, 0x0000000755800000, 0x0000000755800000|100%| E|CS|TAMS 0x0000000755600000| PB 0x0000000755600000| Complete 
| 627|0x0000000755800000, 0x0000000755a00000, 0x0000000755a00000|100%| E|CS|TAMS 0x0000000755800000| PB 0x0000000755800000| Complete 
| 628|0x0000000755a00000, 0x0000000755c00000, 0x0000000755c00000|100%| E|CS|TAMS 0x0000000755a00000| PB 0x0000000755a00000| Complete 
| 629|0x0000000755c00000, 0x0000000755e00000, 0x0000000755e00000|100%| E|CS|TAMS 0x0000000755c00000| PB 0x0000000755c00000| Complete 
| 630|0x0000000755e00000, 0x0000000756000000, 0x0000000756000000|100%| E|CS|TAMS 0x0000000755e00000| PB 0x0000000755e00000| Complete 
| 631|0x0000000756000000, 0x0000000756200000, 0x0000000756200000|100%| E|CS|TAMS 0x0000000756000000| PB 0x0000000756000000| Complete 
| 632|0x0000000756200000, 0x0000000756400000, 0x0000000756400000|100%| E|CS|TAMS 0x0000000756200000| PB 0x0000000756200000| Complete 
| 633|0x0000000756400000, 0x0000000756600000, 0x0000000756600000|100%| E|CS|TAMS 0x0000000756400000| PB 0x0000000756400000| Complete 
| 634|0x0000000756600000, 0x0000000756800000, 0x0000000756800000|100%| E|CS|TAMS 0x0000000756600000| PB 0x0000000756600000| Complete 
| 635|0x0000000756800000, 0x0000000756a00000, 0x0000000756a00000|100%| E|CS|TAMS 0x0000000756800000| PB 0x0000000756800000| Complete 
| 636|0x0000000756a00000, 0x0000000756c00000, 0x0000000756c00000|100%| E|CS|TAMS 0x0000000756a00000| PB 0x0000000756a00000| Complete 
| 637|0x0000000756c00000, 0x0000000756e00000, 0x0000000756e00000|100%| E|CS|TAMS 0x0000000756c00000| PB 0x0000000756c00000| Complete 
| 638|0x0000000756e00000, 0x0000000757000000, 0x0000000757000000|100%| E|CS|TAMS 0x0000000756e00000| PB 0x0000000756e00000| Complete 
| 639|0x0000000757000000, 0x0000000757200000, 0x0000000757200000|100%| E|CS|TAMS 0x0000000757000000| PB 0x0000000757000000| Complete 
| 640|0x0000000757200000, 0x0000000757400000, 0x0000000757400000|100%| E|CS|TAMS 0x0000000757200000| PB 0x0000000757200000| Complete 
| 641|0x0000000757400000, 0x0000000757600000, 0x0000000757600000|100%| E|CS|TAMS 0x0000000757400000| PB 0x0000000757400000| Complete 
| 642|0x0000000757600000, 0x0000000757800000, 0x0000000757800000|100%| E|CS|TAMS 0x0000000757600000| PB 0x0000000757600000| Complete 
| 643|0x0000000757800000, 0x0000000757a00000, 0x0000000757a00000|100%| E|CS|TAMS 0x0000000757800000| PB 0x0000000757800000| Complete 
| 644|0x0000000757a00000, 0x0000000757c00000, 0x0000000757c00000|100%| E|CS|TAMS 0x0000000757a00000| PB 0x0000000757a00000| Complete 
| 645|0x0000000757c00000, 0x0000000757e00000, 0x0000000757e00000|100%| E|CS|TAMS 0x0000000757c00000| PB 0x0000000757c00000| Complete 
| 646|0x0000000757e00000, 0x0000000758000000, 0x0000000758000000|100%| E|CS|TAMS 0x0000000757e00000| PB 0x0000000757e00000| Complete 
| 647|0x0000000758000000, 0x0000000758200000, 0x0000000758200000|100%| E|CS|TAMS 0x0000000758000000| PB 0x0000000758000000| Complete 
| 648|0x0000000758200000, 0x0000000758400000, 0x0000000758400000|100%| E|CS|TAMS 0x0000000758200000| PB 0x0000000758200000| Complete 
| 649|0x0000000758400000, 0x0000000758600000, 0x0000000758600000|100%| E|CS|TAMS 0x0000000758400000| PB 0x0000000758400000| Complete 
| 650|0x0000000758600000, 0x0000000758800000, 0x0000000758800000|100%| E|CS|TAMS 0x0000000758600000| PB 0x0000000758600000| Complete 
| 651|0x0000000758800000, 0x0000000758a00000, 0x0000000758a00000|100%| E|CS|TAMS 0x0000000758800000| PB 0x0000000758800000| Complete 
| 652|0x0000000758a00000, 0x0000000758c00000, 0x0000000758c00000|100%| E|CS|TAMS 0x0000000758a00000| PB 0x0000000758a00000| Complete 
| 653|0x0000000758c00000, 0x0000000758e00000, 0x0000000758e00000|100%| E|CS|TAMS 0x0000000758c00000| PB 0x0000000758c00000| Complete 
| 654|0x0000000758e00000, 0x0000000759000000, 0x0000000759000000|100%| E|CS|TAMS 0x0000000758e00000| PB 0x0000000758e00000| Complete 
| 655|0x0000000759000000, 0x0000000759200000, 0x0000000759200000|100%| E|CS|TAMS 0x0000000759000000| PB 0x0000000759000000| Complete 
| 656|0x0000000759200000, 0x0000000759400000, 0x0000000759400000|100%| E|CS|TAMS 0x0000000759200000| PB 0x0000000759200000| Complete 
| 657|0x0000000759400000, 0x0000000759600000, 0x0000000759600000|100%| E|CS|TAMS 0x0000000759400000| PB 0x0000000759400000| Complete 
| 658|0x0000000759600000, 0x0000000759800000, 0x0000000759800000|100%| E|  |TAMS 0x0000000759600000| PB 0x0000000759600000| Complete 
| 659|0x0000000759800000, 0x0000000759a00000, 0x0000000759a00000|100%| E|CS|TAMS 0x0000000759800000| PB 0x0000000759800000| Complete 
| 660|0x0000000759a00000, 0x0000000759c00000, 0x0000000759c00000|100%| E|CS|TAMS 0x0000000759a00000| PB 0x0000000759a00000| Complete 
| 661|0x0000000759c00000, 0x0000000759e00000, 0x0000000759e00000|100%| E|CS|TAMS 0x0000000759c00000| PB 0x0000000759c00000| Complete 
| 662|0x0000000759e00000, 0x000000075a000000, 0x000000075a000000|100%| E|CS|TAMS 0x0000000759e00000| PB 0x0000000759e00000| Complete 
| 663|0x000000075a000000, 0x000000075a200000, 0x000000075a200000|100%| E|CS|TAMS 0x000000075a000000| PB 0x000000075a000000| Complete 
| 664|0x000000075a200000, 0x000000075a400000, 0x000000075a400000|100%| E|CS|TAMS 0x000000075a200000| PB 0x000000075a200000| Complete 
| 665|0x000000075a400000, 0x000000075a600000, 0x000000075a600000|100%| E|CS|TAMS 0x000000075a400000| PB 0x000000075a400000| Complete 
| 666|0x000000075a600000, 0x000000075a800000, 0x000000075a800000|100%| E|CS|TAMS 0x000000075a600000| PB 0x000000075a600000| Complete 
| 667|0x000000075a800000, 0x000000075aa00000, 0x000000075aa00000|100%| E|CS|TAMS 0x000000075a800000| PB 0x000000075a800000| Complete 
| 668|0x000000075aa00000, 0x000000075ac00000, 0x000000075ac00000|100%| E|CS|TAMS 0x000000075aa00000| PB 0x000000075aa00000| Complete 
| 669|0x000000075ac00000, 0x000000075ae00000, 0x000000075ae00000|100%| E|CS|TAMS 0x000000075ac00000| PB 0x000000075ac00000| Complete 
| 670|0x000000075ae00000, 0x000000075b000000, 0x000000075b000000|100%| E|CS|TAMS 0x000000075ae00000| PB 0x000000075ae00000| Complete 
| 671|0x000000075b000000, 0x000000075b200000, 0x000000075b200000|100%| E|CS|TAMS 0x000000075b000000| PB 0x000000075b000000| Complete 
| 672|0x000000075b200000, 0x000000075b400000, 0x000000075b400000|100%| E|CS|TAMS 0x000000075b200000| PB 0x000000075b200000| Complete 
| 673|0x000000075b400000, 0x000000075b600000, 0x000000075b600000|100%| E|CS|TAMS 0x000000075b400000| PB 0x000000075b400000| Complete 
| 674|0x000000075b600000, 0x000000075b800000, 0x000000075b800000|100%| E|CS|TAMS 0x000000075b600000| PB 0x000000075b600000| Complete 
| 675|0x000000075b800000, 0x000000075ba00000, 0x000000075ba00000|100%| E|CS|TAMS 0x000000075b800000| PB 0x000000075b800000| Complete 
| 676|0x000000075ba00000, 0x000000075bc00000, 0x000000075bc00000|100%| E|CS|TAMS 0x000000075ba00000| PB 0x000000075ba00000| Complete 
| 677|0x000000075bc00000, 0x000000075be00000, 0x000000075be00000|100%| E|CS|TAMS 0x000000075bc00000| PB 0x000000075bc00000| Complete 
| 678|0x000000075be00000, 0x000000075c000000, 0x000000075c000000|100%| E|CS|TAMS 0x000000075be00000| PB 0x000000075be00000| Complete 
| 679|0x000000075c000000, 0x000000075c200000, 0x000000075c200000|100%| E|CS|TAMS 0x000000075c000000| PB 0x000000075c000000| Complete 
| 680|0x000000075c200000, 0x000000075c400000, 0x000000075c400000|100%| E|CS|TAMS 0x000000075c200000| PB 0x000000075c200000| Complete 
| 681|0x000000075c400000, 0x000000075c600000, 0x000000075c600000|100%| E|CS|TAMS 0x000000075c400000| PB 0x000000075c400000| Complete 
| 682|0x000000075c600000, 0x000000075c800000, 0x000000075c800000|100%| E|CS|TAMS 0x000000075c600000| PB 0x000000075c600000| Complete 
| 683|0x000000075c800000, 0x000000075ca00000, 0x000000075ca00000|100%| E|CS|TAMS 0x000000075c800000| PB 0x000000075c800000| Complete 
| 684|0x000000075ca00000, 0x000000075cc00000, 0x000000075cc00000|100%| E|CS|TAMS 0x000000075ca00000| PB 0x000000075ca00000| Complete 
| 685|0x000000075cc00000, 0x000000075ce00000, 0x000000075ce00000|100%| E|CS|TAMS 0x000000075cc00000| PB 0x000000075cc00000| Complete 
| 686|0x000000075ce00000, 0x000000075d000000, 0x000000075d000000|100%| E|CS|TAMS 0x000000075ce00000| PB 0x000000075ce00000| Complete 
| 687|0x000000075d000000, 0x000000075d200000, 0x000000075d200000|100%| E|CS|TAMS 0x000000075d000000| PB 0x000000075d000000| Complete 
| 688|0x000000075d200000, 0x000000075d400000, 0x000000075d400000|100%| E|CS|TAMS 0x000000075d200000| PB 0x000000075d200000| Complete 
| 689|0x000000075d400000, 0x000000075d600000, 0x000000075d600000|100%| E|CS|TAMS 0x000000075d400000| PB 0x000000075d400000| Complete 
| 690|0x000000075d600000, 0x000000075d800000, 0x000000075d800000|100%| E|CS|TAMS 0x000000075d600000| PB 0x000000075d600000| Complete 
| 691|0x000000075d800000, 0x000000075da00000, 0x000000075da00000|100%| E|CS|TAMS 0x000000075d800000| PB 0x000000075d800000| Complete 
| 692|0x000000075da00000, 0x000000075dc00000, 0x000000075dc00000|100%| E|CS|TAMS 0x000000075da00000| PB 0x000000075da00000| Complete 
| 693|0x000000075dc00000, 0x000000075de00000, 0x000000075de00000|100%| E|CS|TAMS 0x000000075dc00000| PB 0x000000075dc00000| Complete 
| 694|0x000000075de00000, 0x000000075e000000, 0x000000075e000000|100%| E|CS|TAMS 0x000000075de00000| PB 0x000000075de00000| Complete 
| 695|0x000000075e000000, 0x000000075e200000, 0x000000075e200000|100%| E|CS|TAMS 0x000000075e000000| PB 0x000000075e000000| Complete 
| 696|0x000000075e200000, 0x000000075e400000, 0x000000075e400000|100%| E|CS|TAMS 0x000000075e200000| PB 0x000000075e200000| Complete 
| 697|0x000000075e400000, 0x000000075e600000, 0x000000075e600000|100%| E|CS|TAMS 0x000000075e400000| PB 0x000000075e400000| Complete 
| 698|0x000000075e600000, 0x000000075e800000, 0x000000075e800000|100%| E|CS|TAMS 0x000000075e600000| PB 0x000000075e600000| Complete 
| 699|0x000000075e800000, 0x000000075ea00000, 0x000000075ea00000|100%| E|CS|TAMS 0x000000075e800000| PB 0x000000075e800000| Complete 
| 700|0x000000075ea00000, 0x000000075ec00000, 0x000000075ec00000|100%| E|CS|TAMS 0x000000075ea00000| PB 0x000000075ea00000| Complete 
| 701|0x000000075ec00000, 0x000000075ee00000, 0x000000075ee00000|100%| E|CS|TAMS 0x000000075ec00000| PB 0x000000075ec00000| Complete 
| 702|0x000000075ee00000, 0x000000075f000000, 0x000000075f000000|100%| E|CS|TAMS 0x000000075ee00000| PB 0x000000075ee00000| Complete 
| 703|0x000000075f000000, 0x000000075f200000, 0x000000075f200000|100%| E|CS|TAMS 0x000000075f000000| PB 0x000000075f000000| Complete 
| 704|0x000000075f200000, 0x000000075f400000, 0x000000075f400000|100%| E|CS|TAMS 0x000000075f200000| PB 0x000000075f200000| Complete 
| 705|0x000000075f400000, 0x000000075f600000, 0x000000075f600000|100%| E|CS|TAMS 0x000000075f400000| PB 0x000000075f400000| Complete 
| 706|0x000000075f600000, 0x000000075f800000, 0x000000075f800000|100%| E|CS|TAMS 0x000000075f600000| PB 0x000000075f600000| Complete 
| 707|0x000000075f800000, 0x000000075fa00000, 0x000000075fa00000|100%| E|CS|TAMS 0x000000075f800000| PB 0x000000075f800000| Complete 
| 708|0x000000075fa00000, 0x000000075fc00000, 0x000000075fc00000|100%| E|CS|TAMS 0x000000075fa00000| PB 0x000000075fa00000| Complete 
| 709|0x000000075fc00000, 0x000000075fe00000, 0x000000075fe00000|100%| E|CS|TAMS 0x000000075fc00000| PB 0x000000075fc00000| Complete 
| 710|0x000000075fe00000, 0x0000000760000000, 0x0000000760000000|100%| E|CS|TAMS 0x000000075fe00000| PB 0x000000075fe00000| Complete 
| 711|0x0000000760000000, 0x0000000760200000, 0x0000000760200000|100%| E|CS|TAMS 0x0000000760000000| PB 0x0000000760000000| Complete 
| 712|0x0000000760200000, 0x0000000760400000, 0x0000000760400000|100%| E|CS|TAMS 0x0000000760200000| PB 0x0000000760200000| Complete 
| 713|0x0000000760400000, 0x0000000760600000, 0x0000000760600000|100%| E|CS|TAMS 0x0000000760400000| PB 0x0000000760400000| Complete 
| 714|0x0000000760600000, 0x0000000760800000, 0x0000000760800000|100%| E|CS|TAMS 0x0000000760600000| PB 0x0000000760600000| Complete 
| 715|0x0000000760800000, 0x0000000760a00000, 0x0000000760a00000|100%| E|CS|TAMS 0x0000000760800000| PB 0x0000000760800000| Complete 
| 716|0x0000000760a00000, 0x0000000760c00000, 0x0000000760c00000|100%| E|CS|TAMS 0x0000000760a00000| PB 0x0000000760a00000| Complete 
| 717|0x0000000760c00000, 0x0000000760e00000, 0x0000000760e00000|100%| E|CS|TAMS 0x0000000760c00000| PB 0x0000000760c00000| Complete 
| 718|0x0000000760e00000, 0x0000000761000000, 0x0000000761000000|100%| E|CS|TAMS 0x0000000760e00000| PB 0x0000000760e00000| Complete 
| 719|0x0000000761000000, 0x0000000761200000, 0x0000000761200000|100%| E|CS|TAMS 0x0000000761000000| PB 0x0000000761000000| Complete 
| 720|0x0000000761200000, 0x0000000761400000, 0x0000000761400000|100%| E|CS|TAMS 0x0000000761200000| PB 0x0000000761200000| Complete 
| 721|0x0000000761400000, 0x0000000761600000, 0x0000000761600000|100%| E|CS|TAMS 0x0000000761400000| PB 0x0000000761400000| Complete 
| 722|0x0000000761600000, 0x0000000761800000, 0x0000000761800000|100%| E|CS|TAMS 0x0000000761600000| PB 0x0000000761600000| Complete 
| 723|0x0000000761800000, 0x0000000761a00000, 0x0000000761a00000|100%| E|CS|TAMS 0x0000000761800000| PB 0x0000000761800000| Complete 
| 724|0x0000000761a00000, 0x0000000761c00000, 0x0000000761c00000|100%| E|CS|TAMS 0x0000000761a00000| PB 0x0000000761a00000| Complete 
| 725|0x0000000761c00000, 0x0000000761e00000, 0x0000000761e00000|100%| E|CS|TAMS 0x0000000761c00000| PB 0x0000000761c00000| Complete 
| 726|0x0000000761e00000, 0x0000000762000000, 0x0000000762000000|100%| E|CS|TAMS 0x0000000761e00000| PB 0x0000000761e00000| Complete 
| 727|0x0000000762000000, 0x0000000762200000, 0x0000000762200000|100%| E|CS|TAMS 0x0000000762000000| PB 0x0000000762000000| Complete 
| 728|0x0000000762200000, 0x0000000762400000, 0x0000000762400000|100%| E|CS|TAMS 0x0000000762200000| PB 0x0000000762200000| Complete 
| 729|0x0000000762400000, 0x0000000762600000, 0x0000000762600000|100%| E|CS|TAMS 0x0000000762400000| PB 0x0000000762400000| Complete 
| 730|0x0000000762600000, 0x0000000762800000, 0x0000000762800000|100%| E|CS|TAMS 0x0000000762600000| PB 0x0000000762600000| Complete 
| 731|0x0000000762800000, 0x0000000762a00000, 0x0000000762a00000|100%| E|CS|TAMS 0x0000000762800000| PB 0x0000000762800000| Complete 
| 732|0x0000000762a00000, 0x0000000762c00000, 0x0000000762c00000|100%| E|CS|TAMS 0x0000000762a00000| PB 0x0000000762a00000| Complete 
| 733|0x0000000762c00000, 0x0000000762e00000, 0x0000000762e00000|100%| E|CS|TAMS 0x0000000762c00000| PB 0x0000000762c00000| Complete 
| 734|0x0000000762e00000, 0x0000000763000000, 0x0000000763000000|100%| E|CS|TAMS 0x0000000762e00000| PB 0x0000000762e00000| Complete 
| 735|0x0000000763000000, 0x0000000763200000, 0x0000000763200000|100%| E|CS|TAMS 0x0000000763000000| PB 0x0000000763000000| Complete 
| 736|0x0000000763200000, 0x0000000763400000, 0x0000000763400000|100%| E|CS|TAMS 0x0000000763200000| PB 0x0000000763200000| Complete 
| 737|0x0000000763400000, 0x0000000763600000, 0x0000000763600000|100%| E|CS|TAMS 0x0000000763400000| PB 0x0000000763400000| Complete 
| 738|0x0000000763600000, 0x0000000763800000, 0x0000000763800000|100%| E|CS|TAMS 0x0000000763600000| PB 0x0000000763600000| Complete 
| 739|0x0000000763800000, 0x0000000763a00000, 0x0000000763a00000|100%| E|CS|TAMS 0x0000000763800000| PB 0x0000000763800000| Complete 
| 740|0x0000000763a00000, 0x0000000763c00000, 0x0000000763c00000|100%| E|CS|TAMS 0x0000000763a00000| PB 0x0000000763a00000| Complete 
| 741|0x0000000763c00000, 0x0000000763e00000, 0x0000000763e00000|100%| E|CS|TAMS 0x0000000763c00000| PB 0x0000000763c00000| Complete 
| 742|0x0000000763e00000, 0x0000000764000000, 0x0000000764000000|100%| E|CS|TAMS 0x0000000763e00000| PB 0x0000000763e00000| Complete 
| 743|0x0000000764000000, 0x0000000764200000, 0x0000000764200000|100%| E|CS|TAMS 0x0000000764000000| PB 0x0000000764000000| Complete 
| 744|0x0000000764200000, 0x0000000764400000, 0x0000000764400000|100%| E|CS|TAMS 0x0000000764200000| PB 0x0000000764200000| Complete 
| 745|0x0000000764400000, 0x0000000764600000, 0x0000000764600000|100%| E|CS|TAMS 0x0000000764400000| PB 0x0000000764400000| Complete 
| 746|0x0000000764600000, 0x0000000764800000, 0x0000000764800000|100%| E|CS|TAMS 0x0000000764600000| PB 0x0000000764600000| Complete 
| 747|0x0000000764800000, 0x0000000764a00000, 0x0000000764a00000|100%| E|CS|TAMS 0x0000000764800000| PB 0x0000000764800000| Complete 
| 748|0x0000000764a00000, 0x0000000764c00000, 0x0000000764c00000|100%| E|CS|TAMS 0x0000000764a00000| PB 0x0000000764a00000| Complete 
| 749|0x0000000764c00000, 0x0000000764e00000, 0x0000000764e00000|100%| E|CS|TAMS 0x0000000764c00000| PB 0x0000000764c00000| Complete 
| 750|0x0000000764e00000, 0x0000000765000000, 0x0000000765000000|100%| E|CS|TAMS 0x0000000764e00000| PB 0x0000000764e00000| Complete 
| 751|0x0000000765000000, 0x0000000765200000, 0x0000000765200000|100%| E|CS|TAMS 0x0000000765000000| PB 0x0000000765000000| Complete 
| 752|0x0000000765200000, 0x0000000765400000, 0x0000000765400000|100%| E|CS|TAMS 0x0000000765200000| PB 0x0000000765200000| Complete 
| 753|0x0000000765400000, 0x0000000765600000, 0x0000000765600000|100%| E|CS|TAMS 0x0000000765400000| PB 0x0000000765400000| Complete 
| 754|0x0000000765600000, 0x0000000765800000, 0x0000000765800000|100%| E|CS|TAMS 0x0000000765600000| PB 0x0000000765600000| Complete 
| 755|0x0000000765800000, 0x0000000765a00000, 0x0000000765a00000|100%| E|CS|TAMS 0x0000000765800000| PB 0x0000000765800000| Complete 
| 756|0x0000000765a00000, 0x0000000765c00000, 0x0000000765c00000|100%| E|CS|TAMS 0x0000000765a00000| PB 0x0000000765a00000| Complete 
| 757|0x0000000765c00000, 0x0000000765e00000, 0x0000000765e00000|100%| E|CS|TAMS 0x0000000765c00000| PB 0x0000000765c00000| Complete 
| 758|0x0000000765e00000, 0x0000000766000000, 0x0000000766000000|100%| E|CS|TAMS 0x0000000765e00000| PB 0x0000000765e00000| Complete 
| 773|0x0000000767c00000, 0x0000000767e00000, 0x0000000767e00000|100%| E|CS|TAMS 0x0000000767c00000| PB 0x0000000767c00000| Complete 
| 774|0x0000000767e00000, 0x0000000768000000, 0x0000000768000000|100%| E|CS|TAMS 0x0000000767e00000| PB 0x0000000767e00000| Complete 
|1972|0x00000007fda00000, 0x00000007fdc00000, 0x00000007fdc00000|100%| E|CS|TAMS 0x00000007fda00000| PB 0x00000007fda00000| Complete 
|1973|0x00000007fdc00000, 0x00000007fde00000, 0x00000007fde00000|100%| E|CS|TAMS 0x00000007fdc00000| PB 0x00000007fdc00000| Complete 
|1974|0x00000007fde00000, 0x00000007fe000000, 0x00000007fe000000|100%| O|  |TAMS 0x00000007fde00000| PB 0x00000007fde00000| Untracked 
|1975|0x00000007fe000000, 0x00000007fe200000, 0x00000007fe200000|100%| E|CS|TAMS 0x00000007fe000000| PB 0x00000007fe000000| Complete 
|1976|0x00000007fe200000, 0x00000007fe400000, 0x00000007fe400000|100%| O|  |TAMS 0x00000007fe200000| PB 0x00000007fe200000| Untracked 
|1977|0x00000007fe400000, 0x00000007fe600000, 0x00000007fe600000|100%| O|  |TAMS 0x00000007fe400000| PB 0x00000007fe400000| Untracked 
|1978|0x00000007fe600000, 0x00000007fe800000, 0x00000007fe800000|100%| O|  |TAMS 0x00000007fe600000| PB 0x00000007fe600000| Untracked 
|1979|0x00000007fe800000, 0x00000007fea00000, 0x00000007fea00000|100%| E|CS|TAMS 0x00000007fe800000| PB 0x00000007fe800000| Complete 
|1980|0x00000007fea00000, 0x00000007fec00000, 0x00000007fec00000|100%| E|CS|TAMS 0x00000007fea00000| PB 0x00000007fea00000| Complete 
|1981|0x00000007fec00000, 0x00000007fee00000, 0x00000007fee00000|100%| E|CS|TAMS 0x00000007fec00000| PB 0x00000007fec00000| Complete 
|1982|0x00000007fee00000, 0x00000007ff000000, 0x00000007ff000000|100%| E|CS|TAMS 0x00000007fee00000| PB 0x00000007fee00000| Complete 
|1983|0x00000007ff000000, 0x00000007ff200000, 0x00000007ff200000|100%| E|CS|TAMS 0x00000007ff000000| PB 0x00000007ff000000| Complete 
|1984|0x00000007ff200000, 0x00000007ff400000, 0x00000007ff400000|100%| O|  |TAMS 0x00000007ff200000| PB 0x00000007ff200000| Untracked 
|1985|0x00000007ff400000, 0x00000007ff600000, 0x00000007ff600000|100%| O|  |TAMS 0x00000007ff400000| PB 0x00000007ff400000| Untracked 
|1986|0x00000007ff600000, 0x00000007ff800000, 0x00000007ff800000|100%| E|CS|TAMS 0x00000007ff600000| PB 0x00000007ff600000| Complete 
|1987|0x00000007ff800000, 0x00000007ffa00000, 0x00000007ffa00000|100%| O|  |TAMS 0x00000007ff800000| PB 0x00000007ff800000| Untracked 
|1988|0x00000007ffa00000, 0x00000007ffc00000, 0x00000007ffc00000|100%| E|CS|TAMS 0x00000007ffa00000| PB 0x00000007ffa00000| Complete 
|1989|0x00000007ffc00000, 0x00000007ffe00000, 0x00000007ffe00000|100%| O|  |TAMS 0x00000007ffc00000| PB 0x00000007ffc00000| Untracked 
|1990|0x00000007ffe00000, 0x0000000800000000, 0x0000000800000000|100%| O|  |TAMS 0x00000007ffe00000| PB 0x00000007ffe00000| Untracked 

Card table byte_map: [0x00000184fe100000,0x00000184fe8d0000] _byte_map_base: 0x00000184fa8c7000

Marking Bits: (CMBitMap*) 0x00000184d8f18c60
 Bits: [0x0000018480000000, 0x0000018483e38000)

Polling page: 0x00000184d6ae0000

Metaspace:

Usage:
  Non-class:    355.24 MB used.
      Class:     46.07 MB used.
       Both:    401.31 MB used.

Virtual space:
  Non-class space:      384.00 MB reserved,     358.00 MB ( 93%) committed,  6 nodes.
      Class space:        1.00 GB reserved,      49.06 MB (  5%) committed,  1 nodes.
             Both:        1.38 GB reserved,     407.06 MB ( 29%) committed. 

Chunk freelists:
   Non-Class:  9.35 MB
       Class:  14.99 MB
        Both:  24.34 MB

MaxMetaspaceSize: unlimited
CompressedClassSpaceSize: 1.00 GB
Initial GC threshold: 21.00 MB
Current GC threshold: 678.56 MB
CDS: off
 - commit_granule_bytes: 65536.
 - commit_granule_words: 8192.
 - virtual_space_node_default_size: 8388608.
 - enlarge_chunks_in_place: 1.
 - use_allocation_guard: 0.


Internal statistics:

num_allocs_failed_limit: 53.
num_arena_births: 36192.
num_arena_deaths: 27238.
num_vsnodes_births: 7.
num_vsnodes_deaths: 0.
num_space_committed: 6927.
num_space_uncommitted: 218.
num_chunks_returned_to_freelist: 40910.
num_chunks_taken_from_freelist: 73888.
num_chunk_merges: 17572.
num_chunk_splits: 39609.
num_chunks_enlarged: 15420.
num_inconsistent_stats: 0.

CodeHeap 'non-profiled nmethods': size=259328Kb used=82299Kb max_used=82893Kb free=177028Kb
 bounds [0x00000184ed040000, 0x00000184f2190000, 0x00000184fcd80000]
CodeHeap 'profiled nmethods': size=259264Kb used=109962Kb max_used=116129Kb free=149302Kb
 bounds [0x00000184dcd80000, 0x00000184e3f80000, 0x00000184ecab0000]
CodeHeap 'non-nmethods': size=5696Kb used=4230Kb max_used=4270Kb free=1465Kb
 bounds [0x00000184ecab0000, 0x00000184ecf00000, 0x00000184ed040000]
 total_blobs=48113 nmethods=45920 adapters=2092
 compilation: enabled
              stopped_count=0, restarted_count=0
 full_count=0

Compilation events (20 events):
Event: 25195.727 Thread 0x000001848a0b0b10 nmethod 145792 0x00000184f1bb7290 code [0x00000184f1bb7420, 0x00000184f1bb74f0]
Event: 25195.728 Thread 0x000001848a0a39e0 nmethod 145789 0x00000184f1eab710 code [0x00000184f1eab8a0, 0x00000184f1eaba28]
Event: 25195.728 Thread 0x000001848a0a39e0 145790       4       com.intellij.codeHighlighting.TextEditorHighlightingPass::setCompletionPredecessorIds (15 bytes)
Event: 25195.728 Thread 0x000001848a0a39e0 nmethod 145790 0x00000184f1eab190 code [0x00000184f1eab320, 0x00000184f1eab4a8]
Event: 25200.979 Thread 0x000001848a0a39e0 145793   !   4       com.fasterxml.jackson.databind.ser.BeanSerializerFactory::createSerializer (231 bytes)
Event: 25200.979 Thread 0x000001848a0b0b10 145795       2       com.fasterxml.jackson.databind.cfg.SerializerFactoryConfig::serializers (12 bytes)
Event: 25200.980 Thread 0x000001848a0b0b10 nmethod 145795 0x00000184e17a4810 code [0x00000184e17a49a0, 0x00000184e17a4b60]
Event: 25200.980 Thread 0x000001848a0b0b10 145796       2       com.fasterxml.jackson.databind.ser.BeanSerializerFactory::_createSerializer2 (277 bytes)
Event: 25200.980 Thread 0x000001848a0b0b10 nmethod 145796 0x00000184e3cd4890 code [0x00000184e3cd4b00, 0x00000184e3cd5498]
Event: 25201.101 Thread 0x000001848a0a39e0 nmethod 145793 0x00000184f2174c90 code [0x00000184f2175560, 0x00000184f217b980]
Event: 25201.101 Thread 0x000001848a0a39e0 145794       4       com.fasterxml.jackson.databind.ser.BeanSerializerFactory::customSerializers (8 bytes)
Event: 25201.102 Thread 0x000001848a0a39e0 nmethod 145794 0x00000184f1cd6390 code [0x00000184f1cd6520, 0x00000184f1cd6638]
Event: 25212.735 Thread 0x000001848a0b0b10 145797       3       com.intellij.util.indexing.diagnostic.IndexLookupTimingsReporting$IndexOperationFusCollector$LookupTraceBase::mustBeStarted (40 bytes)
Event: 25212.736 Thread 0x000001848a0b0b10 nmethod 145797 0x00000184e0980510 code [0x00000184e09806e0, 0x00000184e0980aa0]
Event: 25214.994 Thread 0x000001848a0a39e0 145798   !   4       com.intellij.util.io.PersistentMapImpl::force (95 bytes)
Event: 25215.001 Thread 0x000001848a0a39e0 nmethod 145798 0x00000184f1b2ea10 code [0x00000184f1b2ed60, 0x00000184f1b2fc68]
Event: 25219.437 Thread 0x000001848a0a39e0 145799       4       kotlinx.coroutines.selects.SelectImplementation$ClauseData::dispose (72 bytes)
Event: 25219.444 Thread 0x000001848a0a39e0 nmethod 145799 0x00000184f0189c10 code [0x00000184f0189e80, 0x00000184f018a988]
Event: 25256.724 Thread 0x000001848a0b0b10 145800       3       sun.java2d.pipe.Region::isEmpty (28 bytes)
Event: 25256.725 Thread 0x000001848a0b0b10 nmethod 145800 0x00000184e1885690 code [0x00000184e1885820, 0x00000184e18859c8]

GC Heap History (20 events):
Event: 24569.766 GC heap before
{Heap before GC invocations=1039 (full 0):
 garbage-first heap   total 1597440K, used 1554268K [0x0000000707200000, 0x0000000800000000)
  region size 2048K, 468 young (958464K), 13 survivors (26624K)
 Metaspace       used 410940K, committed 416832K, reserved 1441792K
  class space    used 47223K, committed 50240K, reserved 1048576K
}
Event: 24569.772 GC heap after
{Heap after GC invocations=1040 (full 0):
 garbage-first heap   total 1597440K, used 608401K [0x0000000707200000, 0x0000000800000000)
  region size 2048K, 15 young (30720K), 15 survivors (30720K)
 Metaspace       used 410940K, committed 416832K, reserved 1441792K
  class space    used 47223K, committed 50240K, reserved 1048576K
}
Event: 24585.272 GC heap before
{Heap before GC invocations=1040 (full 0):
 garbage-first heap   total 1597440K, used 1534097K [0x0000000707200000, 0x0000000800000000)
  region size 2048K, 443 young (907264K), 15 survivors (30720K)
 Metaspace       used 410999K, committed 416896K, reserved 1441792K
  class space    used 47226K, committed 50240K, reserved 1048576K
}
Event: 24585.281 GC heap after
{Heap after GC invocations=1041 (full 0):
 garbage-first heap   total 1597440K, used 533054K [0x0000000707200000, 0x0000000800000000)
  region size 2048K, 17 young (34816K), 17 survivors (34816K)
 Metaspace       used 410999K, committed 416896K, reserved 1441792K
  class space    used 47226K, committed 50240K, reserved 1048576K
}
Event: 24586.241 GC heap before
{Heap before GC invocations=1041 (full 0):
 garbage-first heap   total 1597440K, used 631358K [0x0000000707200000, 0x0000000800000000)
  region size 2048K, 66 young (135168K), 17 survivors (34816K)
 Metaspace       used 410999K, committed 416896K, reserved 1441792K
  class space    used 47226K, committed 50240K, reserved 1048576K
}
Event: 24586.246 GC heap after
{Heap after GC invocations=1042 (full 0):
 garbage-first heap   total 1597440K, used 478041K [0x0000000707200000, 0x0000000800000000)
  region size 2048K, 13 young (26624K), 13 survivors (26624K)
 Metaspace       used 410999K, committed 416896K, reserved 1441792K
  class space    used 47226K, committed 50240K, reserved 1048576K
}
Event: 24596.956 GC heap before
{Heap before GC invocations=1043 (full 0):
 garbage-first heap   total 1597440K, used 1426265K [0x0000000707200000, 0x0000000800000000)
  region size 2048K, 468 young (958464K), 13 survivors (26624K)
 Metaspace       used 410992K, committed 416896K, reserved 1441792K
  class space    used 47224K, committed 50240K, reserved 1048576K
}
Event: 24596.963 GC heap after
{Heap after GC invocations=1044 (full 0):
 garbage-first heap   total 1597440K, used 505834K [0x0000000707200000, 0x0000000800000000)
  region size 2048K, 19 young (38912K), 19 survivors (38912K)
 Metaspace       used 410992K, committed 416896K, reserved 1441792K
  class space    used 47224K, committed 50240K, reserved 1048576K
}
Event: 24608.458 GC heap before
{Heap before GC invocations=1044 (full 0):
 garbage-first heap   total 1597440K, used 1435626K [0x0000000707200000, 0x0000000800000000)
  region size 2048K, 468 young (958464K), 19 survivors (38912K)
 Metaspace       used 411015K, committed 416896K, reserved 1441792K
  class space    used 47224K, committed 50240K, reserved 1048576K
}
Event: 24608.466 GC heap after
{Heap after GC invocations=1045 (full 0):
 garbage-first heap   total 1597440K, used 492740K [0x0000000707200000, 0x0000000800000000)
  region size 2048K, 16 young (32768K), 16 survivors (32768K)
 Metaspace       used 411015K, committed 416896K, reserved 1441792K
  class space    used 47224K, committed 50240K, reserved 1048576K
}
Event: 24609.313 GC heap before
{Heap before GC invocations=1045 (full 0):
 garbage-first heap   total 1597440K, used 519364K [0x0000000707200000, 0x0000000800000000)
  region size 2048K, 30 young (61440K), 16 survivors (32768K)
 Metaspace       used 411015K, committed 416896K, reserved 1441792K
  class space    used 47224K, committed 50240K, reserved 1048576K
}
Event: 24609.318 GC heap after
{Heap after GC invocations=1046 (full 0):
 garbage-first heap   total 1597440K, used 480970K [0x0000000707200000, 0x0000000800000000)
  region size 2048K, 15 young (30720K), 15 survivors (30720K)
 Metaspace       used 411015K, committed 416896K, reserved 1441792K
  class space    used 47224K, committed 50240K, reserved 1048576K
}
Event: 24628.011 GC heap before
{Heap before GC invocations=1047 (full 0):
 garbage-first heap   total 1597440K, used 1326794K [0x0000000707200000, 0x0000000800000000)
  region size 2048K, 422 young (864256K), 15 survivors (30720K)
 Metaspace       used 410914K, committed 416896K, reserved 1441792K
  class space    used 47189K, committed 50240K, reserved 1048576K
}
Event: 24628.020 GC heap after
{Heap after GC invocations=1048 (full 0):
 garbage-first heap   total 1597440K, used 507901K [0x0000000707200000, 0x0000000800000000)
  region size 2048K, 21 young (43008K), 21 survivors (43008K)
 Metaspace       used 410914K, committed 416896K, reserved 1441792K
  class space    used 47189K, committed 50240K, reserved 1048576K
}
Event: 24655.089 GC heap before
{Heap before GC invocations=1048 (full 0):
 garbage-first heap   total 1597440K, used 1409021K [0x0000000707200000, 0x0000000800000000)
  region size 2048K, 435 young (890880K), 21 survivors (43008K)
 Metaspace       used 410939K, committed 416896K, reserved 1441792K
  class space    used 47189K, committed 50240K, reserved 1048576K
}
Event: 24655.097 GC heap after
{Heap after GC invocations=1049 (full 0):
 garbage-first heap   total 1597440K, used 534852K [0x0000000707200000, 0x0000000800000000)
  region size 2048K, 11 young (22528K), 11 survivors (22528K)
 Metaspace       used 410939K, committed 416896K, reserved 1441792K
  class space    used 47189K, committed 50240K, reserved 1048576K
}
Event: 24710.025 GC heap before
{Heap before GC invocations=1049 (full 0):
 garbage-first heap   total 1597440K, used 643396K [0x0000000707200000, 0x0000000800000000)
  region size 2048K, 65 young (133120K), 11 survivors (22528K)
 Metaspace       used 410939K, committed 416896K, reserved 1441792K
  class space    used 47189K, committed 50240K, reserved 1048576K
}
Event: 24710.029 GC heap after
{Heap after GC invocations=1050 (full 0):
 garbage-first heap   total 1597440K, used 476819K [0x0000000707200000, 0x0000000800000000)
  region size 2048K, 8 young (16384K), 8 survivors (16384K)
 Metaspace       used 410939K, committed 416896K, reserved 1441792K
  class space    used 47189K, committed 50240K, reserved 1048576K
}
Event: 25112.266 GC heap before
{Heap before GC invocations=1051 (full 0):
 garbage-first heap   total 1597440K, used 1445523K [0x0000000707200000, 0x0000000800000000)
  region size 2048K, 468 young (958464K), 8 survivors (16384K)
 Metaspace       used 410139K, committed 416064K, reserved 1441792K
  class space    used 47058K, committed 50176K, reserved 1048576K
}
Event: 25112.271 GC heap after
{Heap after GC invocations=1052 (full 0):
 garbage-first heap   total 1597440K, used 487261K [0x0000000707200000, 0x0000000800000000)
  region size 2048K, 9 young (18432K), 9 survivors (18432K)
 Metaspace       used 410139K, committed 416064K, reserved 1441792K
  class space    used 47058K, committed 50176K, reserved 1048576K
}

Dll operation events (3 events):
Event: 0.007 Loaded shared library C:\Program Files\JetBrains\JetBrains Rider 2024.2.6\jbr\bin\java.dll
Event: 0.010 Loaded shared library C:\Program Files\JetBrains\JetBrains Rider 2024.2.6\jbr\bin\zip.dll
Event: 0.265 Loaded shared library C:\Program Files\JetBrains\JetBrains Rider 2024.2.6\jbr\bin\verify.dll

Deoptimization events (20 events):
Event: 25131.182 Thread 0x000001858af8c6f0 Uncommon trap: trap_request=0xffffff45 fr.pc=0x00000184ef61022c relative=0x0000000000000c8c
Event: 25131.182 Thread 0x000001858af8c6f0 Uncommon trap: reason=unstable_if action=reinterpret pc=0x00000184ef61022c method=com.intellij.openapi.project.DumbService.filterByDumbAwareness(Ljava/util/Collection;)Ljava/util/List; @ 10 c2
Event: 25131.182 Thread 0x000001858af8c6f0 DEOPT PACKING pc=0x00000184ef61022c sp=0x000000133cafec10
Event: 25131.182 Thread 0x000001858af8c6f0 DEOPT UNPACKING pc=0x00000184ecb07da2 sp=0x000000133cafeb28 mode 2
Event: 25131.183 Thread 0x000001858af8c6f0 Uncommon trap: trap_request=0xffffff45 fr.pc=0x00000184f03e563c relative=0x00000000000072dc
Event: 25131.183 Thread 0x000001858af8c6f0 Uncommon trap: reason=unstable_if action=reinterpret pc=0x00000184f03e563c method=com.intellij.codeInsight.daemon.impl.ShowIntentionsPass.getRegisteredIntentionActions(Lcom/intellij/openapi/editor/Editor;Lcom/intellij/psi/PsiFile;Lcom/intellij/codeInsight
Event: 25131.183 Thread 0x000001858af8c6f0 DEOPT PACKING pc=0x00000184f03e563c sp=0x000000133cafeed0
Event: 25131.183 Thread 0x000001858af8c6f0 DEOPT UNPACKING pc=0x00000184ecb07da2 sp=0x000000133cafeef8 mode 2
Event: 25131.243 Thread 0x000001858af8cd80 Uncommon trap: trap_request=0xffffff45 fr.pc=0x00000184f11e49f8 relative=0x0000000000005c58
Event: 25131.243 Thread 0x000001858af8cd80 Uncommon trap: reason=unstable_if action=reinterpret pc=0x00000184f11e49f8 method=com.intellij.codeInsight.daemon.impl.TrafficLightRenderer.getStatus()Lcom/intellij/openapi/editor/markup/AnalyzerStatus; @ 268 c2
Event: 25131.243 Thread 0x000001858af8cd80 DEOPT PACKING pc=0x00000184f11e49f8 sp=0x00000013404fe980
Event: 25131.243 Thread 0x000001858af8cd80 DEOPT UNPACKING pc=0x00000184ecb07da2 sp=0x00000013404fe940 mode 2
Event: 25256.725 Thread 0x00000184b455ece0 Uncommon trap: trap_request=0xffffffde fr.pc=0x00000184eee9881c relative=0x000000000000025c
Event: 25256.725 Thread 0x00000184b455ece0 Uncommon trap: reason=class_check action=maybe_recompile pc=0x00000184eee9881c method=java.awt.Container.getAlignmentX()F @ 21 c2
Event: 25256.725 Thread 0x00000184b455ece0 DEOPT PACKING pc=0x00000184eee9881c sp=0x000000133c1fe5d0
Event: 25256.725 Thread 0x00000184b455ece0 DEOPT UNPACKING pc=0x00000184ecb07da2 sp=0x000000133c1fe4f8 mode 2
Event: 25256.725 Thread 0x00000184b455ece0 Uncommon trap: trap_request=0xffffffde fr.pc=0x00000184ed9c0e34 relative=0x0000000000000274
Event: 25256.725 Thread 0x00000184b455ece0 Uncommon trap: reason=class_check action=maybe_recompile pc=0x00000184ed9c0e34 method=java.awt.Container.getAlignmentY()F @ 21 c2
Event: 25256.725 Thread 0x00000184b455ece0 DEOPT PACKING pc=0x00000184ed9c0e34 sp=0x000000133c1fe5d0
Event: 25256.725 Thread 0x00000184b455ece0 DEOPT UNPACKING pc=0x00000184ecb07da2 sp=0x000000133c1fe4f8 mode 2

Classes loaded (20 events):
Event: 25118.074 Loading class kotlin/jvm/functions/Function1
Event: 25118.074 Loading class kotlin/jvm/functions/Function1 done
Event: 25118.075 Loading class com/intellij/openapi/project/impl/ProjectLifecycleListener
Event: 25118.075 Loading class com/intellij/openapi/project/impl/ProjectLifecycleListener done
Event: 25118.076 Loading class com/jetbrains/rider/projectView/RiderSolutionEventsTracker
Event: 25118.076 Loading class com/jetbrains/rider/projectView/RiderSolutionEventsTracker done
Event: 25118.077 Loading class com/intellij/openapi/wm/impl/welcomeScreen/WelcomeFrame$Companion$prepareToShow$1
Event: 25118.077 Loading class com/intellij/openapi/wm/impl/welcomeScreen/WelcomeFrame$Companion$prepareToShow$1 done
Event: 25118.078 Loading class com/intellij/openapi/wm/impl/welcomeScreen/WelcomeFrame$Companion$showIfNoProjectOpened$1
Event: 25118.078 Loading class com/intellij/openapi/wm/impl/welcomeScreen/WelcomeFrame$Companion$showIfNoProjectOpened$1 done
Event: 25118.086 Loading class com/intellij/openapi/wm/impl/welcomeScreen/WelcomeFrame$Companion$showIfNoProjectOpened$1$1
Event: 25118.086 Loading class com/intellij/openapi/wm/impl/welcomeScreen/WelcomeFrame$Companion$showIfNoProjectOpened$1$1 done
Event: 25118.346 Loading class com/jetbrains/rd/framework/impl/EndpointWiredRdTask$onWireReceived$2$1
Event: 25118.346 Loading class com/jetbrains/rd/framework/impl/EndpointWiredRdTask$onWireReceived$2$1 done
Event: 25118.597 Loading class com/jetbrains/rd/framework/SocketWire$Base$2$3
Event: 25118.597 Loading class com/jetbrains/rd/framework/SocketWire$Base$2$3 done
Event: 25119.341 Loading class kotlin/jvm/functions/Function0
Event: 25119.341 Loading class kotlin/jvm/functions/Function0 done
Event: 25119.341 Loading class kotlin/jvm/functions/Function0
Event: 25119.341 Loading class kotlin/jvm/functions/Function0 done

Classes unloaded (20 events):
Event: 24710.161 Thread 0x000001848a0080c0 Unloading class 0x00000008030ba000 'java/lang/invoke/LambdaForm$MH+0x00000008030ba000'
Event: 24710.161 Thread 0x000001848a0080c0 Unloading class 0x0000000802f05c00 'java/lang/invoke/LambdaForm$MH+0x0000000802f05c00'
Event: 24710.161 Thread 0x000001848a0080c0 Unloading class 0x0000000802f05800 'java/lang/invoke/LambdaForm$MH+0x0000000802f05800'
Event: 24710.161 Thread 0x000001848a0080c0 Unloading class 0x0000000802f86400 'java/lang/invoke/LambdaForm$MH+0x0000000802f86400'
Event: 24710.161 Thread 0x000001848a0080c0 Unloading class 0x0000000802f86000 'java/lang/invoke/LambdaForm$MH+0x0000000802f86000'
Event: 24710.161 Thread 0x000001848a0080c0 Unloading class 0x00000008030d9c00 'java/lang/invoke/LambdaForm$MH+0x00000008030d9c00'
Event: 24710.161 Thread 0x000001848a0080c0 Unloading class 0x00000008030d9800 'java/lang/invoke/LambdaForm$MH+0x00000008030d9800'
Event: 24710.161 Thread 0x000001848a0080c0 Unloading class 0x0000000803040400 'java/lang/invoke/LambdaForm$MH+0x0000000803040400'
Event: 24710.161 Thread 0x000001848a0080c0 Unloading class 0x0000000803040000 'java/lang/invoke/LambdaForm$MH+0x0000000803040000'
Event: 24710.161 Thread 0x000001848a0080c0 Unloading class 0x00000008030d9400 'java/lang/invoke/LambdaForm$MH+0x00000008030d9400'
Event: 24710.161 Thread 0x000001848a0080c0 Unloading class 0x0000000802fc2000 'java/lang/invoke/LambdaForm$MH+0x0000000802fc2000'
Event: 24710.161 Thread 0x000001848a0080c0 Unloading class 0x0000000802e5a800 'java/lang/invoke/LambdaForm$MH+0x0000000802e5a800'
Event: 24710.161 Thread 0x000001848a0080c0 Unloading class 0x00000008030a7400 'java/lang/invoke/LambdaForm$MH+0x00000008030a7400'
Event: 24710.161 Thread 0x000001848a0080c0 Unloading class 0x00000008023a8800 'java/lang/invoke/LambdaForm$MH+0x00000008023a8800'
Event: 24710.161 Thread 0x000001848a0080c0 Unloading class 0x0000000802ffc400 'java/lang/invoke/LambdaForm$MH+0x0000000802ffc400'
Event: 24710.161 Thread 0x000001848a0080c0 Unloading class 0x0000000802e8ec00 'java/lang/invoke/LambdaForm$MH+0x0000000802e8ec00'
Event: 24710.161 Thread 0x000001848a0080c0 Unloading class 0x0000000802e87c00 'java/lang/invoke/LambdaForm$MH+0x0000000802e87c00'
Event: 24710.161 Thread 0x000001848a0080c0 Unloading class 0x0000000802fdbc00 'java/lang/invoke/LambdaForm$MH+0x0000000802fdbc00'
Event: 24710.161 Thread 0x000001848a0080c0 Unloading class 0x0000000803040800 'java/lang/invoke/LambdaForm$MH+0x0000000803040800'
Event: 24710.161 Thread 0x000001848a0080c0 Unloading class 0x00000008030cd800 'java/lang/invoke/LambdaForm$MH+0x00000008030cd800'

Classes redefined (4 events):
Event: 0.205 Thread 0x000001848a0080c0 redefined class name=java.math.BigInteger, count=1
Event: 0.210 Thread 0x000001848a0080c0 redefined class name=java.net.InetAddress, count=1
Event: 0.213 Thread 0x000001848a0080c0 redefined class name=sun.management.VMManagementImpl, count=1
Event: 0.223 Thread 0x000001848a0080c0 redefined class name=java.lang.Class, count=1

Internal exceptions (20 events):
Event: 25238.370 Thread 0x0000018582b15a20 Exception <a 'sun/nio/fs/WindowsException'{0x000000074750c298}> (0x000000074750c298) 
thrown [s\src\hotspot\share\prims\jni.cpp, line 535]
Event: 25238.371 Thread 0x0000018582b15a20 Exception <a 'sun/nio/fs/WindowsException'{0x000000074750dde0}> (0x000000074750dde0) 
thrown [s\src\hotspot\share\prims\jni.cpp, line 535]
Event: 25238.371 Thread 0x0000018582b15a20 Exception <a 'sun/nio/fs/WindowsException'{0x000000074750e6b8}> (0x000000074750e6b8) 
thrown [s\src\hotspot\share\prims\jni.cpp, line 535]
Event: 25238.371 Thread 0x0000018582b15a20 Exception <a 'sun/nio/fs/WindowsException'{0x000000074750f3a0}> (0x000000074750f3a0) 
thrown [s\src\hotspot\share\prims\jni.cpp, line 535]
Event: 25238.371 Thread 0x0000018582b15a20 Exception <a 'sun/nio/fs/WindowsException'{0x000000074750fcb8}> (0x000000074750fcb8) 
thrown [s\src\hotspot\share\prims\jni.cpp, line 535]
Event: 25238.372 Thread 0x0000018582b15a20 Exception <a 'sun/nio/fs/WindowsException'{0x0000000747511550}> (0x0000000747511550) 
thrown [s\src\hotspot\share\prims\jni.cpp, line 535]
Event: 25238.372 Thread 0x0000018582b15a20 Exception <a 'sun/nio/fs/WindowsException'{0x0000000747511e38}> (0x0000000747511e38) 
thrown [s\src\hotspot\share\prims\jni.cpp, line 535]
Event: 25238.372 Thread 0x0000018582b15a20 Exception <a 'sun/nio/fs/WindowsException'{0x0000000747512b28}> (0x0000000747512b28) 
thrown [s\src\hotspot\share\prims\jni.cpp, line 535]
Event: 25238.372 Thread 0x0000018582b15a20 Exception <a 'sun/nio/fs/WindowsException'{0x0000000747513448}> (0x0000000747513448) 
thrown [s\src\hotspot\share\prims\jni.cpp, line 535]
Event: 25238.372 Thread 0x0000018582b15a20 Exception <a 'sun/nio/fs/WindowsException'{0x0000000747514d18}> (0x0000000747514d18) 
thrown [s\src\hotspot\share\prims\jni.cpp, line 535]
Event: 25238.373 Thread 0x0000018582b15a20 Exception <a 'sun/nio/fs/WindowsException'{0x0000000747515a10}> (0x0000000747515a10) 
thrown [s\src\hotspot\share\prims\jni.cpp, line 535]
Event: 25238.373 Thread 0x0000018582b15a20 Exception <a 'sun/nio/fs/WindowsException'{0x00000007475175a0}> (0x00000007475175a0) 
thrown [s\src\hotspot\share\prims\jni.cpp, line 535]
Event: 25238.373 Thread 0x0000018582b15a20 Exception <a 'sun/nio/fs/WindowsException'{0x0000000747517ec8}> (0x0000000747517ec8) 
thrown [s\src\hotspot\share\prims\jni.cpp, line 535]
Event: 25238.373 Thread 0x0000018582b15a20 Exception <a 'sun/nio/fs/WindowsException'{0x0000000747518bd0}> (0x0000000747518bd0) 
thrown [s\src\hotspot\share\prims\jni.cpp, line 535]
Event: 25238.373 Thread 0x0000018582b15a20 Exception <a 'sun/nio/fs/WindowsException'{0x0000000747519538}> (0x0000000747519538) 
thrown [s\src\hotspot\share\prims\jni.cpp, line 535]
Event: 25238.373 Thread 0x0000018582b15a20 Exception <a 'sun/nio/fs/WindowsException'{0x000000074751ae80}> (0x000000074751ae80) 
thrown [s\src\hotspot\share\prims\jni.cpp, line 535]
Event: 25238.374 Thread 0x0000018582b15a20 Exception <a 'sun/nio/fs/WindowsException'{0x000000074751b730}> (0x000000074751b730) 
thrown [s\src\hotspot\share\prims\jni.cpp, line 535]
Event: 25238.374 Thread 0x0000018582b15a20 Exception <a 'sun/nio/fs/WindowsException'{0x000000074751c408}> (0x000000074751c408) 
thrown [s\src\hotspot\share\prims\jni.cpp, line 535]
Event: 25238.374 Thread 0x0000018582b15a20 Exception <a 'sun/nio/fs/WindowsException'{0x000000074751ccf8}> (0x000000074751ccf8) 
thrown [s\src\hotspot\share\prims\jni.cpp, line 535]
Event: 25238.374 Thread 0x0000018582b15a20 Exception <a 'sun/nio/fs/WindowsException'{0x00000007475203f0}> (0x00000007475203f0) 
thrown [s\src\hotspot\share\prims\jni.cpp, line 535]

ZGC Phase Switch (0 events):
No events

VM Operations (20 events):
Event: 25181.499 Executing VM operation: Cleanup
Event: 25181.499 Executing VM operation: Cleanup done
Event: 25182.509 Executing VM operation: Cleanup
Event: 25182.509 Executing VM operation: Cleanup done
Event: 25185.543 Executing VM operation: Cleanup
Event: 25185.543 Executing VM operation: Cleanup done
Event: 25193.082 Executing VM operation: HandshakeAllThreads (HandshakeForDeflation)
Event: 25193.082 Executing VM operation: HandshakeAllThreads (HandshakeForDeflation) done
Event: 25193.082 Executing VM operation: Cleanup
Event: 25193.082 Executing VM operation: Cleanup done
Event: 25193.082 Executing VM operation: RendezvousGCThreads
Event: 25193.082 Executing VM operation: RendezvousGCThreads done
Event: 25201.161 Executing VM operation: Cleanup
Event: 25201.161 Executing VM operation: Cleanup done
Event: 25209.233 Executing VM operation: Cleanup
Event: 25209.233 Executing VM operation: Cleanup done
Event: 25253.111 Executing VM operation: HandshakeAllThreads (HandshakeForDeflation)
Event: 25253.111 Executing VM operation: HandshakeAllThreads (HandshakeForDeflation) done
Event: 25253.111 Executing VM operation: RendezvousGCThreads
Event: 25253.111 Executing VM operation: RendezvousGCThreads done

Memory protections (0 events):
No events

Nmethod flushes (20 events):
Event: 24710.183 Thread 0x000001848a0080c0 flushing  nmethod 0x00000184e3b53090
Event: 24710.183 Thread 0x000001848a0080c0 flushing  nmethod 0x00000184e3b54010
Event: 24710.183 Thread 0x000001848a0080c0 flushing  nmethod 0x00000184dd741710
Event: 24710.183 Thread 0x000001848a0080c0 flushing  nmethod 0x00000184dd9a9b90
Event: 24710.183 Thread 0x000001848a0080c0 flushing  nmethod 0x00000184dda83d90
Event: 24710.183 Thread 0x000001848a0080c0 flushing  nmethod 0x00000184ded88910
Event: 24710.183 Thread 0x000001848a0080c0 flushing  nmethod 0x00000184df603e10
Event: 24710.183 Thread 0x000001848a0080c0 flushing  nmethod 0x00000184dfe67b10
Event: 24710.183 Thread 0x000001848a0080c0 flushing  nmethod 0x00000184e1093710
Event: 24710.183 Thread 0x000001848a0080c0 flushing  nmethod 0x00000184e2303890
Event: 24710.183 Thread 0x000001848a0080c0 flushing  nmethod 0x00000184de1d4990
Event: 24710.183 Thread 0x000001848a0080c0 flushing  nmethod 0x00000184de6c6810
Event: 24710.183 Thread 0x000001848a0080c0 flushing  nmethod 0x00000184df50de10
Event: 24710.183 Thread 0x000001848a0080c0 flushing  nmethod 0x00000184df87f090
Event: 24710.183 Thread 0x000001848a0080c0 flushing  nmethod 0x00000184dfce5e90
Event: 24710.183 Thread 0x000001848a0080c0 flushing  nmethod 0x00000184e0de4390
Event: 24710.183 Thread 0x000001848a0080c0 flushing  nmethod 0x00000184e1ab8b90
Event: 24710.183 Thread 0x000001848a0080c0 flushing  nmethod 0x00000184e2230690
Event: 24710.183 Thread 0x000001848a0080c0 flushing  nmethod 0x00000184e38ce010
Event: 24710.183 Thread 0x000001848a0080c0 flushing  nmethod 0x00000184e3ba8010

Events (20 events):
Event: 25178.063 Thread 0x000001857ef1f3a0 Thread exited: 0x000001857ef1f3a0
Event: 25178.063 Thread 0x00000185677ea110 Thread exited: 0x00000185677ea110
Event: 25178.063 Thread 0x00000185677e6600 Thread exited: 0x00000185677e6600
Event: 25178.170 Thread 0x000001858af8daa0 Thread exited: 0x000001858af8daa0
Event: 25180.542 Thread 0x0000018585074670 Thread added: 0x0000018583a88af0
Event: 25180.542 Thread 0x0000018583a88af0 Thread exited: 0x0000018583a88af0
Event: 25180.581 Thread 0x0000018585074670 Thread added: 0x0000018583a870b0
Event: 25180.687 Thread 0x0000018585074670 Thread added: 0x0000018583a4ab40
Event: 25180.687 Thread 0x0000018583a4ab40 Thread exited: 0x0000018583a4ab40
Event: 25195.615 Thread 0x0000018583a870b0 Thread exited: 0x0000018583a870b0
Event: 25240.411 Thread 0x0000018585230ad0 Thread exited: 0x0000018585230ad0
Event: 25240.426 Thread 0x00000185677e4530 Thread exited: 0x00000185677e4530
Event: 25240.426 Thread 0x00000185677eb4c0 Thread exited: 0x00000185677eb4c0
Event: 25240.426 Thread 0x0000018584668a80 Thread exited: 0x0000018584668a80
Event: 25240.955 Thread 0x000001848a4ce170 Thread exited: 0x000001848a4ce170
Event: 25255.732 Thread 0x000001858af8c6f0 Thread exited: 0x000001858af8c6f0
Event: 25255.984 Thread 0x00000185677e86d0 Thread exited: 0x00000185677e86d0
Event: 25255.984 Thread 0x00000185677e8d60 Thread exited: 0x00000185677e8d60
Event: 25255.984 Thread 0x000001857d38b960 Thread exited: 0x000001857d38b960
Event: 25256.108 Thread 0x0000018583276600 Thread exited: 0x0000018583276600


Dynamic libraries:
0x00007ff609c00000 - 0x00007ff609d6f000 	C:\Program Files\JetBrains\JetBrains Rider 2024.2.6\bin\rider64.exe
0x00007ff9a60b0000 - 0x00007ff9a62c7000 	C:\Windows\SYSTEM32\ntdll.dll
0x00007ff9a5200000 - 0x00007ff9a52c4000 	C:\Windows\System32\KERNEL32.DLL
0x00007ff9a33b0000 - 0x00007ff9a3783000 	C:\Windows\System32\KERNELBASE.dll
0x00007ff9a5f00000 - 0x00007ff9a5fb1000 	C:\Windows\System32\ADVAPI32.dll
0x00007ff9a5c10000 - 0x00007ff9a5cb7000 	C:\Windows\System32\msvcrt.dll
0x00007ff9a5fc0000 - 0x00007ff9a6068000 	C:\Windows\System32\sechost.dll
0x00007ff9a31c0000 - 0x00007ff9a31e8000 	C:\Windows\System32\bcrypt.dll
0x00007ff9a56e0000 - 0x00007ff9a57f4000 	C:\Windows\System32\RPCRT4.dll
0x00007ff9a59e0000 - 0x00007ff9a5ab7000 	C:\Windows\System32\OLEAUT32.dll
0x00007ff9a3a20000 - 0x00007ff9a3aba000 	C:\Windows\System32\msvcp_win.dll
0x00007ff9a3900000 - 0x00007ff9a3a11000 	C:\Windows\System32\ucrtbase.dll
0x00007ff9a4540000 - 0x00007ff9a48d2000 	C:\Windows\System32\combase.dll
0x00007ff9a4960000 - 0x00007ff9a51f6000 	C:\Windows\System32\SHELL32.dll
0x00007ff9a5520000 - 0x00007ff9a56d1000 	C:\Windows\System32\USER32.dll
0x00007ff99b6e0000 - 0x00007ff99b912000 	C:\Windows\SYSTEM32\dbghelp.dll
0x00007ff9a3ac0000 - 0x00007ff9a3ae6000 	C:\Windows\System32\win32u.dll
0x00007ff9a3d70000 - 0x00007ff9a3d99000 	C:\Windows\System32\GDI32.dll
0x00007ff9a3c30000 - 0x00007ff9a3d4b000 	C:\Windows\System32\gdi32full.dll
0x00007ff9a3af0000 - 0x00007ff9a3c2f000 	C:\Windows\System32\wintypes.dll
0x00007ff99d270000 - 0x00007ff99d2a4000 	C:\Windows\SYSTEM32\WINMM.dll
0x00007ff9a26f0000 - 0x00007ff9a2718000 	C:\Windows\SYSTEM32\USERENV.dll
0x00007ff9a28c0000 - 0x00007ff9a28cc000 	C:\Windows\SYSTEM32\CRYPTBASE.DLL
0x00007ff9a5bd0000 - 0x00007ff9a5c01000 	C:\Windows\System32\IMM32.DLL
0x00007ff9a1070000 - 0x00007ff9a198a000 	C:\Windows\SYSTEM32\windows.storage.dll
0x00007ff9a5df0000 - 0x00007ff9a5efa000 	C:\Windows\System32\SHCORE.dll
0x00007ff9a5cc0000 - 0x00007ff9a5d23000 	C:\Windows\System32\shlwapi.dll
0x00007ff9a30f0000 - 0x00007ff9a311b000 	C:\Windows\SYSTEM32\profapi.dll
0x00007ff9a2290000 - 0x00007ff9a22c4000 	C:\Windows\SYSTEM32\ntmarta.dll
0x00007ff8f9810000 - 0x00007ff8fa5c7000 	C:\Program Files\JetBrains\JetBrains Rider 2024.2.6\jbr\bin\server\jvm.dll
0x00007ff9a5ac0000 - 0x00007ff9a5b31000 	C:\Windows\System32\WS2_32.dll
0x00007ff9a29c0000 - 0x00007ff9a2a0d000 	C:\Windows\SYSTEM32\POWRPROF.dll
0x00007ff9a2c30000 - 0x00007ff9a2c3a000 	C:\Windows\SYSTEM32\VERSION.dll
0x00007ff9a01a0000 - 0x00007ff9a01bb000 	C:\Program Files\JetBrains\JetBrains Rider 2024.2.6\jbr\bin\VCRUNTIME140.dll
0x00007ff9a01d0000 - 0x00007ff9a01dc000 	C:\Program Files\JetBrains\JetBrains Rider 2024.2.6\jbr\bin\VCRUNTIME140_1.dll
0x00007ff9a29a0000 - 0x00007ff9a29b3000 	C:\Windows\SYSTEM32\UMPDC.dll
0x00007ff9a0190000 - 0x00007ff9a019a000 	C:\Program Files\JetBrains\JetBrains Rider 2024.2.6\jbr\bin\jimage.dll
0x00007ff983130000 - 0x00007ff983162000 	C:\Windows\SYSTEM32\dbgcore.DLL
0x00007ff9a32b0000 - 0x00007ff9a332b000 	C:\Windows\System32\bcryptPrimitives.dll
0x00007ff99e960000 - 0x00007ff99e96e000 	C:\Program Files\JetBrains\JetBrains Rider 2024.2.6\jbr\bin\instrument.dll
0x00007ff99e940000 - 0x00007ff99e95f000 	C:\Program Files\JetBrains\JetBrains Rider 2024.2.6\jbr\bin\java.dll
0x00007ff99e920000 - 0x00007ff99e938000 	C:\Program Files\JetBrains\JetBrains Rider 2024.2.6\jbr\bin\jli.dll
0x00007ff991640000 - 0x00007ff9916f3000 	C:\Windows\WinSxS\amd64_microsoft.windows.common-controls_6595b64144ccf1df_5.82.22621.3527_none_b43b7f4b638cc64f\COMCTL32.dll
0x00007ff9a2180000 - 0x00007ff9a2198000 	C:\Windows\SYSTEM32\kernel.appcore.dll
0x00007ff99e750000 - 0x00007ff99e768000 	C:\Program Files\JetBrains\JetBrains Rider 2024.2.6\jbr\bin\zip.dll
0x00007ff99e740000 - 0x00007ff99e750000 	C:\Program Files\JetBrains\JetBrains Rider 2024.2.6\jbr\bin\net.dll
0x00007ff99d390000 - 0x00007ff99d4bc000 	C:\Windows\SYSTEM32\WINHTTP.dll
0x00007ff9a2600000 - 0x00007ff9a266a000 	C:\Windows\system32\mswsock.dll
0x00007ff99e6c0000 - 0x00007ff99e6d6000 	C:\Program Files\JetBrains\JetBrains Rider 2024.2.6\jbr\bin\nio.dll
0x00007ff99e730000 - 0x00007ff99e739000 	C:\Program Files\JetBrains\JetBrains Rider 2024.2.6\jbr\bin\management.dll
0x00007ff99e6b0000 - 0x00007ff99e6bb000 	C:\Program Files\JetBrains\JetBrains Rider 2024.2.6\jbr\bin\management_ext.dll
0x00007ff9a52d0000 - 0x00007ff9a52d8000 	C:\Windows\System32\PSAPI.DLL
0x00007ff971a60000 - 0x00007ff971a77000 	C:\Windows\system32\napinsp.dll
0x00007ff971a40000 - 0x00007ff971a5b000 	C:\Windows\system32\pnrpnsp.dll
0x00007ff9a1c60000 - 0x00007ff9a1d62000 	C:\Windows\SYSTEM32\DNSAPI.dll
0x00007ff9a1c30000 - 0x00007ff9a1c5d000 	C:\Windows\SYSTEM32\IPHLPAPI.DLL
0x00007ff9a5800000 - 0x00007ff9a5809000 	C:\Windows\System32\NSI.dll
0x00007ff971a20000 - 0x00007ff971a31000 	C:\Windows\System32\winrnr.dll
0x00007ff97ada0000 - 0x00007ff97adb5000 	C:\Windows\system32\wshbth.dll
0x00007ff970bd0000 - 0x00007ff970bf7000 	C:\Windows\system32\nlansp_c.dll
0x00007ff99c500000 - 0x00007ff99c50a000 	C:\Windows\System32\rasadhlp.dll
0x00007ff99c670000 - 0x00007ff99c6f3000 	C:\Windows\System32\fwpuclnt.dll
0x00007ff99e6a0000 - 0x00007ff99e6b0000 	C:\Program Files\JetBrains\JetBrains Rider 2024.2.6\jbr\bin\verify.dll
0x00007ff94a230000 - 0x00007ff94a3c8000 	C:\Program Files\JetBrains\JetBrains Rider 2024.2.6\jbr\bin\awt.dll
0x00007ff9a0be0000 - 0x00007ff9a0c0e000 	C:\Windows\SYSTEM32\dwmapi.dll
0x00007ff992620000 - 0x00007ff9926ad000 	C:\Program Files\JetBrains\JetBrains Rider 2024.2.6\bin\MSVCP140.dll
0x00007ff97fe40000 - 0x00007ff97fe84000 	C:\Program Files\JetBrains\JetBrains Rider 2024.2.6\jbr\bin\nvdaControllerClient64.dll
0x00007ff9a0370000 - 0x00007ff9a0407000 	C:\Windows\SYSTEM32\apphelp.dll
0x00007ff99e690000 - 0x00007ff99e699000 	C:\Program Files\JetBrains\JetBrains Rider 2024.2.6\jbr\bin\prefs.dll
0x00007ff99e680000 - 0x00007ff99e68e000 	C:\Program Files\JetBrains\JetBrains Rider 2024.2.6\jbr\bin\sunmscapi.dll
0x00007ff9a3790000 - 0x00007ff9a38f7000 	C:\Windows\System32\CRYPT32.dll
0x00007ff9a2b00000 - 0x00007ff9a2b2d000 	C:\Windows\SYSTEM32\ncrypt.dll
0x00007ff9a2ac0000 - 0x00007ff9a2af7000 	C:\Windows\SYSTEM32\NTASN1.dll
0x00007ff9a07b0000 - 0x00007ff9a0863000 	C:\Windows\system32\uxtheme.dll
0x00007ff9a52e0000 - 0x00007ff9a5440000 	C:\Windows\System32\MSCTF.dll
0x00007ff9a3eb0000 - 0x00007ff9a4051000 	C:\Windows\System32\ole32.dll
0x00007ff936040000 - 0x00007ff936048000 	C:\Windows\system32\wshunix.dll
0x00007ff99e5f0000 - 0x00007ff99e5f9000 	C:\Program Files\JetBrains\JetBrains Rider 2024.2.6\jbr\bin\extnet.dll
0x00007ff96ed30000 - 0x00007ff96edb7000 	C:\Program Files\JetBrains\JetBrains Rider 2024.2.6\jbr\bin\freetype.dll
0x00007ff920470000 - 0x00007ff920555000 	C:\Program Files\JetBrains\JetBrains Rider 2024.2.6\jbr\bin\fontmanager.dll
0x00007ff95b5d0000 - 0x00007ff95b6d0000 	C:\Windows\system32\opengl32.dll
0x00007ff957770000 - 0x00007ff95779d000 	C:\Windows\SYSTEM32\GLU32.dll
0x00007ff9a08b0000 - 0x00007ff9a08e7000 	C:\Windows\SYSTEM32\dxcore.dll
0x00007ff977790000 - 0x00007ff9777d5000 	C:\Program Files\JetBrains\JetBrains Rider 2024.2.6\lib\jna\amd64\jnidispatch.dll
0x00007ff9a28d0000 - 0x00007ff9a28eb000 	C:\Windows\SYSTEM32\CRYPTSP.dll
0x00007ff9a20e0000 - 0x00007ff9a2117000 	C:\Windows\system32\rsaenh.dll
0x00007ff9a2920000 - 0x00007ff9a2932000 	C:\Windows\SYSTEM32\MSASN1.dll
0x00007ff99ceb0000 - 0x00007ff99cec9000 	C:\Windows\SYSTEM32\dhcpcsvc6.DLL
0x00007ff99ce90000 - 0x00007ff99ceaf000 	C:\Windows\SYSTEM32\dhcpcsvc.DLL
0x00007ff9921a0000 - 0x00007ff99235a000 	C:\Windows\WinSxS\amd64_microsoft.windows.gdiplus_6595b64144ccf1df_1.1.22621.5124_none_57f98234ce19506b\gdiplus.dll
0x00007ff994c00000 - 0x00007ff994d44000 	C:\Windows\SYSTEM32\textinputframework.dll
0x00007ff99f8e0000 - 0x00007ff99fa15000 	C:\Windows\SYSTEM32\CoreMessaging.dll
0x00007ff99a830000 - 0x00007ff99ab9c000 	C:\Windows\SYSTEM32\CoreUIComponents.dll
0x00007ff9a5d40000 - 0x00007ff9a5df0000 	C:\Windows\System32\clbcatq.dll
0x00007ff991ee0000 - 0x00007ff992178000 	C:\Windows\WinSxS\amd64_microsoft.windows.common-controls_6595b64144ccf1df_6.0.22621.5124_none_270e8f4f7386d69d\comctl32.dll
0x00007ff9a05a0000 - 0x00007ff9a0750000 	C:\Windows\SYSTEM32\WindowsCodecs.dll
0x00007ff979980000 - 0x00007ff9799de000 	C:\Windows\system32\dataexchange.dll
0x00007ff9979e0000 - 0x00007ff997c86000 	C:\Windows\system32\twinapi.appcore.dll
0x00007ff901b30000 - 0x00007ff901b68000 	C:\Program Files\JetBrains\JetBrains Rider 2024.2.6\bin\WinShellIntegrationBridge.dll
0x00007ff97ab40000 - 0x00007ff97abf3000 	C:\Windows\System32\appresolver.dll
0x00007ff99d150000 - 0x00007ff99d257000 	C:\Windows\system32\propsys.dll
0x00007ff994720000 - 0x00007ff994780000 	C:\Windows\System32\Bcp47Langs.dll
0x00007ff9a48e0000 - 0x00007ff9a495d000 	C:\Windows\System32\coml2.dll
0x00007ff91cae0000 - 0x00007ff91cc95000 	C:\Windows\System32\TaskFlowDataEngine.dll
0x00007ff993a50000 - 0x00007ff993b01000 	C:\Windows\System32\OneCoreCommonProxyStub.dll
0x00007ff9a2e60000 - 0x00007ff9a2eae000 	C:\Windows\SYSTEM32\CFGMGR32.dll
0x00007ff977da0000 - 0x00007ff977dad000 	C:\Windows\SYSTEM32\LINKINFO.dll
0x00007ff978840000 - 0x00007ff9788ed000 	C:\Windows\SYSTEM32\ntshrui.dll
0x00007ff9a23e0000 - 0x00007ff9a2423000 	C:\Windows\SYSTEM32\SspiCli.dll
0x00007ff983290000 - 0x00007ff9832b8000 	C:\Windows\SYSTEM32\srvcli.dll
0x00007ff9786b0000 - 0x00007ff9786c2000 	C:\Windows\SYSTEM32\cscapi.dll
0x00007ff99e970000 - 0x00007ff99ea15000 	C:\Windows\SYSTEM32\policymanager.dll
0x00007ff99dfd0000 - 0x00007ff99e063000 	C:\Windows\SYSTEM32\msvcp110_win.dll
0x00007ff9a2ed0000 - 0x00007ff9a2eda000 	C:\Windows\SYSTEM32\DPAPI.dll
0x00007ff997d50000 - 0x00007ff997d60000 	C:\Windows\system32\wbem\wbemprox.dll
0x00007ff996340000 - 0x00007ff9963c0000 	C:\Windows\SYSTEM32\wbemcomn.dll
0x00007ff991920000 - 0x00007ff991934000 	C:\Windows\system32\wbem\wbemsvc.dll
0x00007ff991940000 - 0x00007ff991a38000 	C:\Windows\system32\wbem\fastprox.dll
0x00007ff991500000 - 0x00007ff99151d000 	C:\Windows\SYSTEM32\amsi.dll
0x00007ff9a1f30000 - 0x00007ff9a1f44000 	C:\Windows\system32\Wtsapi32.dll
0x00007ff9a2850000 - 0x00007ff9a28bd000 	C:\Windows\SYSTEM32\WINSTA.dll
0x00007ff995de0000 - 0x00007ff995fd5000 	C:\Windows\SYSTEM32\urlmon.dll
0x00007ff9834d0000 - 0x00007ff98378f000 	C:\Windows\SYSTEM32\iertutil.dll
0x00007ff9a1bb0000 - 0x00007ff9a1bbc000 	C:\Windows\SYSTEM32\netutils.dll
0x00007ff97e020000 - 0x00007ff97e041000 	C:\Windows\System32\Windows.Shell.ServiceHostBuilder.dll
0x00007ff996650000 - 0x00007ff996c80000 	C:\Windows\System32\OneCoreUAPCommonProxyStub.dll
0x00007ff99b500000 - 0x00007ff99b63f000 	C:\Windows\System32\Windows.System.Launcher.dll
0x00007ff99c8c0000 - 0x00007ff99c8da000 	C:\Windows\SYSTEM32\windows.staterepositorycore.dll

dbghelp: loaded successfully - version: 4.0.5 - missing functions: none
symbol engine: initialized successfully - sym options: 0x614 - pdb path: .;C:\Program Files\JetBrains\JetBrains Rider 2024.2.6\bin;C:\Windows\SYSTEM32;C:\Program Files\JetBrains\JetBrains Rider 2024.2.6\jbr\bin\server;C:\Program Files\JetBrains\JetBrains Rider 2024.2.6\jbr\bin;C:\Windows\WinSxS\amd64_microsoft.windows.common-controls_6595b64144ccf1df_5.82.22621.3527_none_b43b7f4b638cc64f;C:\Program Files\JetBrains\JetBrains Rider 2024.2.6\lib\jna\amd64;C:\Windows\WinSxS\amd64_microsoft.windows.gdiplus_6595b64144ccf1df_1.1.22621.5124_none_57f98234ce19506b;C:\Windows\WinSxS\amd64_microsoft.windows.common-controls_6595b64144ccf1df_6.0.22621.5124_none_270e8f4f7386d69d;C:\Windows\system32\wbem

VM Arguments:
jvm_args: abort vfprintf -XX:ErrorFile=C:\Users\VadimPC\java_error_in_rider_%p.log -XX:HeapDumpPath=C:\Users\VadimPC\java_error_in_rider.hprof -Xms128m -Xmx2048m -XX:+HeapDumpOnOutOfMemoryError -XX:-OmitStackTraceInFastThrow -XX:+IgnoreUnrecognizedVMOptions -ea -Dsun.io.useCanonCaches=false -Dsun.java2d.metal=true -Djbr.catch.SIGABRT=true -Djdk.http.auth.tunneling.disabledSchemes="" -Djdk.attach.allowAttachSelf=true -Djdk.module.illegalAccess.silent=true -Dkotlinx.coroutines.debug=off -XX:CICompilerCount=2 -XX:ReservedCodeCacheSize=512m -XX:+UnlockDiagnosticVMOptions -XX:TieredOldPercentage=100000 -javaagent:c:\jetbra\ja-netfilter.jar=jetbrains --add-opens=java.base/jdk.internal.org.objectweb.asm=ALL-UNNAMED --add-opens=java.base/jdk.internal.org.objectweb.asm.tree=ALL-UNNAMED -Xms128m -Xmx3981m -XX:ReservedCodeCacheSize=512m -XX:+IgnoreUnrecognizedVMOptions -XX:+UseG1GC -XX:SoftRefLRUPolicyMSPerMB=50 -XX:CICompilerCount=2 -XX:+HeapDumpOnOutOfMemoryError -XX:-OmitStackTraceInFastThrow -ea -Dsun.io.useCanonCaches=false -Djdk.http.auth.tunneling.disabledSchemes="" -Djdk.attach.allowAttachSelf=true -Djdk.module.illegalAccess.silent=true -Dkotlinx.coroutines.debug=off -XX:ErrorFile=$USER_HOME/java_error_in_idea_%p.log -XX:HeapDumpPath=$USER_HOME/java_error_in_idea.hprof --add-opens=java.base/jdk.internal.org.objectweb.asm=ALL-UNNAMED --add-opens=java.base/jdk.internal.org.objectweb.asm.tree=ALL-UNNAMED -javaagent:D:\Program Files\Rider\jetbra\jetbra\ja-netfilter.jar=jetbrains -Djb.vmOptionsFile=D:\Program Files\Rider\jetbra\jetbra\vmoptions\rider.vmoptions -Djava.system.class.loader=com.intellij.util.lang.PathClassLoader -Didea.vendor.name=JetBrains -Didea.paths.selector=Rider2024.2 -Djna.boot.library.path=C:\Program Files\JetBrains\JetBrains Rider 2024.2.6/lib/jna/amd64 -Dpty4j.preferred.native.folder=C:\Program Files\JetBrains\JetBrains Rider 2024.2.6/lib/pty4j -Djna.nosys=true -Djna.noclasspath=true -Dintellij.platform.runtime.repository.path=C:\Program Files\JetBrains\JetBrains Rider 2024.2.6/modules/module-descriptors.jar -Didea.platform.prefix=Rider -Dide.native.launcher=true -Didea.class.before.app=com.jetbrains.rider.protocol.EarlyBackendStarter -Didea.show.customize.ide.wizard=true -DFilePageCache.THROW_ERROR_ON_DUPLICATE_STORAGE_REGISTRATION=false -Dsplash=true -Daether.connector.resumeDownloads=false --add-opens=java.base/java.io=ALL-UNNAMED --add-opens=java.base/java.lang=ALL-UNNAMED --add-opens=java.base/java.lang.ref=ALL-UNNAMED --add-opens=java.base/java.lang.reflect=ALL-UNNAMED --add-opens=java.base/java.net=ALL-UNNAMED --add-opens=java.base/java.nio=ALL-UNNAMED --add-opens=java.base/java.nio.charset=ALL-UNNAMED --add-opens=java.base/java.text=ALL-UNNAMED --add-opens=java.base/java.time=ALL-UNNAMED --add-opens=java.base/java.util=ALL-UNNAMED --add-opens=java.base/java.util.concurrent=ALL-UNNAMED --add-opens=java.base/java.util.concurrent.atomic=ALL-UNNAMED --add-opens=java.base/java.util.concurrent.locks=ALL-UNNAMED --add-opens=java.base/jdk.internal.vm=ALL-UNNAMED --add-opens=java.base/sun.net.dns=ALL-UNNAMED --add-opens=java.base/sun.nio.ch=ALL-UNNAMED --add-opens=java.base/sun.nio.fs=ALL-UNNAMED --add-opens=java.base/sun.security.ssl=ALL-UNNAMED --add-opens=java.base/sun.security.util=ALL-UNNAMED --add-opens=java.desktop/com.sun.java.swing=ALL-UNNAMED --add-opens=java.desktop/java.awt=ALL-UNNAMED --add-opens=java.desktop/java.awt.dnd.peer=ALL-UNNAMED --add-opens=java.desktop/java.awt.event=ALL-UNNAMED --add-opens=java.desktop/java.awt.font=ALL-UNNAMED --add-opens=java.desktop/java.awt.image=ALL-UNNAMED --add-opens=java.desktop/java.awt.peer=ALL-UNNAMED --add-opens=java.desktop/javax.swing=ALL-UNNAMED --add-opens=java.desktop/javax.swing.plaf.basic=ALL-UNNAMED --add-opens=java.desktop/javax.swing.text=ALL-UNNAMED --add-opens=java.desktop/javax.swing.text.html=ALL-UNNAMED --add-opens=java.desktop/sun.awt=ALL-UNNAMED --add-opens=java.desktop/sun.awt.datatransfer=ALL-UNNAMED --add-opens=java.desktop/sun.awt.image=ALL-UNNAMED --add-opens=java.desktop/sun.awt.windows=ALL-UNNAMED --add-opens=java.desktop/sun.font=ALL-UNNAMED --add-opens=java.desktop/sun.java2d=ALL-UNNAMED --add-opens=java.desktop/sun.swing=ALL-UNNAMED --add-opens=java.management/sun.management=ALL-UNNAMED --add-opens=jdk.attach/sun.tools.attach=ALL-UNNAMED --add-opens=jdk.compiler/com.sun.tools.javac.api=ALL-UNNAMED --add-opens=jdk.internal.jvmstat/sun.jvmstat.monitor=ALL-UNNAMED --add-opens=jdk.jdi/com.sun.tools.jdi=ALL-UNNAMED -Dide.native.launcher=true -Djcef.sandbox.ptr=00000184D69A4CD0 -Djcef.sandbox.cefVersion=122.1.9+gd14e051+chromium-122.0.6261.94 
java_command: com.intellij.idea.Main D:\Repository\Restoran3.0\Restoran3.0.sln --line -1 --column -1 D:\Repository\Restoran3.0\Assets\Scripts\UI\Screens\ShopContent\ShopPages\PageContents\ProductsPage\ProductsScrollContent.cs
java_class_path (initial): C:\Program Files\JetBrains\JetBrains Rider 2024.2.6\lib\platform-loader.jar;C:\Program Files\JetBrains\JetBrains Rider 2024.2.6\lib\util-8.jar;C:\Program Files\JetBrains\JetBrains Rider 2024.2.6\lib\util.jar;C:\Program Files\JetBrains\JetBrains Rider 2024.2.6\lib\app-client.jar;C:\Program Files\JetBrains\JetBrains Rider 2024.2.6\lib\util_rt.jar;C:\Program Files\JetBrains\JetBrains Rider 2024.2.6\lib\product.jar;C:\Program Files\JetBrains\JetBrains Rider 2024.2.6\lib\opentelemetry.jar;C:\Program Files\JetBrains\JetBrains Rider 2024.2.6\lib\app.jar;C:\Program Files\JetBrains\JetBrains Rider 2024.2.6\lib\product-client.jar;C:\Program Files\JetBrains\JetBrains Rider 2024.2.6\lib\lib-client.jar;C:\Program Files\JetBrains\JetBrains Rider 2024.2.6\lib\stats.jar;C:\Program Files\JetBrains\JetBrains Rider 2024.2.6\lib\jps-model.jar;C:\Program Files\JetBrains\JetBrains Rider 2024.2.6\lib\external-system-rt.jar;C:\Program Files\JetBrains\JetBrains Rider 2024.2.6\lib\rd.jar;C:\Program Files\JetBrains\JetBrains Rider 2024.2.6\lib\bouncy-castle.jar;C:\Program Files\JetBrains\JetBrains Rider 2024.2.6\lib\protobuf.jar;C:\Program Files\JetBrains\JetBrains Rider 2024.2.6\lib\forms_rt.jar;C:\Program Files\JetBrains\JetBrains Rider 2024.2.6\lib\lib.jar;C:\Program Files\JetBrains\JetBrains Rider 2024.2.6\lib\externalProcess-rt.jar;C:\Program Files\JetBrains\JetBrains Rider 2024.2.6\lib\groovy.jar;C:\Program Files\JetBrains\JetBrains Rider 2024.2.6\lib\annotations.jar;C:\Program Files\JetBrains\JetBrains Rider 2024.2.6\lib\jsch-agent.jar;C:\Program Files\JetBrains\JetBrains Rider 2024.2.6\lib\nio-fs.jar;C:\Program Files\JetBrains\JetBrains Rider 2024.2.6\lib\trove.jar
Launcher Type: generic

[Global flags]
     intx CICompilerCount                          = 2                                         {product} {command line}
     uint ConcGCThreads                            = 3                                         {product} {ergonomic}
    ccstr ErrorFile                                = $USER_HOME/java_error_in_idea_%p.log            {product} {command line}
     uint G1ConcRefinementThreads                  = 13                                        {product} {ergonomic}
   size_t G1HeapRegionSize                         = 2097152                                   {product} {ergonomic}
    uintx GCDrainStackTargetSize                   = 64                                        {product} {ergonomic}
     bool HeapDumpOnOutOfMemoryError               = true                                   {manageable} {command line}
    ccstr HeapDumpPath                             = $USER_HOME/java_error_in_idea.hprof         {manageable} {command line}
     bool IgnoreUnrecognizedVMOptions              = true                                      {product} {command line}
   size_t InitialHeapSize                          = 134217728                                 {product} {command line}
   size_t MarkStackSize                            = 4194304                                   {product} {ergonomic}
   size_t MaxHeapSize                              = 4175429632                                {product} {command line, ergonomic}
   size_t MaxNewSize                               = 2503999488                                {product} {ergonomic}
   size_t MinHeapDeltaBytes                        = 2097152                                   {product} {ergonomic}
   size_t MinHeapSize                              = 134217728                                 {product} {command line}
    uintx NonNMethodCodeHeapSize                   = 5826188                                {pd product} {ergonomic}
    uintx NonProfiledCodeHeapSize                  = 265522362                              {pd product} {ergonomic}
     bool OmitStackTraceInFastThrow                = false                                     {product} {command line}
    uintx ProfiledCodeHeapSize                     = 265522362                              {pd product} {ergonomic}
    uintx ReservedCodeCacheSize                    = 536870912                              {pd product} {command line}
     bool SegmentedCodeCache                       = true                                      {product} {ergonomic}
   size_t SoftMaxHeapSize                          = 4175429632                             {manageable} {ergonomic}
     intx SoftRefLRUPolicyMSPerMB                  = 50                                        {product} {command line}
     intx TieredOldPercentage                      = 100000                                 {diagnostic} {command line}
     bool UnlockDiagnosticVMOptions                = true                                   {diagnostic} {command line}
     bool UseCompressedOops                        = true                           {product lp64_product} {ergonomic}
     bool UseG1GC                                  = true                                      {product} {command line}
     bool UseLargePagesIndividualAllocation        = false                                  {pd product} {ergonomic}

Logging:
Log output configuration:
 #0: stdout all=warning uptime,level,tags foldmultilines=false
 #1: stderr all=off uptime,level,tags foldmultilines=false

Environment Variables:
PATH=C:\Windows\system32;C:\Windows;C:\Windows\System32\Wbem;C:\Windows\System32\WindowsPowerShell\v1.0\;C:\Windows\System32\OpenSSH\;C:\Program Files\dotnet\;C:\Program Files\Git\cmd;C:\Program Files\AmneziaWG\;C:\Program Files (x86)\NVIDIA Corporation\PhysX\Common;C:\Program Files\NVIDIA Corporation\NVIDIA App\NvDLISR;C:\Users\VadimPC\AppData\Local\Microsoft\WindowsApps;C:\Users\VadimPC\.dotnet\tools;C:\Users\VadimPC\AppData\Local\GitHubDesktop\bin
USERNAME=VadimPC
OS=Windows_NT
PROCESSOR_IDENTIFIER=AMD64 Family 25 Model 97 Stepping 2, AuthenticAMD
TMP=C:\Users\VadimPC\AppData\Local\Temp
TEMP=C:\Users\VadimPC\AppData\Local\Temp




Periodic native trim disabled

JNI global refs:
JNI global refs: 138, weak refs: 1177

JNI global refs memory usage: 2099, weak refs: 13801

Process memory usage:
Resident Set Size: 2800436K (8% of 32614380K total physical memory with 10160692K free physical memory)

OOME stack traces (most recent first):
Classloader memory used:
Loader com.intellij.util.lang.PathClassLoader                                          : 248M
Loader com.intellij.ide.plugins.cl.PluginClassLoader                                   : 88724K
Loader bootstrap                                                                       : 65085K
Loader jdk.internal.loader.ClassLoaders$PlatformClassLoader                            : 2326K
Loader jdk.internal.loader.ClassLoaders$AppClassLoader                                 : 625K
Loader jdk.internal.reflect.DelegatingClassLoader                                      : 9936B
Loader sun.reflect.misc.MethodUtil                                                     : 4216B

Classes loaded by more than one classloader:
Class kotlin.collections.CollectionsKt                                                : loaded 3 times (x 67B)
Class kotlin.NotImplementedError                                                      : loaded 3 times (x 78B)
Class kotlin.coroutines.jvm.internal.SuspendFunction                                  : loaded 3 times (x 66B)
Class kotlin.collections.CollectionsKt__ReversedViewsKt                               : loaded 3 times (x 67B)
Class kotlin.jvm.internal.markers.KMappedMarker                                       : loaded 3 times (x 66B)
Class kotlin.KotlinNullPointerException                                               : loaded 3 times (x 79B)
Class kotlin.collections.CollectionsKt__IterablesKt                                   : loaded 3 times (x 67B)
Class kotlin.jvm.internal.Intrinsics                                                  : loaded 3 times (x 67B)
Class kotlin.coroutines.intrinsics.IntrinsicsKt                                       : loaded 3 times (x 67B)
Class kotlin.collections.CollectionsKt__MutableCollectionsJVMKt                       : loaded 3 times (x 67B)
Class kotlin.annotation.Retention                                                     : loaded 3 times (x 66B)
Class kotlin.collections.CollectionsKt___CollectionsKt                                : loaded 3 times (x 67B)
Class kotlin.annotation.Target                                                        : loaded 3 times (x 66B)
Class kotlin.collections.CollectionsKt___CollectionsJvmKt                             : loaded 3 times (x 67B)
Class kotlin.collections.CollectionsKt__IteratorsKt                                   : loaded 3 times (x 67B)
Class kotlin.collections.CollectionsKt__CollectionsJVMKt                              : loaded 3 times (x 67B)
Class kotlin.coroutines.intrinsics.IntrinsicsKt__IntrinsicsKt                         : loaded 3 times (x 67B)
Class kotlin.coroutines.intrinsics.IntrinsicsKt__IntrinsicsJvmKt                      : loaded 3 times (x 67B)
Class kotlin.UninitializedPropertyAccessException                                     : loaded 3 times (x 78B)
Class kotlin.Metadata                                                                 : loaded 3 times (x 66B)
Class com.intellij.ultimate.PluginVerifier                                            : loaded 3 times (x 67B)
Class kotlin.ResultKt                                                                 : loaded 3 times (x 67B)
Class kotlin.collections.EmptyList                                                    : loaded 3 times (x 170B)
Class kotlin.collections.CollectionsKt__MutableCollectionsKt                          : loaded 3 times (x 67B)
Class kotlin.collections.CollectionsKt__IteratorsJVMKt                                : loaded 3 times (x 67B)
Class kotlin.jvm.internal.FunctionBase                                                : loaded 3 times (x 66B)
Class kotlin.collections.CollectionsKt__CollectionsKt                                 : loaded 3 times (x 67B)
Class kotlin.coroutines.jvm.internal.SuspendLambda                                    : loaded 3 times (x 87B)
Class ai.grazie.utils.TextKt                                                          : loaded 2 times (x 67B)
Class kotlinx.html.SectioningOrFlowContent                                            : loaded 2 times (x 66B)
Class ai.grazie.nlp.patterns.standard.StrictPatterns$LatinPhrase$1$1                  : loaded 2 times (x 74B)
Class kotlin.text.StringsKt__StringNumberConversionsJVMKt                             : loaded 2 times (x 67B)
Class kotlinx.html.FlowOrMetaDataContent                                              : loaded 2 times (x 66B)
Class ai.grazie.nlp.patterns.MatchPattern                                             : loaded 2 times (x 66B)
Class kotlin.text.StringsKt__RegexExtensionsJVMKt                                     : loaded 2 times (x 67B)
Class kotlin.collections.ArraysKt___ArraysJvmKt                                       : loaded 2 times (x 67B)
Class kotlinx.html.stream.HTMLStreamBuilder                                           : loaded 2 times (x 80B)
Class [Lai.grazie.nlp.langs.alphabet.Alphabet$Group;                                  : loaded 2 times (x 65B)
Class ai.grazie.nlp.langs.alphabet.Alphabet$Group                                     : loaded 2 times (x 75B)
Class kotlinx.html.Unsafe                                                             : loaded 2 times (x 66B)
Class kotlinx.html.FlowOrHeadingContent                                               : loaded 2 times (x 66B)
Class ai.grazie.nlp.patterns.standard.LikelyPatterns$IsCompositeInflection$1$1        : loaded 2 times (x 91B)
Class ai.grazie.nlp.langs.Language$Companion                                          : loaded 2 times (x 67B)
Class kotlin.comparisons.ComparisonsKt___ComparisonsJvmKt                             : loaded 2 times (x 67B)
Class kotlinx.html.Tag                                                                : loaded 2 times (x 66B)
Class ai.grazie.nlp.patterns.Pattern$Exclusion                                        : loaded 2 times (x 89B)
Class ai.grazie.nlp.patterns.standard.LikelyPatterns$ChatTextEmoji$1                  : loaded 2 times (x 91B)
Class ai.grazie.nlp.patterns.standard.LikelyPatterns$IsMention$1$1                    : loaded 2 times (x 91B)
Class kotlinx.html.HTMLTag                                                            : loaded 2 times (x 97B)
Class kotlinx.html.PhrasingContent                                                    : loaded 2 times (x 66B)
Class ai.grazie.nlp.tokenizer.Tokenizer$Keys                                          : loaded 2 times (x 67B)
Class kotlinx.html.TagConsumer                                                        : loaded 2 times (x 66B)
Class kotlinx.html.consumers.FinalizeConsumer                                         : loaded 2 times (x 80B)
Class ai.grazie.DataHolder$Key                                                        : loaded 2 times (x 67B)
Class kotlinx.html.H1                                                                 : loaded 2 times (x 131B)
Class ai.grazie.text.Text                                                             : loaded 2 times (x 81B)
Class ai.grazie.DataHolder                                                            : loaded 2 times (x 68B)
Class kotlin.text.CharsKt                                                             : loaded 2 times (x 67B)
Class ai.grazie.nlp.patterns.standard.LikelyPatterns$Chemical$1$1                     : loaded 2 times (x 91B)
Class ai.grazie.nlp.tokenizer.Tokenizer                                               : loaded 2 times (x 66B)
Class kotlin.coroutines.jvm.internal.DebugMetadata                                    : loaded 2 times (x 66B)
Class kotlinx.html.FlowOrMetaDataOrPhrasingContent                                    : loaded 2 times (x 66B)
Class ai.grazie.nlp.patterns.ext.AbbreviationPatterns                                 : loaded 2 times (x 67B)
Class ai.grazie.utils.CollectionsKt                                                   : loaded 2 times (x 67B)
Class ai.grazie.utils.mpp.RootDataLoader                                              : loaded 2 times (x 66B)
Class kotlin.collections.MapsKt__MapsJVMKt                                            : loaded 2 times (x 67B)
Class kotlin.time.DurationUnitKt__DurationUnitJvmKt                                   : loaded 2 times (x 67B)
Class ai.grazie.nlp.utils.Symbols                                                     : loaded 2 times (x 67B)
Class ai.grazie.nlp.patterns.standard.LikelyPatterns$ChainedName$1$1                  : loaded 2 times (x 91B)
Class ai.grazie.nlp.patterns.standard.LikelyPatterns$CommandLineOption$1              : loaded 2 times (x 91B)
Class ai.grazie.nlp.patterns.standard.LikelyPatterns$IsURL$1                          : loaded 2 times (x 89B)
Class ai.grazie.nlp.patterns.Pattern                                                  : loaded 2 times (x 66B)
Class kotlinx.html.HeadingContent                                                     : loaded 2 times (x 66B)
Class ai.grazie.utils.mpp.TextRegex                                                   : loaded 2 times (x 67B)
Class kotlin.collections.ArraysKt__ArraysKt                                           : loaded 2 times (x 67B)
Class ai.grazie.nlp.patterns.Pattern$After                                            : loaded 2 times (x 89B)
Class ai.grazie.nlp.langs.alphabet.Alphabet$Companion                                 : loaded 2 times (x 67B)
Class kotlin.internal.ProgressionUtilKt                                               : loaded 2 times (x 67B)
Class ai.grazie.nlp.patterns.ext.AbbreviationPatterns$All$1                           : loaded 2 times (x 91B)
Class ai.grazie.nlp.patterns.standard.LikelyPatterns                                  : loaded 2 times (x 67B)
Class ai.grazie.nlp.patterns.standard.StrictPatterns                                  : loaded 2 times (x 67B)
Class ai.grazie.nlp.patterns.AhoCorasickPattern$TrieNode                              : loaded 2 times (x 68B)
Class ai.grazie.nlp.tokenizer.NonDestructiveTokenizer                                 : loaded 2 times (x 66B)
Class ai.grazie.nlp.patterns.ext.AbbreviationPatterns$Ukrainian$1$1                   : loaded 2 times (x 91B)
Class kotlin.text.StringsKt__StringsJVMKt                                             : loaded 2 times (x 67B)
Class ai.grazie.nlp.patterns.AhoCorasickPattern$AhoCorasickBuilder                    : loaded 2 times (x 68B)
Class kotlin.text.StringsKt__IndentKt                                                 : loaded 2 times (x 67B)
Class kotlin.time.DurationUnit                                                        : loaded 2 times (x 75B)
Class ai.grazie.nlp.langs.alphabet.Alphabet$Group$1                                   : loaded 2 times (x 74B)
Class kotlinx.html.stream.StreamKt$createHTML$1                                       : loaded 2 times (x 74B)
Class ai.grazie.nlp.patterns.Pattern$Before                                           : loaded 2 times (x 92B)
Class ai.grazie.nlp.langs.alphabet.Alphabet$Group$2                                   : loaded 2 times (x 74B)
Class kotlin.collections.MapsKt__MapsKt                                               : loaded 2 times (x 67B)
Class kotlin.time.DurationUnitKt__DurationUnitKt                                      : loaded 2 times (x 67B)
Class ai.grazie.nlp.langs.alphabet.Alphabet$Group$3                                   : loaded 2 times (x 74B)
Class kotlinx.html.ApiKt                                                              : loaded 2 times (x 67B)
Class kotlinx.html.consumers.Finalize_consumerKt                                      : loaded 2 times (x 67B)
Class ai.grazie.nlp.langs.alphabet.Alphabet$Group$4                                   : loaded 2 times (x 74B)
Class ai.grazie.nlp.tokenizer.sequence.NonDestructiveCharSequenceTokenizer            : loaded 2 times (x 66B)
Class kotlin.text.StringsKt__AppendableKt                                             : loaded 2 times (x 67B)
Class [Lai.grazie.nlp.langs.LanguageISO;                                              : loaded 2 times (x 65B)
Class ai.grazie.nlp.patterns.standard.LikelyPatterns$IsIBAN$1$1                       : loaded 2 times (x 91B)
Class ai.grazie.nlp.patterns.LambdaMatchPattern                                       : loaded 2 times (x 71B)
Class [Lai.grazie.nlp.patterns.Pattern;                                               : loaded 2 times (x 65B)
Class ai.grazie.nlp.langs.alphabet.Alphabet$Group$5                                   : loaded 2 times (x 74B)
Class ai.grazie.nlp.langs.LanguageISO$Companion$1                                     : loaded 2 times (x 74B)
Class ai.grazie.nlp.langs.alphabet.Alphabet$Group$6                                   : loaded 2 times (x 74B)
Class ai.grazie.nlp.tokenizer.word.HeuristicWordTokenizer                             : loaded 2 times (x 82B)
Class ai.grazie.nlp.langs.alphabet.Alphabet$Group$7                                   : loaded 2 times (x 74B)
Class ai.grazie.nlp.patterns.standard.LikelyPatterns$IsEmail$1                        : loaded 2 times (x 91B)
Class ai.grazie.nlp.langs.Language$Companion$all$2                                    : loaded 2 times (x 74B)
Class ai.grazie.nlp.langs.alphabet.Alphabet$Group$8                                   : loaded 2 times (x 74B)
Class [Lai.grazie.nlp.langs.alphabet.Alphabet;                                        : loaded 2 times (x 65B)
Class ai.grazie.nlp.langs.Language$Companion$1                                        : loaded 2 times (x 74B)
Class kotlin.ranges.CharProgression$Companion                                         : loaded 2 times (x 67B)
Class [Lai.grazie.nlp.patterns.MatchPattern;                                          : loaded 2 times (x 65B)
Class kotlinx.html.CommonAttributeGroupFacadeFlowHeadingPhrasingContent               : loaded 2 times (x 66B)
Class kotlinx.html.FlowContent                                                        : loaded 2 times (x 66B)
Class kotlin.text.StringsKt                                                           : loaded 2 times (x 67B)
Class ai.grazie.nlp.langs.LanguageISO                                                 : loaded 2 times (x 75B)
Class kotlinx.html.HtmlBlockTag                                                       : loaded 2 times (x 66B)
Class ai.grazie.nlp.patterns.ext.AbbreviationPatterns$UpperCaseSequence$1             : loaded 2 times (x 91B)
Class [Lai.grazie.nlp.patterns.AhoCorasickPattern$AhoCorasickBuilder$AutomataBuilderNode;: loaded 2 times (x 65B)
Class kotlin.text.StringsKt__StringNumberConversionsKt                                : loaded 2 times (x 67B)
Class ai.grazie.nlp.patterns.standard.LikelyPatterns$IsFilePath$1$1                   : loaded 2 times (x 91B)
Class kotlin.jvm.internal.markers.KMutableMap                                         : loaded 2 times (x 66B)
Class kotlinx.html.consumers.Delayed_consumerKt                                       : loaded 2 times (x 67B)
Class ai.grazie.nlp.patterns.standard.LikelyPatterns$IsEncodedBinary$1                : loaded 2 times (x 74B)
Class ai.grazie.nlp.langs.alphabet.RegexAlphabet                                      : loaded 2 times (x 72B)
Class kotlinx.html.Tag$DefaultImpls                                                   : loaded 2 times (x 67B)
Class ai.grazie.nlp.patterns.AggregatedPattern                                        : loaded 2 times (x 91B)
Class kotlinx.html.FlowOrInteractiveContent                                           : loaded 2 times (x 66B)
Class ai.grazie.nlp.patterns.ext.AbbreviationPatterns$CaseDotVaryingAhoCorasickPattern: loaded 2 times (x 92B)
Class kotlinx.html.CommonAttributeGroupFacadeFlowHeadingContent                       : loaded 2 times (x 66B)
Class kotlin.text.StringsKt__RegexExtensionsKt                                        : loaded 2 times (x 67B)
Class kotlin.collections.EmptyIterator                                                : loaded 2 times (x 85B)
Class ai.grazie.nlp.patterns.Pattern$before$1                                         : loaded 2 times (x 92B)
Class ai.grazie.utils.CollectionFactory                                               : loaded 2 times (x 67B)
Class ai.grazie.utils.mpp.Resources                                                   : loaded 2 times (x 67B)
Class ai.grazie.utils.mpp.StreamDataLoader                                            : loaded 2 times (x 66B)
Class kotlin.collections.ArrayAsCollection                                            : loaded 2 times (x 101B)
Class kotlin.text.StringsKt__StringBuilderJVMKt                                       : loaded 2 times (x 67B)
Class com.jetbrains.rd.rdtext.intrinsics.RdTextChange                                 : loaded 2 times (x 71B)
Class ai.grazie.nlp.patterns.standard.LikelyPatterns$GeneratedId$1                    : loaded 2 times (x 91B)
Class ai.grazie.nlp.langs.alphabet.Alphabet$Group$Companion                           : loaded 2 times (x 67B)
Class kotlin.ranges.CharRange                                                         : loaded 2 times (x 83B)
Class kotlin.jvm.internal.Ref$ObjectRef                                               : loaded 2 times (x 68B)
Class kotlinx.html.stream.HTMLStreamBuilder$UnsafeImpl$1                              : loaded 2 times (x 75B)
Class kotlin.ranges.RangesKt__RangesKt                                                : loaded 2 times (x 67B)
Class kotlin.comparisons.ComparisonsKt__ComparisonsKt                                 : loaded 2 times (x 67B)
Class ai.grazie.nlp.patterns.standard.StrictPatterns$IsNumber$1                       : loaded 2 times (x 74B)
Class kotlin.text.CharsKt__CharJVMKt                                                  : loaded 2 times (x 67B)
Class kotlin.comparisons.ComparisonsKt                                                : loaded 2 times (x 67B)
Class kotlin.comparisons.ComparisonsKt___ComparisonsKt                                : loaded 2 times (x 67B)
Class ai.grazie.nlp.patterns.standard.LikelyPatterns$IsGermanNumeral$1                : loaded 2 times (x 91B)
Class kotlinx.html.impl.DelegatingMap                                                 : loaded 2 times (x 108B)
Class ai.grazie.nlp.langs.alphabet.NoneAlphabet                                       : loaded 2 times (x 72B)
Class [Lai.grazie.nlp.langs.Language;                                                 : loaded 2 times (x 65B)
Class ai.grazie.nlp.langs.alphabet.Alphabet                                           : loaded 2 times (x 72B)
Class kotlin.TuplesKt                                                                 : loaded 2 times (x 67B)
Class kotlin.time.DurationKt                                                          : loaded 2 times (x 67B)
Class ai.grazie.nlp.patterns.Pattern$afterWordBoundary$1                              : loaded 2 times (x 89B)
Class kotlin.ranges.RangesKt                                                          : loaded 2 times (x 67B)
Class kotlinx.html.HtmlBlockInlineTag                                                 : loaded 2 times (x 66B)
Class kotlinx.html.consumers.DelayedConsumer                                          : loaded 2 times (x 80B)
Class kotlin.collections.ArraysUtilJVM                                                : loaded 2 times (x 67B)
Class kotlinx.html.FlowPhrasingContent                                                : loaded 2 times (x 66B)
Class kotlin.collections.MapsKt___MapsJvmKt                                           : loaded 2 times (x 67B)
Class ai.grazie.text.TextRange                                                        : loaded 2 times (x 67B)
Class ai.grazie.utils.mpp.DataLoader                                                  : loaded 2 times (x 66B)
Class ai.grazie.nlp.patterns.standard.StrictPatterns$HasNoLetters$1                   : loaded 2 times (x 74B)
Class kotlin.jvm.internal.FunctionAdapter                                             : loaded 2 times (x 66B)
Class kotlin.ranges.CharRange$Companion                                               : loaded 2 times (x 67B)
Class kotlin.text.StringsKt___StringsJvmKt                                            : loaded 2 times (x 67B)
Class ai.grazie.utils.mpp.RootStreamDataLoader                                        : loaded 2 times (x 66B)
Class kotlin.collections.MapsKt___MapsKt                                              : loaded 2 times (x 67B)
Class kotlin.collections.ArraysKt___ArraysKt                                          : loaded 2 times (x 67B)
Class ai.grazie.nlp.patterns.standard.StrictPatterns$HasNumber$1                      : loaded 2 times (x 74B)
Class kotlin.collections.MapsKt__MapWithDefaultKt                                     : loaded 2 times (x 67B)
Class [Lkotlin.time.DurationUnit;                                                     : loaded 2 times (x 65B)
Class kotlinx.html.FlowOrInteractiveOrPhrasingContent                                 : loaded 2 times (x 66B)
Class kotlinx.html.stream.StreamKt                                                    : loaded 2 times (x 67B)
Class kotlin.text.StringsKt___StringsKt                                               : loaded 2 times (x 67B)
Class kotlinx.html.CommonAttributeGroupFacade                                         : loaded 2 times (x 66B)
Class ai.grazie.nlp.patterns.ext.AbbreviationPatterns$Russian$1                       : loaded 2 times (x 91B)
Class ai.grazie.nlp.langs.LanguageISO$Companion                                       : loaded 2 times (x 67B)
Class kotlin.collections.EmptyMap                                                     : loaded 2 times (x 105B)
Class ai.grazie.nlp.patterns.standard.StrictPatterns$IsApostrophe$1                   : loaded 2 times (x 74B)
Class ai.grazie.nlp.patterns.standard.LikelyPatterns$NameInitials$1                   : loaded 2 times (x 91B)
Class ai.grazie.utils.mpp.DataLoader$Path                                             : loaded 2 times (x 68B)
Class kotlin.collections.MapsKt                                                       : loaded 2 times (x 67B)
Class com.jetbrains.rd.rdtext.intrinsics.RdTextChange$Companion                       : loaded 2 times (x 67B)
Class ai.grazie.nlp.patterns.standard.LikelyPatterns$TicketName$1                     : loaded 2 times (x 91B)
Class ai.grazie.nlp.patterns.standard.LikelyPatterns$IsOrdinalNumeral$1               : loaded 2 times (x 91B)
Class ai.grazie.text.TextRange$Companion                                              : loaded 2 times (x 67B)
Class kotlin.ranges.RangesKt___RangesKt                                               : loaded 2 times (x 67B)
Class ai.grazie.nlp.patterns.standard.LikelyPatterns$PunctuationOperator$1$1          : loaded 2 times (x 91B)
Class kotlin.text.CharsKt__CharKt                                                     : loaded 2 times (x 67B)
Class kotlin.collections.ArraysKt                                                     : loaded 2 times (x 67B)
Class ai.grazie.nlp.tokenizer.sequence.CharSequenceTokenizer                          : loaded 2 times (x 66B)
Class ai.grazie.utils.mpp.FromResourcesDataLoader                                     : loaded 2 times (x 91B)
Class kotlin.collections.ArraysKt__ArraysJVMKt                                        : loaded 2 times (x 67B)
Class ai.grazie.nlp.patterns.RegexPattern                                             : loaded 2 times (x 91B)
Class kotlin.text.StringsKt__StringBuilderKt                                          : loaded 2 times (x 67B)
Class kotlin.NoWhenBranchMatchedException                                             : loaded 2 times (x 78B)
Class ai.grazie.nlp.patterns.standard.LikelyPatterns$ActionNameEllipsis$1             : loaded 2 times (x 91B)
Class ai.grazie.nlp.tokenizer.Tokenizer$Token                                         : loaded 2 times (x 68B)
Class ai.grazie.nlp.patterns.AhoCorasickPattern$AhoCorasickBuilder$AutomataBuilderNode: loaded 2 times (x 68B)
Class ai.grazie.nlp.langs.alphabet.SetBasedAlphabet                                   : loaded 2 times (x 72B)
Class kotlinx.html.HTMLTag$attributes$1                                               : loaded 2 times (x 75B)
Class kotlinx.html.HtmlInlineTag                                                      : loaded 2 times (x 66B)
Class kotlin.ranges.CharProgression                                                   : loaded 2 times (x 77B)
Class ai.grazie.nlp.patterns.standard.LikelyPatterns$IsIPv4$1                         : loaded 2 times (x 91B)
Class ai.grazie.nlp.patterns.Pattern$beforeWordBoundary$1                             : loaded 2 times (x 92B)
Class kotlin.jvm.internal.Ref$BooleanRef                                              : loaded 2 times (x 67B)
Class kotlin.text.StringsKt__StringsKt                                                : loaded 2 times (x 67B)
Class ai.grazie.nlp.langs.Language                                                    : loaded 2 times (x 75B)
Class kotlin.time.DurationUnitKt                                                      : loaded 2 times (x 67B)
Class ai.grazie.DataHolder$data$2                                                     : loaded 2 times (x 74B)
Class ai.grazie.nlp.patterns.AhoCorasickPattern                                       : loaded 2 times (x 92B)
Class kotlinx.html.FlowOrPhrasingContent                                              : loaded 2 times (x 66B)

---------------  S Y S T E M  ---------------

OS:
 Windows 11 , 64 bit Build 22621 (10.0.22621.5124)
OS uptime: 0 days 8:36 hours

CPU: total 16 (initial active 16) (16 cores per cpu, 2 threads per core) family 25 model 97 stepping 2 microcode 0x0, cx8, cmov, fxsr, ht, mmx, 3dnowpref, sse, sse2, sse3, ssse3, sse4a, sse4.1, sse4.2, popcnt, lzcnt, tsc, tscinvbit, avx, avx2, aes, erms, clmul, bmi1, bmi2, adx, avx512f, avx512dq, avx512cd, avx512bw, avx512vl, sha, fma, vzeroupper, avx512_vpopcntdq, avx512_vpclmulqdq, avx512_vaes, avx512_vnni, clflush, clflushopt, avx512_vbmi2, avx512_vbmi, rdtscp, rdpid, fsrm, gfni, avx512_bitalg, f16c, pku, cet_ss, avx512_ifma
Processor Information for all 16 processors :
  Max Mhz: 3801, Current Mhz: 3801, Mhz Limit: 3801

Memory: 4k page, system-wide physical 31849M (10108M free)
TotalPageFile size 44649M (AvailPageFile size 11384M)
current process WorkingSet (physical memory assigned to process): 2729M, peak: 3144M
current process commit charge ("private bytes"): 3066M, peak: 3344M

vm_info: OpenJDK 64-Bit Server VM (21.0.4+13-b509.17) for windows-amd64 JRE (21.0.4+13-b509.17), built on 2024-09-04 by "builduser" with MS VC++ 16.10 / 16.11 (VS2019)

END.
